{
"type": "FeatureCollection",
"name": "tiles",
"crs": { "type": "name", "properties": { "name": "urn:ogc:def:crs:OGC:1.3:CRS84" } },
"features": [
{ "type": "Feature", "properties": { "idx": "-2,-16" }, "geometry": { "type": "Polygon", "coordinates": [ [ [ 58.454677598662087, -67.501087066588852 ], [ 57.658302839845774, -68.640637498348326 ], [ 58.888093414058623, -69.409259827297291 ], [ 59.677617730710516, -68.231475642042568 ], [ 58.454677598662087, -67.501087066588852 ] ] ] } },
{ "type": "Feature", "properties": { "idx": "-1,-16" }, "geometry": { "type": "Polygon", "coordinates": [ [ [ 59.677617730710516, -68.231475642042568 ], [ 58.888093414058623, -69.409259827297291 ], [ 60.133327013205751, -70.189172832733504 ], [ 60.915619223411376, -68.969724594741024 ], [ 59.677617730710516, -68.231475642042568 ] ] ] } },
{ "type": "Feature", "properties": { "idx": "-2,-15" }, "geometry": { "type": "Polygon", "coordinates": [ [ [ 59.236042850250676, -66.399137215768079 ], [ 58.454677598662087, -67.501087066588852 ], [ 59.677617730710516, -68.231475642042568 ], [ 60.452079349338078, -67.096333898396239 ], [ 59.236042850250676, -66.399137215768079 ] ] ] } },
{ "type": "Feature", "properties": { "idx": "-1,-15" }, "geometry": { "type": "Polygon", "coordinates": [ [ [ 60.452079349338078, -67.096333898396239 ], [ 59.677617730710516, -68.231475642042568 ], [ 60.915619223411376, -68.969724594741024 ], [ 61.682805549806524, -67.79879267973908 ], [ 60.452079349338078, -67.096333898396239 ] ] ] } },
{ "type": "Feature", "properties": { "idx": "0,-15" }, "geometry": { "type": "Polygon", "coordinates": [ [ [ 61.682805549806524, -67.79879267973908 ], [ 60.915619223411376, -68.969724594741024 ], [ 62.168725226451166, -69.71678438836085 ], [ 62.928256665296139, -68.507117041014382 ], [ 61.682805549806524, -67.79879267973908 ] ] ] } },
{ "type": "Feature", "properties": { "idx": "1,-15" }, "geometry": { "type": "Polygon", "coordinates": [ [ [ 62.928256665296139, -68.507117041014382 ], [ 62.168725226451166, -69.71678438836085 ], [ 63.436968325656807, -70.473759438934735 ], [ 64.188457563295216, -69.221994920148092 ], [ 62.928256665296139, -68.507117041014382 ] ] ] } },
{ "type": "Feature", "properties": { "idx": "-2,-14" }, "geometry": { "type": "Polygon", "coordinates": [ [ [ 60.002762097234914, -65.329616186036802 ], [ 59.236042850250676, -66.399137215768079 ], [ 60.452079349338078, -67.096333898396239 ], [ 61.211849884710233, -65.997647888357989 ], [ 60.002762097234914, -65.329616186036802 ] ] ] } },
{ "type": "Feature", "properties": { "idx": "-1,-14" }, "geometry": { "type": "Polygon", "coordinates": [ [ [ 61.211849884710233, -65.997647888357989 ], [ 60.452079349338078, -67.096333898396239 ], [ 61.682805549806524, -67.79879267973908 ], [ 62.435265530248579, -66.66893193026057 ], [ 61.211849884710233, -65.997647888357989 ] ] ] } },
{ "type": "Feature", "properties": { "idx": "0,-14" }, "geometry": { "type": "Polygon", "coordinates": [ [ [ 62.435265530248579, -66.66893193026057 ], [ 61.682805549806524, -67.79879267973908 ], [ 62.928256665296139, -68.507117041014382 ], [ 63.673036849046177, -67.343840960695786 ], [ 62.435265530248579, -66.66893193026057 ] ] ] } },
{ "type": "Feature", "properties": { "idx": "1,-14" }, "geometry": { "type": "Polygon", "coordinates": [ [ [ 63.673036849046177, -67.343840960695786 ], [ 62.928256665296139, -68.507117041014382 ], [ 64.188457563295216, -69.221994920148092 ], [ 64.925181533628916, -68.022792721286294 ], [ 63.673036849046177, -67.343840960695786 ] ] ] } },
{ "type": "Feature", "properties": { "idx": "2,-14" }, "geometry": { "type": "Polygon", "coordinates": [ [ [ 64.925181533628916, -68.022792721286294 ], [ 64.188457563295216, -69.221994920148092 ], [ 65.463422224275575, -69.944215810729133 ], [ 66.19170664537846, -68.70625798748145 ], [ 64.925181533628916, -68.022792721286294 ] ] ] } },
{ "type": "Feature", "properties": { "idx": "3,-14" }, "geometry": { "type": "Polygon", "coordinates": [ [ [ 66.19170664537846, -68.70625798748145 ], [ 65.463422224275575, -69.944215810729133 ], [ 66.753153197441407, -70.674692445418444 ], [ 67.472608103945348, -69.394770327872664 ], [ 66.19170664537846, -68.70625798748145 ] ] ] } },
{ "type": "Feature", "properties": { "idx": "8,-14" }, "geometry": { "type": "Polygon", "coordinates": [ [ [ 72.739477303942138, -72.212931474664842 ], [ 72.059360588538581, -73.703547669830527 ], [ 73.422523186756351, -74.495834742845972 ], [ 74.091773742299353, -72.937930326589765 ], [ 72.739477303942138, -72.212931474664842 ] ] ] } },
{ "type": "Feature", "properties": { "idx": "9,-14" }, "geometry": { "type": "Polygon", "coordinates": [ [ [ 74.091773742299353, -72.937930326589765 ], [ 73.422523186756351, -74.495834742845972 ], [ 74.800196978283964, -75.306830418858397 ], [ 75.45815972335707, -73.673456659590101 ], [ 74.091773742299353, -72.937930326589765 ] ] ] } },
{ "type": "Feature", "properties": { "idx": "10,-14" }, "geometry": { "type": "Polygon", "coordinates": [ [ [ 75.45815972335707, -73.673456659590101 ], [ 74.800196978283964, -75.306830418858397 ], [ 76.192289442768626, -76.139919371129594 ], [ 76.838539141245136, -74.421091877786239 ], [ 75.45815972335707, -73.673456659590101 ] ] ] } },
{ "type": "Feature", "properties": { "idx": "-1,-13" }, "geometry": { "type": "Polygon", "coordinates": [ [ [ 61.95729115788253, -64.930490924511489 ], [ 61.211849884710233, -65.997647888357989 ], [ 62.435265530248579, -66.66893193026057 ], [ 63.173368377616555, -65.574306070576228 ], [ 61.95729115788253, -64.930490924511489 ] ] ] } },
{ "type": "Feature", "properties": { "idx": "0,-13" }, "geometry": { "type": "Polygon", "coordinates": [ [ [ 63.173368377616555, -65.574306070576228 ], [ 62.435265530248579, -66.66893193026057 ], [ 63.673036849046177, -67.343840960695786 ], [ 64.403442155996231, -66.220007755523667 ], [ 63.173368377616555, -65.574306070576228 ] ] ] } },
{ "type": "Feature", "properties": { "idx": "1,-13" }, "geometry": { "type": "Polygon", "coordinates": [ [ [ 64.403442155996231, -66.220007755523667 ], [ 63.673036849046177, -67.343840960695786 ], [ 64.925181533628916, -68.022792721286294 ], [ 65.647523520522853, -66.867834054427234 ], [ 64.403442155996231, -66.220007755523667 ] ] ] } },
{ "type": "Feature", "properties": { "idx": "2,-13" }, "geometry": { "type": "Polygon", "coordinates": [ [ [ 65.647523520522853, -66.867834054427234 ], [ 64.925181533628916, -68.022792721286294 ], [ 66.19170664537846, -68.70625798748145 ], [ 66.905613125903756, -67.5180487563659 ], [ 65.647523520522853, -66.867834054427234 ] ] ] } },
{ "type": "Feature", "properties": { "idx": "3,-13" }, "geometry": { "type": "Polygon", "coordinates": [ [ [ 66.905613125903756, -67.5180487563659 ], [ 66.19170664537846, -68.70625798748145 ], [ 67.472608103945348, -69.394770327872664 ], [ 68.177700775349095, -68.170945490892805 ], [ 66.905613125903756, -67.5180487563659 ] ] ] } },
{ "type": "Feature", "properties": { "idx": "4,-13" }, "geometry": { "type": "Polygon", "coordinates": [ [ [ 68.177700775349095, -68.170945490892805 ], [ 67.472608103945348, -69.394770327872664 ], [ 68.767870176450231, -70.088938209061993 ], [ 69.46376494271631, -68.82685270001636 ], [ 68.177700775349095, -68.170945490892805 ] ] ] } },
{ "type": "Feature", "properties": { "idx": "8,-13" }, "geometry": { "type": "Polygon", "coordinates": [ [ [ 73.405421411124209, -70.816580324178815 ], [ 72.739477303942138, -72.212931474664842 ], [ 74.091773742299353, -72.937930326589765 ], [ 74.746933293700152, -71.488752407109743 ], [ 73.405421411124209, -70.816580324178815 ] ] ] } },
{ "type": "Feature", "properties": { "idx": "9,-13" }, "geometry": { "type": "Polygon", "coordinates": [ [ [ 74.746933293700152, -71.488752407109743 ], [ 74.091773742299353, -72.937930326589765 ], [ 75.45815972335707, -73.673456659590101 ], [ 76.10212771601627, -72.166366693633776 ], [ 74.746933293700152, -71.488752407109743 ] ] ] } },
{ "type": "Feature", "properties": { "idx": "10,-13" }, "geometry": { "type": "Polygon", "coordinates": [ [ [ 76.10212771601627, -72.166366693633776 ], [ 75.45815972335707, -73.673456659590101 ], [ 76.838539141245136, -74.421091877786239 ], [ 77.470905452587189, -72.850150855887804 ], [ 76.10212771601627, -72.166366693633776 ] ] ] } },
{ "type": "Feature", "properties": { "idx": "1,-12" }, "geometry": { "type": "Polygon", "coordinates": [ [ [ 65.119838351138412, -65.130133471172243 ], [ 64.403442155996231, -66.220007755523667 ], [ 65.647523520522853, -66.867834054427234 ], [ 66.355855688900192, -65.750657103040751 ], [ 65.119838351138412, -65.130133471172243 ] ] ] } },
{ "type": "Feature", "properties": { "idx": "2,-12" }, "geometry": { "type": "Polygon", "coordinates": [ [ [ 66.355855688900192, -65.750657103040751 ], [ 65.647523520522853, -66.867834054427234 ], [ 66.905613125903756, -67.5180487563659 ], [ 67.605519937572538, -66.371939269168621 ], [ 66.355855688900192, -65.750657103040751 ] ] ] } },
{ "type": "Feature", "properties": { "idx": "3,-12" }, "geometry": { "type": "Polygon", "coordinates": [ [ [ 67.605519937572538, -66.371939269168621 ], [ 66.905613125903756, -67.5180487563659 ], [ 68.177700775349095, -68.170945490892805 ], [ 68.868815263121405, -66.994118004664514 ], [ 67.605519937572538, -66.371939269168621 ] ] ] } },
{ "type": "Feature", "properties": { "idx": "4,-12" }, "geometry": { "type": "Polygon", "coordinates": [ [ [ 68.868815263121405, -66.994118004664514 ], [ 68.177700775349095, -68.170945490892805 ], [ 69.46376494271631, -68.82685270001636 ], [ 70.145714822827756, -67.617344547443452 ], [ 68.868815263121405, -66.994118004664514 ] ] ] } },
{ "type": "Feature", "properties": { "idx": "8,-12" }, "geometry": { "type": "Polygon", "coordinates": [ [ [ 74.05759608439601, -69.495065941407077 ], [ 73.405421411124209, -70.816580324178815 ], [ 74.746933293700152, -71.488752407109743 ], [ 75.388408601954509, -70.124338296428022 ], [ 74.05759608439601, -69.495065941407077 ] ] ] } },
{ "type": "Feature", "properties": { "idx": "9,-12" }, "geometry": { "type": "Polygon", "coordinates": [ [ [ 75.388408601954509, -70.124338296428022 ], [ 74.746933293700152, -71.488752407109743 ], [ 76.10212771601627, -72.166366693633776 ], [ 76.732510740829852, -70.755697449511771 ], [ 75.388408601954509, -70.124338296428022 ] ] ] } },
{ "type": "Feature", "properties": { "idx": "10,-12" }, "geometry": { "type": "Polygon", "coordinates": [ [ [ 76.732510740829852, -70.755697449511771 ], [ 76.10212771601627, -72.166366693633776 ], [ 77.470905452587189, -72.850150855887804 ], [ 78.089800572674562, -71.389432366434377 ], [ 76.732510740829852, -70.755697449511771 ] ] ] } },
{ "type": "Feature", "properties": { "idx": "8,-11" }, "geometry": { "type": "Polygon", "coordinates": [ [ [ 74.696390942852418, -68.234597127148035 ], [ 74.05759608439601, -69.495065941407077 ], [ 75.388408601954509, -70.124338296428022 ], [ 76.016592476536999, -68.828134547047284 ], [ 74.696390942852418, -68.234597127148035 ] ] ] } },
{ "type": "Feature", "properties": { "idx": "9,-11" }, "geometry": { "type": "Polygon", "coordinates": [ [ [ 76.016592476536999, -68.828134547047284 ], [ 75.388408601954509, -70.124338296428022 ], [ 76.732510740829852, -70.755697449511771 ], [ 77.349704266415245, -69.421446820860908 ], [ 76.016592476536999, -68.828134547047284 ] ] ] } },
{ "type": "Feature", "properties": { "idx": "10,-11" }, "geometry": { "type": "Polygon", "coordinates": [ [ [ 77.349704266415245, -69.421446820860908 ], [ 76.732510740829852, -70.755697449511771 ], [ 78.089800572674562, -71.389432366434377 ], [ 78.695622059924418, -70.014585660282108 ], [ 77.349704266415245, -69.421446820860908 ] ] ] } },
{ "type": "Feature", "properties": { "idx": "11,-11" }, "geometry": { "type": "Polygon", "coordinates": [ [ [ 78.695622059924418, -70.014585660282108 ], [ 78.089800572674562, -71.389432366434377 ], [ 79.460162254118217, -72.025871106419999 ], [ 80.054228224065696, -70.607606747756819 ], [ 78.695622059924418, -70.014585660282108 ] ] ] } },
{ "type": "Feature", "properties": { "idx": "8,-10" }, "geometry": { "type": "Polygon", "coordinates": [ [ [ 75.322182500457075, -67.024973628031418 ], [ 74.696390942852418, -68.234597127148035 ], [ 76.016592476536999, -68.828134547047284 ], [ 76.631864243025788, -67.588149050763974 ], [ 75.322182500457075, -67.024973628031418 ] ] ] } },
{ "type": "Feature", "properties": { "idx": "9,-10" }, "geometry": { "type": "Polygon", "coordinates": [ [ [ 76.631864243025788, -67.588149050763974 ], [ 76.016592476536999, -68.828134547047284 ], [ 77.349704266415245, -69.421446820860908 ], [ 77.954089921568993, -68.149453873880148 ], [ 76.631864243025788, -67.588149050763974 ] ] ] } },
{ "type": "Feature", "properties": { "idx": "10,-10" }, "geometry": { "type": "Polygon", "coordinates": [ [ [ 77.954089921568993, -68.149453873880148 ], [ 77.349704266415245, -69.421446820860908 ], [ 78.695622059924418, -70.014585660282108 ], [ 79.288753304954341, -68.708807943751879 ], [ 77.954089921568993, -68.149453873880148 ] ] ] } },
{ "type": "Feature", "properties": { "idx": "11,-10" }, "geometry": { "type": "Polygon", "coordinates": [ [ [ 79.288753304954341, -68.708807943751879 ], [ 78.695622059924418, -70.014585660282108 ], [ 80.054228224065696, -70.607606747756819 ], [ 80.635735296932779, -69.266120768763088 ], [ 79.288753304954341, -68.708807943751879 ] ] ] } },
{ "type": "Feature", "properties": { "idx": "9,-9" }, "geometry": { "type": "Polygon", "coordinates": [ [ [ 77.234590220780646, -66.395370858481186 ], [ 76.631864243025788, -67.588149050763974 ], [ 77.954089921568993, -68.149453873880148 ], [ 78.546035994098162, -66.92926607571313 ], [ 77.234590220780646, -66.395370858481186 ] ] ] } },
{ "type": "Feature", "properties": { "idx": "10,-9" }, "geometry": { "type": "Polygon", "coordinates": [ [ [ 78.546035994098162, -66.92926607571313 ], [ 77.954089921568993, -68.149453873880148 ], [ 79.288753304954341, -68.708807943751879 ], [ 79.869564045436945, -67.459936497054386 ], [ 78.546035994098162, -66.92926607571313 ] ] ] } },
{ "type": "Feature", "properties": { "idx": "11,-9" }, "geometry": { "type": "Polygon", "coordinates": [ [ [ 79.869564045436945, -67.459936497054386 ], [ 79.288753304954341, -68.708807943751879 ], [ 80.635735296932779, -69.266120768763088 ], [ 81.205054112190609, -67.9872127823363 ], [ 79.869564045436945, -67.459936497054386 ] ] ] } },
{ "type": "Feature", "properties": { "idx": "30,-3" }, "geometry": { "type": "Polygon", "coordinates": [ [ [ 108.753889818780095, -67.17058222087131 ], [ 108.489491805771038, -68.498258240491552 ], [ 109.92889951940748, -68.744567187343421 ], [ 110.177770601458832, -67.40317029369028 ], [ 108.753889818780095, -67.17058222087131 ] ] ] } },
{ "type": "Feature", "properties": { "idx": "31,-3" }, "geometry": { "type": "Polygon", "coordinates": [ [ [ 110.177770601458832, -67.40317029369028 ], [ 109.92889951940748, -68.744567187343421 ], [ 111.373989245906131, -68.977466460379361 ], [ 111.607147063347185, -67.622817074123262 ], [ 110.177770601458832, -67.40317029369028 ] ] ] } },
{ "type": "Feature", "properties": { "idx": "29,-2" }, "geometry": { "type": "Polygon", "coordinates": [ [ [ 107.609424872961995, -65.664716882400498 ], [ 107.335824707413622, -66.925418281402898 ], [ 108.753889818780095, -67.17058222087131 ], [ 109.012470862920708, -65.897822706514745 ], [ 107.609424872961995, -65.664716882400498 ] ] ] } },
{ "type": "Feature", "properties": { "idx": "30,-2" }, "geometry": { "type": "Polygon", "coordinates": [ [ [ 109.012470862920708, -65.897822706514745 ], [ 108.753889818780095, -67.17058222087131 ], [ 110.177770601458832, -67.40317029369028 ], [ 110.421144765154935, -66.118739830212064 ], [ 109.012470862920708, -65.897822706514745 ] ] ] } },
{ "type": "Feature", "properties": { "idx": "31,-2" }, "geometry": { "type": "Polygon", "coordinates": [ [ [ 110.421144765154935, -66.118739830212064 ], [ 110.177770601458832, -67.40317029369028 ], [ 111.607147063347185, -67.622817074123262 ], [ 111.835135992521742, -66.327152443300022 ], [ 110.421144765154935, -66.118739830212064 ] ] ] } },
{ "type": "Feature", "properties": { "idx": "32,-2" }, "geometry": { "type": "Polygon", "coordinates": [ [ [ 111.835135992521742, -66.327152443300022 ], [ 111.607147063347185, -67.622817074123262 ], [ 113.041691236614639, -67.829163107409116 ], [ 113.254126400268632, -66.522751468384939 ], [ 111.835135992521742, -66.327152443300022 ] ] ] } },
{ "type": "Feature", "properties": { "idx": "52,-2" }, "geometry": { "type": "Polygon", "coordinates": [ [ [ 140.701105397349011, -67.509559325826473 ], [ 140.80084904963644, -68.873404023128174 ], [ 142.261802603601922, -68.769187174964117 ], [ 142.14563149906931, -67.411313866417601 ], [ 140.701105397349011, -67.509559325826473 ] ] ] } },
{ "type": "Feature", "properties": { "idx": "53,-2" }, "geometry": { "type": "Polygon", "coordinates": [ [ [ 142.14563149906931, -67.411313866417601 ], [ 142.261802603601922, -68.769187174964117 ], [ 143.720071556259228, -68.649537892956729 ], [ 143.587562759201745, -67.298452509747207 ], [ 142.14563149906931, -67.411313866417601 ] ] ] } },
{ "type": "Feature", "properties": { "idx": "54,-2" }, "geometry": { "type": "Polygon", "coordinates": [ [ [ 143.587562759201745, -67.298452509747207 ], [ 143.720071556259228, -68.649537892956729 ], [ 145.175284447428169, -68.514700696518261 ], [ 145.0265398765481, -67.171179422697548 ], [ 143.587562759201745, -67.298452509747207 ] ] ] } },
{ "type": "Feature", "properties": { "idx": "29,-1" }, "geometry": { "type": "Polygon", "coordinates": [ [ [ 107.877093143050544, -64.448881231420984 ], [ 107.609424872961995, -65.664716882400498 ], [ 109.012470862920708, -65.897822706514745 ], [ 109.265422746370092, -64.671540059577481 ], [ 107.877093143050544, -64.448881231420984 ] ] ] } },
{ "type": "Feature", "properties": { "idx": "30,-1" }, "geometry": { "type": "Polygon", "coordinates": [ [ [ 109.265422746370092, -64.671540059577481 ], [ 109.012470862920708, -65.897822706514745 ], [ 110.421144765154935, -66.118739830212064 ], [ 110.659200411270405, -64.882374348307309 ], [ 109.265422746370092, -64.671540059577481 ] ] ] } },
{ "type": "Feature", "properties": { "idx": "31,-1" }, "geometry": { "type": "Polygon", "coordinates": [ [ [ 110.659200411270405, -64.882374348307309 ], [ 110.421144765154935, -66.118739830212064 ], [ 111.835135992521742, -66.327152443300022 ], [ 112.058124608579732, -65.081108288781351 ], [ 110.659200411270405, -64.882374348307309 ] ] ] } },
{ "type": "Feature", "properties": { "idx": "32,-1" }, "geometry": { "type": "Polygon", "coordinates": [ [ [ 112.058124608579732, -65.081108288781351 ], [ 111.835135992521742, -66.327152443300022 ], [ 113.254126400268632, -66.522751468384939 ], [ 113.461886643878813, -65.267473073963146 ], [ 112.058124608579732, -65.081108288781351 ] ] ] } },
{ "type": "Feature", "properties": { "idx": "52,-1" }, "geometry": { "type": "Polygon", "coordinates": [ [ [ 140.603593842148143, -66.205346185166249 ], [ 140.701105397349011, -67.509559325826473 ], [ 142.14563149906931, -67.411313866417601 ], [ 142.032055823102638, -66.112155808327032 ], [ 140.603593842148143, -66.205346185166249 ] ] ] } },
{ "type": "Feature", "properties": { "idx": "53,-1" }, "geometry": { "type": "Polygon", "coordinates": [ [ [ 142.032055823102638, -66.112155808327032 ], [ 142.14563149906931, -67.411313866417601 ], [ 143.587562759201745, -67.298452509747207 ], [ 143.458008773487506, -66.005050044841667 ], [ 142.032055823102638, -66.112155808327032 ] ] ] } },
{ "type": "Feature", "properties": { "idx": "54,-1" }, "geometry": { "type": "Polygon", "coordinates": [ [ [ 143.458008773487506, -66.005050044841667 ], [ 143.587562759201745, -67.298452509747207 ], [ 145.0265398765481, -67.171179422697548 ], [ 144.881105030276387, -65.884202284340347 ], [ 143.458008773487506, -66.005050044841667 ] ] ] } },
{ "type": "Feature", "properties": { "idx": "52,0" }, "geometry": { "type": "Polygon", "coordinates": [ [ [ 140.508240411005488, -64.951284811974844 ], [ 140.603593842148143, -66.205346185166249 ], [ 142.032055823102638, -66.112155808327032 ], [ 141.920989746937551, -64.862444744588046 ], [ 140.508240411005488, -64.951284811974844 ] ] ] } },
{ "type": "Feature", "properties": { "idx": "53,0" }, "geometry": { "type": "Polygon", "coordinates": [ [ [ 141.920989746937551, -64.862444744588046 ], [ 142.032055823102638, -66.112155808327032 ], [ 143.458008773487506, -66.005050044841667 ], [ 143.331312128808037, -64.760298601899095 ], [ 141.920989746937551, -64.862444744588046 ] ] ] } },
{ "type": "Feature", "properties": { "idx": "54,0" }, "geometry": { "type": "Polygon", "coordinates": [ [ [ 143.331312128808037, -64.760298601899095 ], [ 143.458008773487506, -66.005050044841667 ], [ 144.881105030276387, -65.884202284340347 ], [ 144.738871038311288, -64.644995688320435 ], [ 143.331312128808037, -64.760298601899095 ] ] ] } },
{ "type": "Feature", "properties": { "idx": "65,7" }, "geometry": { "type": "Polygon", "coordinates": [ [ [ 156.721399473978664, -55.410878697838847 ], [ 156.972540879229427, -56.410251626420177 ], [ 158.251078696903477, -56.206144333190252 ], [ 157.987781765626323, -55.21188922686153 ], [ 156.721399473978664, -55.410878697838847 ] ] ] } },
{ "type": "Feature", "properties": { "idx": "66,7" }, "geometry": { "type": "Polygon", "coordinates": [ [ [ 157.987781765626323, -55.21188922686153 ], [ 158.251078696903477, -56.206144333190252 ], [ 159.524305310160685, -55.992725192567725 ], [ 159.249006678239738, -55.003752865174718 ], [ 157.987781765626323, -55.21188922686153 ] ] ] } },
{ "type": "Feature", "properties": { "idx": "67,7" }, "geometry": { "type": "Polygon", "coordinates": [ [ [ 159.249006678239738, -55.003752865174718 ], [ 159.524305310160685, -55.992725192567725 ], [ 160.792002442100312, -55.77014338455804 ], [ 160.504861358807062, -54.786607313180028 ], [ 159.249006678239738, -55.003752865174718 ] ] ] } },
{ "type": "Feature", "properties": { "idx": "65,8" }, "geometry": { "type": "Polygon", "coordinates": [ [ [ 156.475197719460169, -54.425976565120706 ], [ 156.721399473978664, -55.410878697838847 ], [ 157.987781765626323, -55.21188922686153 ], [ 157.729643164418746, -54.231727783215867 ], [ 156.475197719460169, -54.425976565120706 ] ] ] } },
{ "type": "Feature", "properties": { "idx": "66,8" }, "geometry": { "type": "Polygon", "coordinates": [ [ [ 157.729643164418746, -54.231727783215867 ], [ 157.987781765626323, -55.21188922686153 ], [ 159.249006678239738, -55.003752865174718 ], [ 158.979079256301986, -54.028489380185484 ], [ 157.729643164418746, -54.231727783215867 ] ] ] } },
{ "type": "Feature", "properties": { "idx": "67,8" }, "geometry": { "type": "Polygon", "coordinates": [ [ [ 158.979079256301986, -54.028489380185484 ], [ 159.249006678239738, -55.003752865174718 ], [ 160.504861358807062, -54.786607313180028 ], [ 160.223298404121323, -53.8163888032188 ], [ 158.979079256301986, -54.028489380185484 ] ] ] } },
{ "type": "Feature", "properties": { "idx": "65,9" }, "geometry": { "type": "Polygon", "coordinates": [ [ [ 156.233793077163767, -53.454234851655784 ], [ 156.475197719460169, -54.425976565120706 ], [ 157.729643164418746, -54.231727783215867 ], [ 157.476514825176338, -53.264391926499549 ], [ 156.233793077163767, -53.454234851655784 ] ] ] } },
{ "type": "Feature", "properties": { "idx": "66,9" }, "geometry": { "type": "Polygon", "coordinates": [ [ [ 157.476514825176338, -53.264391926499549 ], [ 157.729643164418746, -54.231727783215867 ], [ 158.979079256301986, -54.028489380185484 ], [ 158.714369713372434, -53.06570930063743 ], [ 157.476514825176338, -53.264391926499549 ] ] ] } },
{ "type": "Feature", "properties": { "idx": "67,9" }, "geometry": { "type": "Polygon", "coordinates": [ [ [ 158.714369713372434, -53.06570930063743 ], [ 158.979079256301986, -54.028489380185484 ], [ 160.223298404121323, -53.8163888032188 ], [ 159.947155255966265, -52.858305223736735 ], [ 158.714369713372434, -53.06570930063743 ] ] ] } },
{ "type": "Feature", "properties": { "idx": "57,20" }, "geometry": { "type": "Polygon", "coordinates": [ [ [ 144.737852375836155, -44.340300065211252 ], [ 144.85397230223046, -45.238202987791084 ], [ 146.013548888455347, -45.143215153067764 ], [ 145.887112896676655, -44.246755301436785 ], [ 144.737852375836155, -44.340300065211252 ] ] ] } },
{ "type": "Feature", "properties": { "idx": "58,20" }, "geometry": { "type": "Polygon", "coordinates": [ [ [ 145.887112896676655, -44.246755301436785 ], [ 146.013548888455347, -45.143215153067764 ], [ 147.170811905747883, -45.040144288004576 ], [ 147.03412141610869, -44.145242321468452 ], [ 145.887112896676655, -44.246755301436785 ] ] ] } },
{ "type": "Feature", "properties": { "idx": "59,20" }, "geometry": { "type": "Polygon", "coordinates": [ [ [ 147.03412141610869, -44.145242321468452 ], [ 147.170811905747883, -45.040144288004576 ], [ 148.325578951903452, -44.929033103202691 ], [ 148.178700205451776, -44.035801299820506 ], [ 147.03412141610869, -44.145242321468452 ] ] ] } },
{ "type": "Feature", "properties": { "idx": "60,20" }, "geometry": { "type": "Polygon", "coordinates": [ [ [ 148.178700205451776, -44.035801299820506 ], [ 148.325578951903452, -44.929033103202691 ], [ 149.477670041538346, -44.809927152719652 ], [ 149.320673847900139, -43.918475101635252 ], [ 148.178700205451776, -44.035801299820506 ] ] ] } },
{ "type": "Feature", "properties": { "idx": "56,21" }, "geometry": { "type": "Polygon", "coordinates": [ [ [ 143.48266321322231, -43.532019919330068 ], [ 143.586519738305014, -44.425839234708363 ], [ 144.737852375836155, -44.340300065211252 ], [ 144.623804897024002, -43.447738437261151 ], [ 143.48266321322231, -43.532019919330068 ] ] ] } },
{ "type": "Feature", "properties": { "idx": "57,21" }, "geometry": { "type": "Polygon", "coordinates": [ [ [ 144.623804897024002, -43.447738437261151 ], [ 144.737852375836155, -44.340300065211252 ], [ 145.887112896676655, -44.246755301436785 ], [ 145.762929263931284, -43.355562776189863 ], [ 144.623804897024002, -43.447738437261151 ] ] ] } },
{ "type": "Feature", "properties": { "idx": "58,21" }, "geometry": { "type": "Polygon", "coordinates": [ [ [ 145.762929263931284, -43.355562776189863 ], [ 145.887112896676655, -44.246755301436785 ], [ 147.03412141610869, -44.145242321468452 ], [ 146.899861040076644, -43.255528125909763 ], [ 145.762929263931284, -43.355562776189863 ] ] ] } },
{ "type": "Feature", "properties": { "idx": "59,21" }, "geometry": { "type": "Polygon", "coordinates": [ [ [ 146.899861040076644, -43.255528125909763 ], [ 147.03412141610869, -44.145242321468452 ], [ 148.178700205451776, -44.035801299820506 ], [ 148.034427014413353, -43.147672321133449 ], [ 146.899861040076644, -43.255528125909763 ] ] ] } },
{ "type": "Feature", "properties": { "idx": "60,21" }, "geometry": { "type": "Polygon", "coordinates": [ [ [ 148.034427014413353, -43.147672321133449 ], [ 148.178700205451776, -44.035801299820506 ], [ 149.320673847900139, -43.918475101635252 ], [ 149.166456188219172, -43.032035744471131 ], [ 148.034427014413353, -43.147672321133449 ] ] ] } },
{ "type": "Feature", "properties": { "idx": "61,21" }, "geometry": { "type": "Polygon", "coordinates": [ [ [ 149.166456188219172, -43.032035744471131 ], [ 149.320673847900139, -43.918475101635252 ], [ 150.459869388968542, -43.793309171292364 ], [ 150.295779919527348, -42.908661224186908 ], [ 149.166456188219172, -43.032035744471131 ] ] ] } },
{ "type": "Feature", "properties": { "idx": "56,22" }, "geometry": { "type": "Polygon", "coordinates": [ [ [ 143.380647112927107, -42.643156257975065 ], [ 143.48266321322231, -43.532019919330068 ], [ 144.623804897024002, -43.447738437261151 ], [ 144.511775051787652, -42.560069175394091 ], [ 143.380647112927107, -42.643156257975065 ] ] ] } },
{ "type": "Feature", "properties": { "idx": "57,22" }, "geometry": { "type": "Polygon", "coordinates": [ [ [ 144.511775051787652, -42.560069175394091 ], [ 144.623804897024002, -43.447738437261151 ], [ 145.762929263931284, -43.355562776189863 ], [ 145.640938564268311, -42.469193947185943 ], [ 144.511775051787652, -42.560069175394091 ] ] ] } },
{ "type": "Feature", "properties": { "idx": "58,22" }, "geometry": { "type": "Polygon", "coordinates": [ [ [ 145.640938564268311, -42.469193947185943 ], [ 145.762929263931284, -43.355562776189863 ], [ 146.899861040076644, -43.255528125909763 ], [ 146.767966833022314, -42.370563740588125 ], [ 145.640938564268311, -42.469193947185943 ] ] ] } },
{ "type": "Feature", "properties": { "idx": "59,22" }, "geometry": { "type": "Polygon", "coordinates": [ [ [ 146.767966833022314, -42.370563740588125 ], [ 146.899861040076644, -43.255528125909763 ], [ 148.034427014413353, -43.147672321133449 ], [ 147.892691015082789, -42.264214226402075 ], [ 146.767966833022314, -42.370563740588125 ] ] ] } },
{ "type": "Feature", "properties": { "idx": "60,22" }, "geometry": { "type": "Polygon", "coordinates": [ [ [ 147.892691015082789, -42.264214226402075 ], [ 148.034427014413353, -43.147672321133449 ], [ 149.166456188219172, -43.032035744471131 ], [ 149.014944385333678, -42.150183489817657 ], [ 147.892691015082789, -42.264214226402075 ] ] ] } },
{ "type": "Feature", "properties": { "idx": "61,22" }, "geometry": { "type": "Polygon", "coordinates": [ [ [ 149.014944385333678, -42.150183489817657 ], [ 149.166456188219172, -43.032035744471131 ], [ 150.295779919527348, -42.908661224186908 ], [ 150.134562475205058, -42.028511936351741 ], [ 149.014944385333678, -42.150183489817657 ] ] ] } },
{ "type": "Feature", "properties": { "idx": "56,23" }, "geometry": { "type": "Polygon", "coordinates": [ [ [ 143.280423073141094, -41.758825691261144 ], [ 143.380647112927107, -42.643156257975065 ], [ 144.511775051787652, -42.560069175394091 ], [ 144.401709936116703, -41.676874122779722 ], [ 143.280423073141094, -41.758825691261144 ] ] ] } },
{ "type": "Feature", "properties": { "idx": "57,23" }, "geometry": { "type": "Polygon", "coordinates": [ [ [ 144.401709936116703, -41.676874122779722 ], [ 144.511775051787652, -42.560069175394091 ], [ 145.640938564268311, -42.469193947185943 ], [ 145.52108343611431, -41.587235412450383 ], [ 144.401709936116703, -41.676874122779722 ] ] ] } },
{ "type": "Feature", "properties": { "idx": "58,23" }, "geometry": { "type": "Polygon", "coordinates": [ [ [ 145.52108343611431, -41.587235412450383 ], [ 145.640938564268311, -42.469193947185943 ], [ 146.767966833022314, -42.370563740588125 ], [ 146.638377064296037, -41.489940853796227 ], [ 145.52108343611431, -41.587235412450383 ] ] ] } },
{ "type": "Feature", "properties": { "idx": "59,23" }, "geometry": { "type": "Polygon", "coordinates": [ [ [ 146.638377064296037, -41.489940853796227 ], [ 146.767966833022314, -42.370563740588125 ], [ 147.892691015082789, -42.264214226402075 ], [ 147.753426202257288, -41.3850241117986 ], [ 146.638377064296037, -41.489940853796227 ] ] ] } },
{ "type": "Feature", "properties": { "idx": "60,23" }, "geometry": { "type": "Polygon", "coordinates": [ [ [ 147.753426202257288, -41.3850241117986 ], [ 147.892691015082789, -42.264214226402075 ], [ 149.014944385333678, -42.150183489817657 ], [ 148.866068259748602, -41.272521140750662 ], [ 147.753426202257288, -41.3850241117986 ] ] ] } },
{ "type": "Feature", "properties": { "idx": "61,23" }, "geometry": { "type": "Polygon", "coordinates": [ [ [ 148.866068259748602, -41.272521140750662 ], [ 149.014944385333678, -42.150183489817657 ], [ 150.134562475205058, -42.028511936351741 ], [ 149.976142807900175, -41.152470097536366 ], [ 148.866068259748602, -41.272521140750662 ] ] ] } },
{ "type": "Feature", "properties": { "idx": "56,24" }, "geometry": { "type": "Polygon", "coordinates": [ [ [ 143.181944405117861, -40.878633570604869 ], [ 143.280423073141094, -41.758825691261144 ], [ 144.401709936116703, -41.676874122779722 ], [ 144.293558473787698, -40.797762592035077 ], [ 143.181944405117861, -40.878633570604869 ] ] ] } },
{ "type": "Feature", "properties": { "idx": "57,24" }, "geometry": { "type": "Polygon", "coordinates": [ [ [ 144.293558473787698, -40.797762592035077 ], [ 144.401709936116703, -41.676874122779722 ], [ 145.52108343611431, -41.587235412450383 ], [ 145.403308493744021, -40.70930076458437 ], [ 144.293558473787698, -40.797762592035077 ] ] ] } },
{ "type": "Feature", "properties": { "idx": "58,24" }, "geometry": { "type": "Polygon", "coordinates": [ [ [ 145.403308493744021, -40.70930076458437 ], [ 145.52108343611431, -41.587235412450383 ], [ 146.638377064296037, -41.489940853796227 ], [ 146.511032122660595, -40.613277642118497 ], [ 145.403308493744021, -40.70930076458437 ] ] ] } },
{ "type": "Feature", "properties": { "idx": "59,24" }, "geometry": { "type": "Polygon", "coordinates": [ [ [ 146.511032122660595, -40.613277642118497 ], [ 146.638377064296037, -41.489940853796227 ], [ 147.753426202257288, -41.3850241117986 ], [ 147.616568828928848, -40.509725026293388 ], [ 146.511032122660595, -40.613277642118497 ] ] ] } },
{ "type": "Feature", "properties": { "idx": "60,24" }, "geometry": { "type": "Polygon", "coordinates": [ [ [ 147.616568828928848, -40.509725026293388 ], [ 147.753426202257288, -41.3850241117986 ], [ 148.866068259748602, -41.272521140750662 ], [ 148.719760023899624, -40.398676890723692 ], [ 147.616568828928848, -40.509725026293388 ] ] ] } },
{ "type": "Feature", "properties": { "idx": "61,24" }, "geometry": { "type": "Polygon", "coordinates": [ [ [ 148.719760023899624, -40.398676890723692 ], [ 148.866068259748602, -41.272521140750662 ], [ 149.976142807900175, -41.152470097536366 ], [ 149.820449189887995, -40.280169300863356 ], [ 148.719760023899624, -40.398676890723692 ] ] ] } },
{ "type": "Feature", "properties": { "idx": "55,25" }, "geometry": { "type": "Polygon", "coordinates": [ [ [ 141.981404216180408, -40.074527239326329 ], [ 142.068630304554318, -40.951886465415193 ], [ 143.181944405117861, -40.878633570604869 ], [ 143.085166023894487, -40.002210215919092 ], [ 141.981404216180408, -40.074527239326329 ] ] ] } },
{ "type": "Feature", "properties": { "idx": "56,25" }, "geometry": { "type": "Polygon", "coordinates": [ [ [ 143.085166023894487, -40.002210215919092 ], [ 143.181944405117861, -40.878633570604869 ], [ 144.293558473787698, -40.797762592035077 ], [ 144.187271338351366, -39.922368477315509 ], [ 143.085166023894487, -40.002210215919092 ] ] ] } },
{ "type": "Feature", "properties": { "idx": "57,25" }, "geometry": { "type": "Polygon", "coordinates": [ [ [ 144.187271338351366, -39.922368477315509 ], [ 144.293558473787698, -40.797762592035077 ], [ 145.403308493744021, -40.70930076458437 ], [ 145.287560243250027, -39.835027761147082 ], [ 144.187271338351366, -39.922368477315509 ] ] ] } },
{ "type": "Feature", "properties": { "idx": "58,25" }, "geometry": { "type": "Polygon", "coordinates": [ [ [ 145.287560243250027, -39.835027761147082 ], [ 145.403308493744021, -40.70930076458437 ], [ 146.511032122660595, -40.613277642118497 ], [ 146.385874426506746, -39.740216002689053 ], [ 145.287560243250027, -39.835027761147082 ] ] ] } },
{ "type": "Feature", "properties": { "idx": "59,25" }, "geometry": { "type": "Polygon", "coordinates": [ [ [ 146.385874426506746, -39.740216002689053 ], [ 146.511032122660595, -40.613277642118497 ], [ 147.616568828928848, -40.509725026293388 ], [ 147.482057311024761, -39.637963269050658 ], [ 146.385874426506746, -39.740216002689053 ] ] ] } },
{ "type": "Feature", "properties": { "idx": "60,25" }, "geometry": { "type": "Polygon", "coordinates": [ [ [ 147.482057311024761, -39.637963269050658 ], [ 147.616568828928848, -40.509725026293388 ], [ 148.719760023899624, -40.398676890723692 ], [ 148.575954181711211, -39.528301689030535 ], [ 147.482057311024761, -39.637963269050658 ] ] ] } },
{ "type": "Feature", "properties": { "idx": "61,25" }, "geometry": { "type": "Polygon", "coordinates": [ [ [ 148.575954181711211, -39.528301689030535 ], [ 148.719760023899624, -40.398676890723692 ], [ 149.820449189887995, -40.280169300863356 ], [ 149.667412308499621, -39.411265378949608 ], [ 148.575954181711211, -39.528301689030535 ] ] ] } },
{ "type": "Feature", "properties": { "idx": "54,26" }, "geometry": { "type": "Polygon", "coordinates": [ [ [ 140.79984546577333, -39.264600538686473 ], [ 140.876147301460691, -40.139296068728846 ], [ 141.981404216180408, -40.074527239326329 ], [ 141.895673456201138, -39.200633340472308 ], [ 140.79984546577333, -39.264600538686473 ] ] ] } },
{ "type": "Feature", "properties": { "idx": "55,26" }, "geometry": { "type": "Polygon", "coordinates": [ [ [ 141.895673456201138, -39.200633340472308 ], [ 141.981404216180408, -40.074527239326329 ], [ 143.085166023894487, -40.002210215919092 ], [ 142.990044380188209, -39.129208332946334 ], [ 141.895673456201138, -39.200633340472308 ] ] ] } },
{ "type": "Feature", "properties": { "idx": "56,26" }, "geometry": { "type": "Polygon", "coordinates": [ [ [ 142.990044380188209, -39.129208332946334 ], [ 143.085166023894487, -40.002210215919092 ], [ 144.187271338351366, -39.922368477315509 ], [ 144.082800879068685, -39.050347718002222 ], [ 142.990044380188209, -39.129208332946334 ] ] ] } },
{ "type": "Feature", "properties": { "idx": "57,26" }, "geometry": { "type": "Polygon", "coordinates": [ [ [ 144.082800879068685, -39.050347718002222 ], [ 144.187271338351366, -39.922368477315509 ], [ 145.287560243250027, -39.835027761147082 ], [ 145.173787002748753, -38.964075838049773 ], [ 144.082800879068685, -39.050347718002222 ] ] ] } },
{ "type": "Feature", "properties": { "idx": "58,26" }, "geometry": { "type": "Polygon", "coordinates": [ [ [ 145.173787002748753, -38.964075838049773 ], [ 145.287560243250027, -39.835027761147082 ], [ 146.385874426506746, -39.740216002689053 ], [ 146.26284833857477, -38.870419119387456 ], [ 145.173787002748753, -38.964075838049773 ] ] ] } },
{ "type": "Feature", "properties": { "idx": "59,26" }, "geometry": { "type": "Polygon", "coordinates": [ [ [ 146.26284833857477, -38.870419119387456 ], [ 146.385874426506746, -39.740216002689053 ], [ 147.482057311024761, -39.637963269050658 ], [ 147.349832136904894, -38.76940601125073 ], [ 146.26284833857477, -38.870419119387456 ] ] ] } },
{ "type": "Feature", "properties": { "idx": "60,26" }, "geometry": { "type": "Polygon", "coordinates": [ [ [ 147.349832136904894, -38.76940601125073 ], [ 147.482057311024761, -39.637963269050658 ], [ 148.575954181711211, -39.528301689030535 ], [ 148.434587433142354, -38.661066920802185 ], [ 147.349832136904894, -38.76940601125073 ] ] ] } },
{ "type": "Feature", "properties": { "idx": "61,26" }, "geometry": { "type": "Polygon", "coordinates": [ [ [ 148.434587433142354, -38.661066920802185 ], [ 148.575954181711211, -39.528301689030535 ], [ 149.667412308499621, -39.411265378949608 ], [ 149.51696516600208, -38.545434144342529 ], [ 148.434587433142354, -38.661066920802185 ] ] ] } },
{ "type": "Feature", "properties": { "idx": "62,26" }, "geometry": { "type": "Polygon", "coordinates": [ [ [ 149.51696516600208, -38.545434144342529 ], [ 149.667412308499621, -39.411265378949608 ], [ 150.756281065152592, -39.286890364782323 ], [ 150.596818291795046, -38.422541795032153 ], [ 149.51696516600208, -38.545434144342529 ] ] ] } },
{ "type": "Feature", "properties": { "idx": "52,27" }, "geometry": { "type": "Polygon", "coordinates": [ [ [ 138.548085735385627, -38.497294653777821 ], [ 138.604453968897559, -39.370083709684103 ], [ 139.702719044234527, -39.321089918262601 ], [ 139.637018910784889, -38.448889730315422 ], [ 138.548085735385627, -38.497294653777821 ] ] ] } },
{ "type": "Feature", "properties": { "idx": "53,27" }, "geometry": { "type": "Polygon", "coordinates": [ [ [ 139.637018910784889, -38.448889730315422 ], [ 139.702719044234527, -39.321089918262601 ], [ 140.79984546577333, -39.264600538686473 ], [ 140.724842250980032, -38.39307754228529 ], [ 139.637018910784889, -38.448889730315422 ] ] ] } },
{ "type": "Feature", "properties": { "idx": "54,27" }, "geometry": { "type": "Polygon", "coordinates": [ [ [ 140.724842250980032, -38.39307754228529 ], [ 140.79984546577333, -39.264600538686473 ], [ 141.895673456201138, -39.200633340472308 ], [ 141.811399974853003, -38.329874900389754 ], [ 140.724842250980032, -38.39307754228529 ] ] ] } },
{ "type": "Feature", "properties": { "idx": "55,27" }, "geometry": { "type": "Polygon", "coordinates": [ [ [ 141.811399974853003, -38.329874900389754 ], [ 141.895673456201138, -39.200633340472308 ], [ 142.990044380188209, -39.129208332946334 ], [ 142.896537395725886, -38.259300736933156 ], [ 141.811399974853003, -38.329874900389754 ] ] ] } },
{ "type": "Feature", "properties": { "idx": "56,27" }, "geometry": { "type": "Polygon", "coordinates": [ [ [ 142.896537395725886, -38.259300736933156 ], [ 142.990044380188209, -39.129208332946334 ], [ 144.082800879068685, -39.050347718002222 ], [ 143.980101050565906, -38.181376062055072 ], [ 142.896537395725886, -38.259300736933156 ] ] ] } },
{ "type": "Feature", "properties": { "idx": "57,27" }, "geometry": { "type": "Polygon", "coordinates": [ [ [ 143.980101050565906, -38.181376062055072 ], [ 144.082800879068685, -39.050347718002222 ], [ 145.173787002748753, -38.964075838049773 ], [ 145.06193882657621, -38.096123915484014 ], [ 143.980101050565906, -38.181376062055072 ] ] ] } },
{ "type": "Feature", "properties": { "idx": "58,27" }, "geometry": { "type": "Polygon", "coordinates": [ [ [ 145.06193882657621, -38.096123915484014 ], [ 145.173787002748753, -38.964075838049773 ], [ 146.26284833857477, -38.870419119387456 ], [ 146.141900084921076, -38.003569314021632 ], [ 145.06193882657621, -38.096123915484014 ] ] ] } },
{ "type": "Feature", "properties": { "idx": "59,27" }, "geometry": { "type": "Polygon", "coordinates": [ [ [ 146.141900084921076, -38.003569314021632 ], [ 146.26284833857477, -38.870419119387456 ], [ 147.349832136904894, -38.76940601125073 ], [ 147.219835781342084, -37.903739194983068 ], [ 146.141900084921076, -38.003569314021632 ] ] ] } },
{ "type": "Feature", "properties": { "idx": "60,27" }, "geometry": { "type": "Polygon", "coordinates": [ [ [ 147.219835781342084, -37.903739194983068 ], [ 147.349832136904894, -38.76940601125073 ], [ 148.434587433142354, -38.661066920802185 ], [ 148.295598583436998, -37.796662355832765 ], [ 147.219835781342084, -37.903739194983068 ] ] ] } },
{ "type": "Feature", "properties": { "idx": "61,27" }, "geometry": { "type": "Polygon", "coordinates": [ [ [ 148.295598583436998, -37.796662355832765 ], [ 148.434587433142354, -38.661066920802185 ], [ 149.51696516600208, -38.545434144342529 ], [ 149.369042984383697, -37.682369390266111 ], [ 148.295598583436998, -37.796662355832765 ] ] ] } },
{ "type": "Feature", "properties": { "idx": "62,27" }, "geometry": { "type": "Polygon", "coordinates": [ [ [ 149.369042984383697, -37.682369390266111 ], [ 149.51696516600208, -38.545434144342529 ], [ 150.596818291795046, -38.422541795032153 ], [ 150.440025412906749, -37.560892620998764 ], [ 149.369042984383697, -37.682369390266111 ] ] ] } },
{ "type": "Feature", "properties": { "idx": "63,27" }, "geometry": { "type": "Polygon", "coordinates": [ [ [ 150.440025412906749, -37.560892620998764 ], [ 150.596818291795046, -38.422541795032153 ], [ 151.674001894533575, -38.292425727422376 ], [ 151.508404339296618, -37.432266029532627 ], [ 150.440025412906749, -37.560892620998764 ] ] ] } },
{ "type": "Feature", "properties": { "idx": "52,28" }, "geometry": { "type": "Polygon", "coordinates": [ [ [ 138.492670730889387, -37.627422281019946 ], [ 138.548085735385627, -38.497294653777821 ], [ 139.637018910784889, -38.448889730315422 ], [ 139.57242877259003, -37.579579282184916 ], [ 138.492670730889387, -37.627422281019946 ] ] ] } },
{ "type": "Feature", "properties": { "idx": "53,28" }, "geometry": { "type": "Polygon", "coordinates": [ [ [ 139.57242877259003, -37.579579282184916 ], [ 139.637018910784889, -38.448889730315422 ], [ 140.724842250980032, -38.39307754228529 ], [ 140.651104834450564, -37.524413347176463 ], [ 139.57242877259003, -37.579579282184916 ] ] ] } },
{ "type": "Feature", "properties": { "idx": "54,28" }, "geometry": { "type": "Polygon", "coordinates": [ [ [ 140.651104834450564, -37.524413347176463 ], [ 140.724842250980032, -38.39307754228529 ], [ 141.811399974853003, -38.329874900389754 ], [ 141.72854699994727, -37.461940390710012 ], [ 140.651104834450564, -37.524413347176463 ] ] ] } },
{ "type": "Feature", "properties": { "idx": "55,28" }, "geometry": { "type": "Polygon", "coordinates": [ [ [ 141.72854699994727, -37.461940390710012 ], [ 141.811399974853003, -38.329874900389754 ], [ 142.896537395725886, -38.259300736933156 ], [ 142.804604401805705, -37.392178338338866 ], [ 141.72854699994727, -37.461940390710012 ] ] ] } },
{ "type": "Feature", "properties": { "idx": "56,28" }, "geometry": { "type": "Polygon", "coordinates": [ [ [ 142.804604401805705, -37.392178338338866 ], [ 142.896537395725886, -38.259300736933156 ], [ 143.980101050565906, -38.181376062055072 ], [ 143.879127345992714, -37.31514708582899 ], [ 142.804604401805705, -37.392178338338866 ] ] ] } },
{ "type": "Feature", "properties": { "idx": "57,28" }, "geometry": { "type": "Polygon", "coordinates": [ [ [ 143.879127345992714, -37.31514708582899 ], [ 143.980101050565906, -38.181376062055072 ], [ 145.06193882657621, -38.096123915484014 ], [ 144.951967433243738, -37.230868454355402 ], [ 143.879127345992714, -37.31514708582899 ] ] ] } },
{ "type": "Feature", "properties": { "idx": "58,28" }, "geometry": { "type": "Polygon", "coordinates": [ [ [ 144.951967433243738, -37.230868454355402 ], [ 145.06193882657621, -38.096123915484014 ], [ 146.141900084921076, -38.003569314021632 ], [ 146.022977677886246, -37.139366141708663 ], [ 144.951967433243738, -37.230868454355402 ] ] ] } },
{ "type": "Feature", "properties": { "idx": "59,28" }, "geometry": { "type": "Polygon", "coordinates": [ [ [ 146.022977677886246, -37.139366141708663 ], [ 146.141900084921076, -38.003569314021632 ], [ 147.219835781342084, -37.903739194983068 ], [ 147.092012623730483, -37.040665669714294 ], [ 146.022977677886246, -37.139366141708663 ] ] ] } },
{ "type": "Feature", "properties": { "idx": "60,28" }, "geometry": { "type": "Polygon", "coordinates": [ [ [ 147.092012623730483, -37.040665669714294 ], [ 147.219835781342084, -37.903739194983068 ], [ 148.295598583436998, -37.796662355832765 ], [ 148.158928456810685, -36.934794328080223 ], [ 147.092012623730483, -37.040665669714294 ] ] ] } },
{ "type": "Feature", "properties": { "idx": "61,28" }, "geometry": { "type": "Polygon", "coordinates": [ [ [ 148.158928456810685, -36.934794328080223 ], [ 148.295598583436998, -37.796662355832765 ], [ 149.369042984383697, -37.682369390266111 ], [ 149.223583114770236, -36.821781114899373 ], [ 148.158928456810685, -36.934794328080223 ] ] ] } },
{ "type": "Feature", "properties": { "idx": "62,28" }, "geometry": { "type": "Polygon", "coordinates": [ [ [ 149.223583114770236, -36.821781114899373 ], [ 149.369042984383697, -37.682369390266111 ], [ 150.440025412906749, -37.560892620998764 ], [ 150.285836392698599, -36.701656674041978 ], [ 149.223583114770236, -36.821781114899373 ] ] ] } },
{ "type": "Feature", "properties": { "idx": "63,28" }, "geometry": { "type": "Polygon", "coordinates": [ [ [ 150.285836392698599, -36.701656674041978 ], [ 150.440025412906749, -37.560892620998764 ], [ 151.508404339296618, -37.432266029532627 ], [ 151.345550045239889, -36.574453229681566 ], [ 150.285836392698599, -36.701656674041978 ] ] ] } },
{ "type": "Feature", "properties": { "idx": "49,29" }, "geometry": { "type": "Polygon", "coordinates": [ [ [ 135.221141724838901, -36.858509871029092 ], [ 135.248436966913061, -37.726885405936734 ], [ 136.330520861103594, -37.701086078627114 ], [ 136.294145333033441, -36.833001449236505 ], [ 135.221141724838901, -36.858509871029092 ] ] ] } },
{ "type": "Feature", "properties": { "idx": "50,29" }, "geometry": { "type": "Polygon", "coordinates": [ [ [ 136.294145333033441, -36.833001449236505 ], [ 136.330520861103594, -37.701086078627114 ], [ 137.411983548913923, -37.667928476076888 ], [ 137.366543245411492, -36.80021718040539 ], [ 136.294145333033441, -36.833001449236505 ] ] ] } },
{ "type": "Feature", "properties": { "idx": "51,29" }, "geometry": { "type": "Polygon", "coordinates": [ [ [ 137.366543245411492, -36.80021718040539 ], [ 137.411983548913923, -37.667928476076888 ], [ 138.492670730889387, -37.627422281019946 ], [ 138.438184998814336, -36.76016623444022 ], [ 137.366543245411492, -36.80021718040539 ] ] ] } },
{ "type": "Feature", "properties": { "idx": "52,29" }, "geometry": { "type": "Polygon", "coordinates": [ [ [ 138.438184998814336, -36.76016623444022 ], [ 138.492670730889387, -37.627422281019946 ], [ 139.57242877259003, -37.579579282184916 ], [ 139.508920767712254, -36.712859776543148 ], [ 138.438184998814336, -36.76016623444022 ] ] ] } },
{ "type": "Feature", "properties": { "idx": "53,29" }, "geometry": { "type": "Polygon", "coordinates": [ [ [ 139.508920767712254, -36.712859776543148 ], [ 139.57242877259003, -37.579579282184916 ], [ 140.651104834450564, -37.524413347176463 ], [ 140.578601488767475, -36.658310942021075 ], [ 139.508920767712254, -36.712859776543148 ] ] ] } },
{ "type": "Feature", "properties": { "idx": "54,29" }, "geometry": { "type": "Polygon", "coordinates": [ [ [ 140.578601488767475, -36.658310942021075 ], [ 140.651104834450564, -37.524413347176463 ], [ 141.72854699994727, -37.461940390710012 ], [ 141.647078983799844, -36.596534806768808 ], [ 140.578601488767475, -36.658310942021075 ] ] ] } },
{ "type": "Feature", "properties": { "idx": "55,29" }, "geometry": { "type": "Polygon", "coordinates": [ [ [ 141.647078983799844, -36.596534806768808 ], [ 141.72854699994727, -37.461940390710012 ], [ 142.804604401805705, -37.392178338338866 ], [ 142.714206080905115, -36.527548353550834 ], [ 141.647078983799844, -36.596534806768808 ] ] ] } },
{ "type": "Feature", "properties": { "idx": "56,29" }, "geometry": { "type": "Polygon", "coordinates": [ [ [ 142.714206080905115, -36.527548353550834 ], [ 142.804604401805705, -37.392178338338866 ], [ 143.879127345992714, -37.31514708582899 ], [ 143.779836733482796, -36.4513704342232 ], [ 142.714206080905115, -36.527548353550834 ] ] ] } },
{ "type": "Feature", "properties": { "idx": "57,29" }, "geometry": { "type": "Polygon", "coordinates": [ [ [ 143.779836733482796, -36.4513704342232 ], [ 143.879127345992714, -37.31514708582899 ], [ 144.951967433243738, -37.230868454355402 ], [ 144.843826136939072, -36.368021728050898 ], [ 143.779836733482796, -36.4513704342232 ] ] ] } },
{ "type": "Feature", "properties": { "idx": "58,29" }, "geometry": { "type": "Polygon", "coordinates": [ [ [ 144.843826136939072, -36.368021728050898 ], [ 144.951967433243738, -37.230868454355402 ], [ 146.022977677886246, -37.139366141708663 ], [ 145.906030842837481, -36.27752469629079 ], [ 144.843826136939072, -36.368021728050898 ] ] ] } },
{ "type": "Feature", "properties": { "idx": "59,29" }, "geometry": { "type": "Polygon", "coordinates": [ [ [ 145.906030842837481, -36.27752469629079 ], [ 146.022977677886246, -37.139366141708663 ], [ 147.092012623730483, -37.040665669714294 ], [ 146.966308870282035, -36.179903533223651 ], [ 145.906030842837481, -36.27752469629079 ] ] ] } },
{ "type": "Feature", "properties": { "idx": "60,29" }, "geometry": { "type": "Polygon", "coordinates": [ [ [ 146.966308870282035, -36.179903533223651 ], [ 147.092012623730483, -37.040665669714294 ], [ 148.158928456810685, -36.934794328080223 ], [ 148.024519814325828, -36.075184113828165 ], [ 146.966308870282035, -36.179903533223651 ] ] ] } },
{ "type": "Feature", "properties": { "idx": "61,29" }, "geometry": { "type": "Polygon", "coordinates": [ [ [ 148.024519814325828, -36.075184113828165 ], [ 148.158928456810685, -36.934794328080223 ], [ 149.223583114770236, -36.821781114899373 ], [ 149.080524951210919, -35.963393938302652 ], [ 148.024519814325828, -36.075184113828165 ] ] ] } },
{ "type": "Feature", "properties": { "idx": "62,29" }, "geometry": { "type": "Polygon", "coordinates": [ [ [ 149.080524951210919, -35.963393938302652 ], [ 149.223583114770236, -36.821781114899373 ], [ 150.285836392698599, -36.701656674041978 ], [ 150.134187340255579, -35.844562073647275 ], [ 149.080524951210919, -35.963393938302652 ] ] ] } },
{ "type": "Feature", "properties": { "idx": "63,29" }, "geometry": { "type": "Polygon", "coordinates": [ [ [ 150.134187340255579, -35.844562073647275 ], [ 150.285836392698599, -36.701656674041978 ], [ 151.345550045239889, -36.574453229681566 ], [ 151.185371922218366, -35.718719092525582 ], [ 150.134187340255579, -35.844562073647275 ] ] ] } },
{ "type": "Feature", "properties": { "idx": "64,29" }, "geometry": { "type": "Polygon", "coordinates": [ [ [ 151.185371922218366, -35.718719092525582 ], [ 151.345550045239889, -36.574453229681566 ], [ 152.402587884806735, -36.440204518203238 ], [ 152.233945613980097, -35.585897009632909 ], [ 151.185371922218366, -35.718719092525582 ] ] ] } },
{ "type": "Feature", "properties": { "idx": "29,30" }, "geometry": { "type": "Polygon", "coordinates": [ [ [ 114.015000276823017, -34.98934936055187 ], [ 113.865829328313851, -35.844561581943104 ], [ 114.919491703212501, -35.963393473958831 ], [ 115.060206838360244, -35.106945227675382 ], [ 114.015000276823017, -34.98934936055187 ] ] ] } },
{ "type": "Feature", "properties": { "idx": "30,30" }, "geometry": { "type": "Polygon", "coordinates": [ [ [ 115.060206838360244, -35.106945227675382 ], [ 114.919491703212501, -35.963393473958831 ], [ 115.975496826693146, -36.075183677122347 ], [ 116.1076993983162, -35.217566050557906 ], [ 115.060206838360244, -35.106945227675382 ] ] ] } },
{ "type": "Feature", "properties": { "idx": "31,30" }, "geometry": { "type": "Polygon", "coordinates": [ [ [ 116.1076993983162, -35.217566050557906 ], [ 115.975496826693146, -36.075183677122347 ], [ 117.033707758094749, -36.179903124418189 ], [ 117.157344181867316, -35.321184245703421 ], [ 116.1076993983162, -35.217566050557906 ] ] ] } },
{ "type": "Feature", "properties": { "idx": "32,30" }, "geometry": { "type": "Polygon", "coordinates": [ [ [ 117.157344181867316, -35.321184245703421 ], [ 117.033707758094749, -36.179903124418189 ], [ 118.093985773678924, -36.277524315632327 ], [ 118.209005701956954, -35.417773721405368 ], [ 117.157344181867316, -35.321184245703421 ] ] ] } },
{ "type": "Feature", "properties": { "idx": "33,30" }, "geometry": { "type": "Polygon", "coordinates": [ [ [ 118.209005701956954, -35.417773721405368 ], [ 118.093985773678924, -36.277524315632327 ], [ 119.156190468517394, -36.368021375769949 ], [ 119.262546857404544, -35.507309932345066 ], [ 118.209005701956954, -35.417773721405368 ] ] ] } },
{ "type": "Feature", "properties": { "idx": "34,30" }, "geometry": { "type": "Polygon", "coordinates": [ [ [ 119.262546857404544, -35.507309932345066 ], [ 119.156190468517394, -36.368021375769949 ], [ 120.220179861731594, -36.451370110534 ], [ 120.317829034182964, -35.589769931408938 ], [ 119.262546857404544, -35.507309932345066 ] ] ] } },
{ "type": "Feature", "properties": { "idx": "49,30" }, "geometry": { "type": "Polygon", "coordinates": [ [ [ 135.194301267622137, -35.992515768616109 ], [ 135.221141724838901, -36.858509871029092 ], [ 136.294145333033441, -36.833001449236505 ], [ 136.258375585841492, -35.967285224541804 ], [ 135.194301267622137, -35.992515768616109 ] ] ] } },
{ "type": "Feature", "properties": { "idx": "50,30" }, "geometry": { "type": "Polygon", "coordinates": [ [ [ 136.258375585841492, -35.967285224541804 ], [ 136.294145333033441, -36.833001449236505 ], [ 137.366543245411492, -36.80021718040539 ], [ 137.321859206903099, -35.934857582658545 ], [ 136.258375585841492, -35.967285224541804 ] ] ] } },
{ "type": "Feature", "properties": { "idx": "51,30" }, "geometry": { "type": "Polygon", "coordinates": [ [ [ 137.321859206903099, -35.934857582658545 ], [ 137.366543245411492, -36.80021718040539 ], [ 138.438184998814336, -36.76016623444022 ], [ 138.384605377997246, -35.89524153220647 ], [ 137.321859206903099, -35.934857582658545 ] ] ] } },
{ "type": "Feature", "properties": { "idx": "52,30" }, "geometry": { "type": "Polygon", "coordinates": [ [ [ 138.384605377997246, -35.89524153220647 ], [ 138.438184998814336, -36.76016623444022 ], [ 139.508920767712254, -36.712859776543148 ], [ 139.446467957899415, -35.848447653867773 ], [ 138.384605377997246, -35.89524153220647 ] ] ] } },
{ "type": "Feature", "properties": { "idx": "53,30" }, "geometry": { "type": "Polygon", "coordinates": [ [ [ 139.446467957899415, -35.848447653867773 ], [ 139.508920767712254, -36.712859776543148 ], [ 140.578601488767475, -36.658310942021075 ], [ 140.507301536491951, -35.794488396320951 ], [ 139.446467957899415, -35.848447653867773 ] ] ] } },
{ "type": "Feature", "properties": { "idx": "54,30" }, "geometry": { "type": "Polygon", "coordinates": [ [ [ 140.507301536491951, -35.794488396320951 ], [ 140.578601488767475, -36.658310942021075 ], [ 141.647078983799844, -36.596534806768808 ], [ 141.566961552779418, -35.733378048762972 ], [ 140.507301536491951, -35.794488396320951 ] ] ] } },
{ "type": "Feature", "properties": { "idx": "55,30" }, "geometry": { "type": "Polygon", "coordinates": [ [ [ 141.566961552779418, -35.733378048762972 ], [ 141.647078983799844, -36.596534806768808 ], [ 142.714206080905115, -36.527548353550834 ], [ 142.625304411160613, -35.66513270950967 ], [ 141.566961552779418, -35.733378048762972 ] ] ] } },
{ "type": "Feature", "properties": { "idx": "56,30" }, "geometry": { "type": "Polygon", "coordinates": [ [ [ 142.625304411160613, -35.66513270950967 ], [ 142.714206080905115, -36.527548353550834 ], [ 143.779836733482796, -36.4513704342232 ], [ 143.682187595727754, -35.589770250802339 ], [ 142.625304411160613, -35.66513270950967 ] ] ] } },
{ "type": "Feature", "properties": { "idx": "57,30" }, "geometry": { "type": "Polygon", "coordinates": [ [ [ 143.682187595727754, -35.589770250802339 ], [ 143.779836733482796, -36.4513704342232 ], [ 144.843826136939072, -36.368021728050898 ], [ 144.737469782370624, -35.507310279960379 ], [ 143.682187595727754, -35.589770250802339 ] ] ] } },
{ "type": "Feature", "properties": { "idx": "58,30" }, "geometry": { "type": "Polygon", "coordinates": [ [ [ 144.737469782370624, -35.507310279960379 ], [ 144.843826136939072, -36.368021728050898 ], [ 145.906030842837481, -36.27752469629079 ], [ 145.791010948471808, -35.417774097033607 ], [ 144.737469782370624, -35.507310279960379 ] ] ] } },
{ "type": "Feature", "properties": { "idx": "59,30" }, "geometry": { "type": "Polygon", "coordinates": [ [ [ 145.791010948471808, -35.417774097033607 ], [ 145.906030842837481, -36.27752469629079 ], [ 146.966308870282035, -36.179903533223651 ], [ 146.842672479987669, -35.321184649119665 ], [ 145.791010948471808, -35.417774097033607 ] ] ] } },
{ "type": "Feature", "properties": { "idx": "60,30" }, "geometry": { "type": "Polygon", "coordinates": [ [ [ 146.842672479987669, -35.321184649119665 ], [ 146.966308870282035, -36.179903533223651 ], [ 148.024519814325828, -36.075184113828165 ], [ 147.892317275720075, -35.217566481521537 ], [ 146.842672479987669, -35.321184649119665 ] ] ] } },
{ "type": "Feature", "properties": { "idx": "61,30" }, "geometry": { "type": "Polygon", "coordinates": [ [ [ 147.892317275720075, -35.217566481521537 ], [ 148.024519814325828, -36.075184113828165 ], [ 149.080524951210919, -35.963393938302652 ], [ 148.939809848593967, -35.106945685930398 ], [ 147.892317275720075, -35.217566481521537 ] ] ] } },
{ "type": "Feature", "properties": { "idx": "62,30" }, "geometry": { "type": "Polygon", "coordinates": [ [ [ 148.939809848593967, -35.106945685930398 ], [ 149.080524951210919, -35.963393938302652 ], [ 150.134187340255579, -35.844562073647275 ], [ 149.985016423766069, -34.989349845827334 ], [ 148.939809848593967, -35.106945685930398 ] ] ] } },
{ "type": "Feature", "properties": { "idx": "63,30" }, "geometry": { "type": "Polygon", "coordinates": [ [ [ 149.985016423766069, -34.989349845827334 ], [ 150.134187340255579, -35.844562073647275 ], [ 151.185371922218366, -35.718719092525582 ], [ 151.027805033402984, -34.864807979301887 ], [ 149.985016423766069, -34.989349845827334 ] ] ] } },
{ "type": "Feature", "properties": { "idx": "64,30" }, "geometry": { "type": "Polygon", "coordinates": [ [ [ 151.027805033402984, -34.864807979301887 ], [ 151.185371922218366, -35.718719092525582 ], [ 152.233945613980097, -35.585897009632909 ], [ 152.068045607976842, -34.733350479494135 ], [ 151.027805033402984, -34.864807979301887 ] ] ] } },
{ "type": "Feature", "properties": { "idx": "28,31" }, "geometry": { "type": "Polygon", "coordinates": [ [ [ 113.127230235341969, -34.012475132320738 ], [ 112.972211681517607, -34.86480746729157 ], [ 114.015000276823017, -34.98934936055187 ], [ 114.161752942964085, -34.135772202636808 ], [ 113.127230235341969, -34.012475132320738 ] ] ] } },
{ "type": "Feature", "properties": { "idx": "29,31" }, "geometry": { "type": "Polygon", "coordinates": [ [ [ 114.161752942964085, -34.135772202636808 ], [ 114.015000276823017, -34.98934936055187 ], [ 115.060206838360244, -35.106945227675382 ], [ 115.198635674156179, -34.252185664398183 ], [ 114.161752942964085, -34.135772202636808 ] ] ] } },
{ "type": "Feature", "properties": { "idx": "30,31" }, "geometry": { "type": "Polygon", "coordinates": [ [ [ 115.198635674156179, -34.252185664398183 ], [ 115.060206838360244, -35.106945227675382 ], [ 116.1076993983162, -35.217566050557906 ], [ 116.23774946119353, -34.361687965127686 ], [ 115.198635674156179, -34.252185664398183 ] ] ] } },
{ "type": "Feature", "properties": { "idx": "31,31" }, "geometry": { "type": "Polygon", "coordinates": [ [ [ 116.23774946119353, -34.361687965127686 ], [ 116.1076993983162, -35.217566050557906 ], [ 117.157344181867316, -35.321184245703421 ], [ 117.278963600286986, -34.464252919245823 ], [ 116.23774946119353, -34.361687965127686 ] ] ] } },
{ "type": "Feature", "properties": { "idx": "32,31" }, "geometry": { "type": "Polygon", "coordinates": [ [ [ 117.278963600286986, -34.464252919245823 ], [ 117.157344181867316, -35.321184245703421 ], [ 118.209005701956954, -35.417773721405368 ], [ 118.32214574292577, -34.559855761635319 ], [ 117.278963600286986, -34.464252919245823 ] ] ] } },
{ "type": "Feature", "properties": { "idx": "33,31" }, "geometry": { "type": "Polygon", "coordinates": [ [ [ 118.32214574292577, -34.559855761635319 ], [ 118.209005701956954, -35.417773721405368 ], [ 119.262546857404544, -35.507309932345066 ], [ 119.36716199037069, -34.648473198751496 ], [ 118.32214574292577, -34.559855761635319 ] ] ] } },
{ "type": "Feature", "properties": { "idx": "34,31" }, "geometry": { "type": "Polygon", "coordinates": [ [ [ 119.36716199037069, -34.648473198751496 ], [ 119.262546857404544, -35.507309932345066 ], [ 120.317829034182964, -35.589769931408938 ], [ 120.413876991143582, -34.730083457098168 ], [ 119.36716199037069, -34.648473198751496 ] ] ] } },
{ "type": "Feature", "properties": { "idx": "35,31" }, "geometry": { "type": "Polygon", "coordinates": [ [ [ 120.413876991143582, -34.730083457098168 ], [ 120.317829034182964, -35.589769931408938 ], [ 121.374712209690088, -35.66513241853076 ], [ 121.462154041346921, -34.804666328894001 ], [ 120.413876991143582, -34.730083457098168 ] ] ] } },
{ "type": "Feature", "properties": { "idx": "36,31" }, "geometry": { "type": "Polygon", "coordinates": [ [ [ 121.462154041346921, -34.804666328894001 ], [ 121.374712209690088, -35.66513241853076 ], [ 122.433055059830068, -35.733377786374547 ], [ 122.511855187638574, -34.872203214761299 ], [ 121.462154041346921, -34.804666328894001 ] ] ] } },
{ "type": "Feature", "properties": { "idx": "37,31" }, "geometry": { "type": "Polygon", "coordinates": [ [ [ 122.511855187638574, -34.872203214761299 ], [ 122.433055059830068, -35.733377786374547 ], [ 123.492715068708023, -35.794488162682143 ], [ 123.562841332675859, -34.932677163278527 ], [ 122.511855187638574, -34.872203214761299 ] ] ] } },
{ "type": "Feature", "properties": { "idx": "47,31" }, "geometry": { "type": "Polygon", "coordinates": [ [ [ 133.056166063350389, -35.157169870902209 ], [ 133.064969883136939, -36.021360375277183 ], [ 134.129783495853133, -36.010542436399817 ], [ 134.112179477869546, -35.146465996340076 ], [ 133.056166063350389, -35.157169870902209 ] ] ] } },
{ "type": "Feature", "properties": { "idx": "48,31" }, "geometry": { "type": "Polygon", "coordinates": [ [ [ 134.112179477869546, -35.146465996340076 ], [ 134.129783495853133, -36.010542436399817 ], [ 135.194301267622137, -35.992515768616109 ], [ 135.167904325289072, -35.128629267236505 ], [ 134.112179477869546, -35.146465996340076 ] ] ] } },
{ "type": "Feature", "properties": { "idx": "49,31" }, "geometry": { "type": "Polygon", "coordinates": [ [ [ 135.167904325289072, -35.128629267236505 ], [ 135.194301267622137, -35.992515768616109 ], [ 136.258375585841492, -35.967285224541804 ], [ 136.223196617419489, -35.103664283761262 ], [ 135.167904325289072, -35.128629267236505 ] ] ] } },
{ "type": "Feature", "properties": { "idx": "50,31" }, "geometry": { "type": "Polygon", "coordinates": [ [ [ 136.223196617419489, -35.103664283761262 ], [ 136.258375585841492, -35.967285224541804 ], [ 137.321859206903099, -35.934857582658545 ], [ 137.277912720083378, -35.071577472007789 ], [ 136.223196617419489, -35.103664283761262 ] ] ] } },
{ "type": "Feature", "properties": { "idx": "51,31" }, "geometry": { "type": "Polygon", "coordinates": [ [ [ 137.277912720083378, -35.071577472007789 ], [ 137.321859206903099, -35.934857582658545 ], [ 138.384605377997246, -35.89524153220647 ], [ 138.33190946999261, -35.032377069914027 ], [ 137.277912720083378, -35.071577472007789 ] ] ] } },
{ "type": "Feature", "properties": { "idx": "52,31" }, "geometry": { "type": "Polygon", "coordinates": [ [ [ 138.33190946999261, -35.032377069914027 ], [ 138.384605377997246, -35.89524153220647 ], [ 139.446467957899415, -35.848447653867773 ], [ 139.385044290665434, -34.986073109257887 ], [ 138.33190946999261, -35.032377069914027 ] ] ] } },
{ "type": "Feature", "properties": { "idx": "53,31" }, "geometry": { "type": "Polygon", "coordinates": [ [ [ 139.385044290665434, -34.986073109257887 ], [ 139.446467957899415, -35.848447653867773 ], [ 140.507301536491951, -35.794488396320951 ], [ 140.437175307149886, -34.932677393798649 ], [ 139.385044290665434, -34.986073109257887 ] ] ] } },
{ "type": "Feature", "properties": { "idx": "54,31" }, "geometry": { "type": "Polygon", "coordinates": [ [ [ 140.437175307149886, -34.932677393798649 ], [ 140.507301536491951, -35.794488396320951 ], [ 141.566961552779418, -35.733378048762972 ], [ 141.488161459324999, -34.872203473652483 ], [ 140.437175307149886, -34.932677393798649 ] ] ] } },
{ "type": "Feature", "properties": { "idx": "55,31" }, "geometry": { "type": "Polygon", "coordinates": [ [ [ 141.488161459324999, -34.872203473652483 ], [ 141.566961552779418, -35.733378048762972 ], [ 142.625304411160613, -35.66513270950967 ], [ 142.53786261355657, -34.804666616001022 ], [ 141.488161459324999, -34.872203473652483 ] ] ] } },
{ "type": "Feature", "properties": { "idx": "56,31" }, "geometry": { "type": "Polygon", "coordinates": [ [ [ 142.53786261355657, -34.804666616001022 ], [ 142.625304411160613, -35.66513270950967 ], [ 143.682187595727754, -35.589770250802339 ], [ 143.586139672489509, -34.730083772249316 ], [ 142.53786261355657, -34.804666616001022 ] ] ] } },
{ "type": "Feature", "properties": { "idx": "57,31" }, "geometry": { "type": "Polygon", "coordinates": [ [ [ 143.586139672489509, -34.730083772249316 ], [ 143.682187595727754, -35.589770250802339 ], [ 144.737469782370624, -35.507310279960379 ], [ 144.632854682768283, -34.648473541758875 ], [ 143.586139672489509, -34.730083772249316 ] ] ] } },
{ "type": "Feature", "properties": { "idx": "58,31" }, "geometry": { "type": "Polygon", "coordinates": [ [ [ 144.632854682768283, -34.648473541758875 ], [ 144.737469782370624, -35.507310279960379 ], [ 145.791010948471808, -35.417774097033607 ], [ 145.67787094048083, -34.559856132295103 ], [ 144.632854682768283, -34.648473541758875 ] ] ] } },
{ "type": "Feature", "properties": { "idx": "59,31" }, "geometry": { "type": "Polygon", "coordinates": [ [ [ 145.67787094048083, -34.559856132295103 ], [ 145.791010948471808, -35.417774097033607 ], [ 146.842672479987669, -35.321184649119665 ], [ 146.721053094133367, -34.464253317338503 ], [ 145.67787094048083, -34.559856132295103 ] ] ] } },
{ "type": "Feature", "properties": { "idx": "60,31" }, "geometry": { "type": "Polygon", "coordinates": [ [ [ 146.721053094133367, -34.464253317338503 ], [ 146.842672479987669, -35.321184649119665 ], [ 147.892317275720075, -35.217566481521537 ], [ 147.762267244970133, -34.361688390418429 ], [ 146.721053094133367, -34.464253317338503 ] ] ] } },
{ "type": "Feature", "properties": { "idx": "61,31" }, "geometry": { "type": "Polygon", "coordinates": [ [ [ 147.762267244970133, -34.361688390418429 ], [ 147.892317275720075, -35.217566481521537 ], [ 148.939809848593967, -35.106945685930398 ], [ 148.801381044462829, -34.252186116637191 ], [ 147.762267244970133, -34.361688390418429 ] ] ] } },
{ "type": "Feature", "properties": { "idx": "62,31" }, "geometry": { "type": "Polygon", "coordinates": [ [ [ 148.801381044462829, -34.252186116637191 ], [ 148.939809848593967, -35.106945685930398 ], [ 149.985016423766069, -34.989349845827334 ], [ 149.838263788803772, -34.135772681559587 ], [ 148.801381044462829, -34.252186116637191 ] ] ] } },
{ "type": "Feature", "properties": { "idx": "63,31" }, "geometry": { "type": "Polygon", "coordinates": [ [ [ 149.838263788803772, -34.135772681559587 ], [ 149.985016423766069, -34.989349845827334 ], [ 151.027805033402984, -34.864807979301887 ], [ 150.872786510249, -34.012475637648443 ], [ 149.838263788803772, -34.135772681559587 ] ] ] } },
{ "type": "Feature", "properties": { "idx": "64,31" }, "geometry": { "type": "Polygon", "coordinates": [ [ [ 150.872786510249, -34.012475637648443 ], [ 151.027805033402984, -34.864807979301887 ], [ 152.068045607976842, -34.733350479494135 ], [ 151.904822065165831, -33.882323848433401 ], [ 150.872786510249, -34.012475637648443 ] ] ] } },
{ "type": "Feature", "properties": { "idx": "65,31" }, "geometry": { "type": "Polygon", "coordinates": [ [ [ 151.904822065165831, -33.882323848433401 ], [ 152.068045607976842, -34.733350479494135 ], [ 153.105610063939963, -34.595009052867503 ], [ 152.934245218654127, -33.745347430601839 ], [ 151.904822065165831, -33.882323848433401 ] ] ] } },
{ "type": "Feature", "properties": { "idx": "28,32" }, "geometry": { "type": "Polygon", "coordinates": [ [ [ 113.27976130406384, -33.161487610672161 ], [ 113.127230235341969, -34.012475132320738 ], [ 114.161752942964085, -34.135772202636808 ], [ 114.306145281710386, -33.283593344456676 ], [ 113.27976130406384, -33.161487610672161 ] ] ] } },
{ "type": "Feature", "properties": { "idx": "29,32" }, "geometry": { "type": "Polygon", "coordinates": [ [ [ 114.306145281710386, -33.283593344456676 ], [ 114.161752942964085, -34.135772202636808 ], [ 115.198635674156179, -34.252185664398183 ], [ 115.334833164947412, -33.398875330072833 ], [ 114.306145281710386, -33.283593344456676 ] ] ] } },
{ "type": "Feature", "properties": { "idx": "30,32" }, "geometry": { "type": "Polygon", "coordinates": [ [ [ 115.334833164947412, -33.398875330072833 ], [ 115.198635674156179, -34.252185664398183 ], [ 116.23774946119353, -34.361687965127686 ], [ 116.365698898068345, -33.507307398926173 ], [ 115.334833164947412, -33.398875330072833 ] ] ] } },
{ "type": "Feature", "properties": { "idx": "31,32" }, "geometry": { "type": "Polygon", "coordinates": [ [ [ 116.365698898068345, -33.507307398926173 ], [ 116.23774946119353, -34.361687965127686 ], [ 117.278963600286986, -34.464252919245823 ], [ 117.398614756952114, -33.608864684730712 ], [ 116.365698898068345, -33.507307398926173 ] ] ] } },
{ "type": "Feature", "properties": { "idx": "32,32" }, "geometry": { "type": "Polygon", "coordinates": [ [ [ 117.398614756952114, -33.608864684730712 ], [ 117.278963600286986, -34.464252919245823 ], [ 118.32214574292577, -34.559855761635319 ], [ 118.433451437114584, -33.70352367376239 ], [ 117.398614756952114, -33.608864684730712 ] ] ] } },
{ "type": "Feature", "properties": { "idx": "33,32" }, "geometry": { "type": "Polygon", "coordinates": [ [ [ 118.433451437114584, -33.70352367376239 ], [ 118.32214574292577, -34.559855761635319 ], [ 119.36716199037069, -34.648473198751496 ], [ 119.470078144741194, -33.791262252779049 ], [ 118.433451437114584, -33.70352367376239 ] ] ] } },
{ "type": "Feature", "properties": { "idx": "34,32" }, "geometry": { "type": "Polygon", "coordinates": [ [ [ 119.470078144741194, -33.791262252779049 ], [ 119.36716199037069, -34.648473198751496 ], [ 120.413876991143582, -34.730083457098168 ], [ 120.50836269055381, -33.872059754442631 ], [ 119.470078144741194, -33.791262252779049 ] ] ] } },
{ "type": "Feature", "properties": { "idx": "35,32" }, "geometry": { "type": "Polygon", "coordinates": [ [ [ 120.50836269055381, -33.872059754442631 ], [ 120.413876991143582, -34.730083457098168 ], [ 121.462154041346921, -34.804666328894001 ], [ 121.548171586354101, -33.945897000084102 ], [ 120.50836269055381, -33.872059754442631 ] ] ] } },
{ "type": "Feature", "properties": { "idx": "36,32" }, "geometry": { "type": "Polygon", "coordinates": [ [ [ 121.548171586354101, -33.945897000084102 ], [ 121.462154041346921, -34.804666328894001 ], [ 122.511855187638574, -34.872203214761299 ], [ 122.589370144076995, -34.01275633965988 ], [ 121.548171586354101, -33.945897000084102 ] ] ] } },
{ "type": "Feature", "properties": { "idx": "37,32" }, "geometry": { "type": "Polygon", "coordinates": [ [ [ 122.589370144076995, -34.01275633965988 ], [ 122.511855187638574, -34.872203214761299 ], [ 123.562841332675859, -34.932677163278527 ], [ 123.631822577178568, -34.072621688754225 ], [ 122.589370144076995, -34.01275633965988 ] ] ] } },
{ "type": "Feature", "properties": { "idx": "38,32" }, "geometry": { "type": "Polygon", "coordinates": [ [ [ 123.631822577178568, -34.072621688754225 ], [ 123.562841332675859, -34.932677163278527 ], [ 124.6149723428355, -34.986072907247362 ], [ 124.675392104174037, -34.125478562493711 ], [ 123.631822577178568, -34.072621688754225 ] ] ] } },
{ "type": "Feature", "properties": { "idx": "39,32" }, "geometry": { "type": "Polygon", "coordinates": [ [ [ 124.675392104174037, -34.125478562493711 ], [ 124.6149723428355, -34.986072907247362 ], [ 125.668107158006535, -35.032376896534835 ], [ 125.719941054134651, -34.17131410624652 ], [ 124.675392104174037, -34.125478562493711 ] ] ] } },
{ "type": "Feature", "properties": { "idx": "47,32" }, "geometry": { "type": "Polygon", "coordinates": [ [ [ 133.047506605686124, -34.294839265774023 ], [ 133.056166063350389, -35.157169870902209 ], [ 134.112179477869546, -35.146465996340076 ], [ 134.094864066270674, -34.284244440325217 ], [ 133.047506605686124, -34.294839265774023 ] ] ] } },
{ "type": "Feature", "properties": { "idx": "48,32" }, "geometry": { "type": "Polygon", "coordinates": [ [ [ 134.094864066270674, -34.284244440325217 ], [ 134.112179477869546, -35.146465996340076 ], [ 135.167904325289072, -35.128629267236505 ], [ 135.141939997111763, -34.266589301311143 ], [ 134.094864066270674, -34.284244440325217 ] ] ] } },
{ "type": "Feature", "properties": { "idx": "49,32" }, "geometry": { "type": "Polygon", "coordinates": [ [ [ 135.141939997111763, -34.266589301311143 ], [ 135.167904325289072, -35.128629267236505 ], [ 136.223196617419489, -35.103664283761262 ], [ 136.188593916792115, -34.24187821153005 ], [ 135.141939997111763, -34.266589301311143 ] ] ] } },
{ "type": "Feature", "properties": { "idx": "50,32" }, "geometry": { "type": "Polygon", "coordinates": [ [ [ 136.188593916792115, -34.24187821153005 ], [ 136.223196617419489, -35.103664283761262 ], [ 137.277912720083378, -35.071577472007789 ], [ 137.234685683648337, -34.210117265697725 ], [ 136.188593916792115, -34.24187821153005 ] ] ] } },
{ "type": "Feature", "properties": { "idx": "51,32" }, "geometry": { "type": "Polygon", "coordinates": [ [ [ 137.234685683648337, -34.210117265697725 ], [ 137.277912720083378, -35.071577472007789 ], [ 138.33190946999261, -35.032377069914027 ], [ 138.280075607957968, -34.171314277303985 ], [ 137.234685683648337, -34.210117265697725 ] ] ] } },
{ "type": "Feature", "properties": { "idx": "52,32" }, "geometry": { "type": "Polygon", "coordinates": [ [ [ 138.280075607957968, -34.171314277303985 ], [ 138.33190946999261, -35.032377069914027 ], [ 139.385044290665434, -34.986073109257887 ], [ 139.324624563220624, -34.125478761802029 ], [ 138.280075607957968, -34.171314277303985 ] ] ] } },
{ "type": "Feature", "properties": { "idx": "53,32" }, "geometry": { "type": "Polygon", "coordinates": [ [ [ 139.324624563220624, -34.125478761802029 ], [ 139.385044290665434, -34.986073109257887 ], [ 140.437175307149886, -34.932677393798649 ], [ 140.368194096311697, -34.07262191619477 ], [ 139.324624563220624, -34.125478761802029 ] ] ] } },
{ "type": "Feature", "properties": { "idx": "54,32" }, "geometry": { "type": "Polygon", "coordinates": [ [ [ 140.368194096311697, -34.07262191619477 ], [ 140.437175307149886, -34.932677393798649 ], [ 141.488161459324999, -34.872203473652483 ], [ 141.410646536293058, -34.012756595097386 ], [ 140.368194096311697, -34.07262191619477 ] ] ] } },
{ "type": "Feature", "properties": { "idx": "55,32" }, "geometry": { "type": "Polygon", "coordinates": [ [ [ 141.410646536293058, -34.012756595097386 ], [ 141.488161459324999, -34.872203473652483 ], [ 142.53786261355657, -34.804666616001022 ], [ 142.451845101669534, -33.945897283367238 ], [ 141.410646536293058, -34.012756595097386 ] ] ] } },
{ "type": "Feature", "properties": { "idx": "56,32" }, "geometry": { "type": "Polygon", "coordinates": [ [ [ 142.451845101669534, -33.945897283367238 ], [ 142.53786261355657, -34.804666616001022 ], [ 143.586139672489509, -34.730083772249316 ], [ 143.491654005885437, -33.872060065403758 ], [ 142.451845101669534, -33.945897283367238 ] ] ] } },
{ "type": "Feature", "properties": { "idx": "57,32" }, "geometry": { "type": "Polygon", "coordinates": [ [ [ 143.491654005885437, -33.872060065403758 ], [ 143.586139672489509, -34.730083772249316 ], [ 144.632854682768283, -34.648473541758875 ], [ 144.529938560863087, -33.791262591234862 ], [ 143.491654005885437, -33.872060065403758 ] ] ] } },
{ "type": "Feature", "properties": { "idx": "58,32" }, "geometry": { "type": "Polygon", "coordinates": [ [ [ 144.529938560863087, -33.791262591234862 ], [ 144.632854682768283, -34.648473541758875 ], [ 145.67787094048083, -34.559856132295103 ], [ 145.566565278390357, -33.703524039513972 ], [ 144.529938560863087, -33.791262591234862 ] ] ] } },
{ "type": "Feature", "properties": { "idx": "59,32" }, "geometry": { "type": "Polygon", "coordinates": [ [ [ 145.566565278390357, -33.703524039513972 ], [ 145.67787094048083, -34.559856132295103 ], [ 146.721053094133367, -34.464253317338503 ], [ 146.601401969174333, -33.60886507756387 ], [ 145.566565278390357, -33.703524039513972 ] ] ] } },
{ "type": "Feature", "properties": { "idx": "60,32" }, "geometry": { "type": "Polygon", "coordinates": [ [ [ 146.601401969174333, -33.60886507756387 ], [ 146.721053094133367, -34.464253317338503 ], [ 147.762267244970133, -34.361688390418429 ], [ 147.634317839384806, -33.5073078186117 ], [ 146.601401969174333, -33.60886507756387 ] ] ] } },
{ "type": "Feature", "properties": { "idx": "61,32" }, "geometry": { "type": "Polygon", "coordinates": [ [ [ 147.634317839384806, -33.5073078186117 ], [ 147.762267244970133, -34.361688390418429 ], [ 148.801381044462829, -34.252186116637191 ], [ 148.665183584520946, -33.398875776366872 ], [ 147.634317839384806, -33.5073078186117 ] ] ] } },
{ "type": "Feature", "properties": { "idx": "62,32" }, "geometry": { "type": "Polygon", "coordinates": [ [ [ 148.665183584520946, -33.398875776366872 ], [ 148.801381044462829, -34.252186116637191 ], [ 149.838263788803772, -34.135772681559587 ], [ 149.693871480444244, -33.283593817100979 ], [ 148.665183584520946, -33.398875776366872 ] ] ] } },
{ "type": "Feature", "properties": { "idx": "63,32" }, "geometry": { "type": "Polygon", "coordinates": [ [ [ 149.693871480444244, -33.283593817100979 ], [ 149.838263788803772, -34.135772681559587 ], [ 150.872786510249, -34.012475637648443 ], [ 150.720255471429823, -33.161488109394497 ], [ 149.693871480444244, -33.283593817100979 ] ] ] } },
{ "type": "Feature", "properties": { "idx": "64,32" }, "geometry": { "type": "Polygon", "coordinates": [ [ [ 150.720255471429823, -33.161488109394497 ], [ 150.872786510249, -34.012475637648443 ], [ 151.904822065165831, -33.882323848433401 ], [ 151.744211255099458, -33.032586071719933 ], [ 150.720255471429823, -33.161488109394497 ] ] ] } },
{ "type": "Feature", "properties": { "idx": "65,32" }, "geometry": { "type": "Polygon", "coordinates": [ [ [ 151.744211255099458, -33.032586071719933 ], [ 151.904822065165831, -33.882323848433401 ], [ 152.934245218654127, -33.745347430601839 ], [ 152.765616364109263, -32.896916318034322 ], [ 151.744211255099458, -33.032586071719933 ] ] ] } },
{ "type": "Feature", "properties": { "idx": "66,32" }, "geometry": { "type": "Polygon", "coordinates": [ [ [ 152.765616364109263, -32.896916318034322 ], [ 152.934245218654127, -33.745347430601839 ], [ 153.960932725618875, -33.601577694205638 ], [ 153.784350244476997, -32.754508601557141 ], [ 152.765616364109263, -32.896916318034322 ] ] ] } },
{ "type": "Feature", "properties": { "idx": "71,32" }, "geometry": { "type": "Polygon", "coordinates": [ [ [ 157.830233459509316, -32.118129766749291 ], [ 158.037935259053455, -32.959230048336636 ], [ 159.049170706794001, -32.782000755424228 ], [ 158.833874893426156, -31.942514281883245 ], [ 157.830233459509316, -32.118129766749291 ] ] ] } },
{ "type": "Feature", "properties": { "idx": "72,32" }, "geometry": { "type": "Polygon", "coordinates": [ [ [ 158.833874893426156, -31.942514281883245 ], [ 159.049170706794001, -32.782000755424228 ], [ 160.056976891479138, -32.598187527899533 ], [ 159.834165894289583, -31.760359945681127 ], [ 158.833874893426156, -31.942514281883245 ] ] ] } },
{ "type": "Feature", "properties": { "idx": "73,32" }, "geometry": { "type": "Polygon", "coordinates": [ [ [ 159.834165894289583, -31.760359945681127 ], [ 160.056976891479138, -32.598187527899533 ], [ 161.061246448838261, -32.407828237485212 ], [ 160.831001193402216, -31.571702796744546 ], [ 159.834165894289583, -31.760359945681127 ] ] ] } },
{ "type": "Feature", "properties": { "idx": "81,32" }, "geometry": { "type": "Polygon", "coordinates": [ [ [ 167.70376237780232, -30.072170443777782 ], [ 167.983624871653461, -30.895328250396982 ], [ 168.956044880232525, -30.654029971125809 ], [ 168.669459864311619, -29.83285203176284 ], [ 167.70376237780232, -30.072170443777782 ] ] ] } },
{ "type": "Feature", "properties": { "idx": "28,33" }, "geometry": { "type": "Polygon", "coordinates": [ [ [ 113.429863859148057, -32.311620249143544 ], [ 113.27976130406384, -33.161487610672161 ], [ 114.306145281710386, -33.283593344456676 ], [ 114.448233422787325, -32.432585554200777 ], [ 113.429863859148057, -32.311620249143544 ] ] ] } },
{ "type": "Feature", "properties": { "idx": "29,33" }, "geometry": { "type": "Polygon", "coordinates": [ [ [ 114.448233422787325, -32.432585554200777 ], [ 114.306145281710386, -33.283593344456676 ], [ 115.334833164947412, -33.398875330072833 ], [ 115.468852527924682, -32.546784521022261 ], [ 114.448233422787325, -32.432585554200777 ] ] ] } },
{ "type": "Feature", "properties": { "idx": "30,33" }, "geometry": { "type": "Polygon", "coordinates": [ [ [ 115.468852527924682, -32.546784521022261 ], [ 115.334833164947412, -33.398875330072833 ], [ 116.365698898068345, -33.507307398926173 ], [ 116.491597945917889, -32.654192289662284 ], [ 115.468852527924682, -32.546784521022261 ] ] ] } },
{ "type": "Feature", "properties": { "idx": "31,33" }, "geometry": { "type": "Polygon", "coordinates": [ [ [ 116.491597945917889, -32.654192289662284 ], [ 116.365698898068345, -33.507307398926173 ], [ 117.398614756952114, -33.608864684730712 ], [ 117.516344844239725, -32.754785240808133 ], [ 116.491597945917889, -32.654192289662284 ] ] ] } },
{ "type": "Feature", "properties": { "idx": "32,33" }, "geometry": { "type": "Polygon", "coordinates": [ [ [ 117.516344844239725, -32.754785240808133 ], [ 117.398614756952114, -33.608864684730712 ], [ 118.433451437114584, -33.70352367376239 ], [ 118.54296687137537, -32.848541042998328 ], [ 117.516344844239725, -32.754785240808133 ] ] ] } },
{ "type": "Feature", "properties": { "idx": "33,33" }, "geometry": { "type": "Polygon", "coordinates": [ [ [ 118.54296687137537, -32.848541042998328 ], [ 118.433451437114584, -33.70352367376239 ], [ 119.470078144741194, -33.791262252779049 ], [ 119.571336244541996, -32.935438697619702 ], [ 118.54296687137537, -32.848541042998328 ] ] ] } },
{ "type": "Feature", "properties": { "idx": "34,33" }, "geometry": { "type": "Polygon", "coordinates": [ [ [ 119.571336244541996, -32.935438697619702 ], [ 119.470078144741194, -33.791262252779049 ], [ 120.50836269055381, -33.872059754442631 ], [ 120.601323840090302, -33.015458581533984 ], [ 119.571336244541996, -32.935438697619702 ] ] ] } },
{ "type": "Feature", "properties": { "idx": "35,33" }, "geometry": { "type": "Polygon", "coordinates": [ [ [ 120.601323840090302, -33.015458581533984 ], [ 120.50836269055381, -33.872059754442631 ], [ 121.548171586354101, -33.945897000084102 ], [ 121.632799286438612, -33.088582487189157 ], [ 120.601323840090302, -33.015458581533984 ] ] ] } },
{ "type": "Feature", "properties": { "idx": "36,33" }, "geometry": { "type": "Polygon", "coordinates": [ [ [ 121.632799286438612, -33.088582487189157 ], [ 121.548171586354101, -33.945897000084102 ], [ 122.589370144076995, -34.01275633965988 ], [ 122.665631059380502, -33.154793660077104 ], [ 121.632799286438612, -33.088582487189157 ] ] ] } },
{ "type": "Feature", "properties": { "idx": "37,33" }, "geometry": { "type": "Polygon", "coordinates": [ [ [ 122.665631059380502, -33.154793660077104 ], [ 122.589370144076995, -34.01275633965988 ], [ 123.631822577178568, -34.072621688754225 ], [ 123.699686579600638, -33.214076833406239 ], [ 122.665631059380502, -33.154793660077104 ] ] ] } },
{ "type": "Feature", "properties": { "idx": "38,33" }, "geometry": { "type": "Polygon", "coordinates": [ [ [ 123.699686579600638, -33.214076833406239 ], [ 123.631822577178568, -34.072621688754225 ], [ 124.675392104174037, -34.125478562493711 ], [ 124.734832312222991, -33.266418259867137 ], [ 123.699686579600638, -33.214076833406239 ] ] ] } },
{ "type": "Feature", "properties": { "idx": "39,33" }, "geometry": { "type": "Polygon", "coordinates": [ [ [ 124.734832312222991, -33.266418259867137 ], [ 124.675392104174037, -34.125478562493711 ], [ 125.719941054134651, -34.17131410624652 ], [ 125.770933868210477, -33.31180574037586 ], [ 124.734832312222991, -33.266418259867137 ] ] ] } },
{ "type": "Feature", "properties": { "idx": "40,33" }, "geometry": { "type": "Polygon", "coordinates": [ [ [ 125.770933868210477, -33.31180574037586 ], [ 125.719941054134651, -34.17131410624652 ], [ 126.765330973943946, -34.210117122993196 ], [ 126.80785610742781, -33.350228649691907 ], [ 125.770933868210477, -33.31180574037586 ] ] ] } },
{ "type": "Feature", "properties": { "idx": "46,33" }, "geometry": { "type": "Polygon", "coordinates": [ [ [ 132.000008340507435, -33.437615456341099 ], [ 132.000008323658193, -34.298371156201746 ], [ 133.047506605686124, -34.294839265774023 ], [ 133.03898798831176, -33.434118344244972 ], [ 132.000008340507435, -33.437615456341099 ] ] ] } },
{ "type": "Feature", "properties": { "idx": "47,33" }, "geometry": { "type": "Polygon", "coordinates": [ [ [ 133.03898798831176, -33.434118344244972 ], [ 133.047506605686124, -34.294839265774023 ], [ 134.094864066270674, -34.284244440325217 ], [ 134.07783022213485, -33.423627809339578 ], [ 133.03898798831176, -33.434118344244972 ] ] ] } },
{ "type": "Feature", "properties": { "idx": "48,33" }, "geometry": { "type": "Polygon", "coordinates": [ [ [ 134.07783022213485, -33.423627809339578 ], [ 134.094864066270674, -34.284244440325217 ], [ 135.141939997111763, -34.266589301311143 ], [ 135.116397736611759, -33.406146338696175 ], [ 134.07783022213485, -33.423627809339578 ] ] ] } },
{ "type": "Feature", "properties": { "idx": "49,33" }, "geometry": { "type": "Polygon", "coordinates": [ [ [ 135.116397736611759, -33.406146338696175 ], [ 135.141939997111763, -34.266589301311143 ], [ 136.188593916792115, -34.24187821153005 ], [ 136.154553444189446, -33.381678071548798 ], [ 135.116397736611759, -33.406146338696175 ] ] ] } },
{ "type": "Feature", "properties": { "idx": "50,33" }, "geometry": { "type": "Polygon", "coordinates": [ [ [ 136.154553444189446, -33.381678071548798 ], [ 136.188593916792115, -34.24187821153005 ], [ 137.234685683648337, -34.210117265697725 ], [ 137.192160583493433, -33.350228790481978 ], [ 136.154553444189446, -33.381678071548798 ] ] ] } },
{ "type": "Feature", "properties": { "idx": "51,33" }, "geometry": { "type": "Polygon", "coordinates": [ [ [ 137.192160583493433, -33.350228790481978 ], [ 137.234685683648337, -34.210117265697725 ], [ 138.280075607957968, -34.171314277303985 ], [ 138.229082827049638, -33.311805909140567 ], [ 137.192160583493433, -33.350228790481978 ] ] ] } },
{ "type": "Feature", "properties": { "idx": "52,33" }, "geometry": { "type": "Polygon", "coordinates": [ [ [ 138.229082827049638, -33.311805909140567 ], [ 138.280075607957968, -34.171314277303985 ], [ 139.324624563220624, -34.125478761802029 ], [ 139.265184388149265, -33.266418456506983 ], [ 138.229082827049638, -33.311805909140567 ] ] ] } },
{ "type": "Feature", "properties": { "idx": "53,33" }, "geometry": { "type": "Polygon", "coordinates": [ [ [ 139.265184388149265, -33.266418456506983 ], [ 139.324624563220624, -34.125478761802029 ], [ 140.368194096311697, -34.07262191619477 ], [ 140.300330126649328, -33.214077057805298 ], [ 139.265184388149265, -33.266418456506983 ] ] ] } },
{ "type": "Feature", "properties": { "idx": "54,33" }, "geometry": { "type": "Polygon", "coordinates": [ [ [ 140.300330126649328, -33.214077057805298 ], [ 140.368194096311697, -34.07262191619477 ], [ 141.410646536293058, -34.012756595097386 ], [ 141.334385653503915, -33.154793912103521 ], [ 140.300330126649328, -33.214077057805298 ] ] ] } },
{ "type": "Feature", "properties": { "idx": "55,33" }, "geometry": { "type": "Polygon", "coordinates": [ [ [ 141.334385653503915, -33.154793912103521 ], [ 141.410646536293058, -34.012756595097386 ], [ 142.451845101669534, -33.945897283367238 ], [ 142.367217433827022, -33.088582766695154 ], [ 141.334385653503915, -33.154793912103521 ] ] ] } },
{ "type": "Feature", "properties": { "idx": "56,33" }, "geometry": { "type": "Polygon", "coordinates": [ [ [ 142.367217433827022, -33.088582766695154 ], [ 142.451845101669534, -33.945897283367238 ], [ 143.491654005885437, -33.872060065403758 ], [ 143.398692888292231, -33.015458888356058 ], [ 142.367217433827022, -33.088582766695154 ] ] ] } },
{ "type": "Feature", "properties": { "idx": "57,33" }, "geometry": { "type": "Polygon", "coordinates": [ [ [ 143.398692888292231, -33.015458888356058 ], [ 143.491654005885437, -33.872060065403758 ], [ 144.529938560863087, -33.791262591234862 ], [ 144.428680492681281, -32.935439031578987 ], [ 143.398692888292231, -33.015458888356058 ] ] ] } },
{ "type": "Feature", "properties": { "idx": "58,33" }, "geometry": { "type": "Polygon", "coordinates": [ [ [ 144.428680492681281, -32.935439031578987 ], [ 144.529938560863087, -33.791262591234862 ], [ 145.566565278390357, -33.703524039513972 ], [ 145.457049875399264, -32.84854140390064 ], [ 144.428680492681281, -32.935439031578987 ] ] ] } },
{ "type": "Feature", "properties": { "idx": "59,33" }, "geometry": { "type": "Polygon", "coordinates": [ [ [ 145.457049875399264, -32.84854140390064 ], [ 145.566565278390357, -33.703524039513972 ], [ 146.601401969174333, -33.60886507756387 ], [ 146.48367191278308, -32.754785628444374 ], [ 145.457049875399264, -32.84854140390064 ] ] ] } },
{ "type": "Feature", "properties": { "idx": "60,33" }, "geometry": { "type": "Polygon", "coordinates": [ [ [ 146.48367191278308, -32.754785628444374 ], [ 146.601401969174333, -33.60886507756387 ], [ 147.634317839384806, -33.5073078186117 ], [ 147.508418822034912, -32.654192703808654 ], [ 146.48367191278308, -32.754785628444374 ] ] ] } },
{ "type": "Feature", "properties": { "idx": "61,33" }, "geometry": { "type": "Polygon", "coordinates": [ [ [ 147.508418822034912, -32.654192703808654 ], [ 147.634317839384806, -33.5073078186117 ], [ 148.665183584520946, -33.398875776366872 ], [ 148.531164251624205, -32.546784961440743 ], [ 147.508418822034912, -32.654192703808654 ] ] ] } },
{ "type": "Feature", "properties": { "idx": "62,33" }, "geometry": { "type": "Polygon", "coordinates": [ [ [ 148.531164251624205, -32.546784961440743 ], [ 148.665183584520946, -33.398875776366872 ], [ 149.693871480444244, -33.283593817100979 ], [ 149.551783369007126, -32.432586020639235 ], [ 148.531164251624205, -32.546784961440743 ] ] ] } },
{ "type": "Feature", "properties": { "idx": "63,33" }, "geometry": { "type": "Polygon", "coordinates": [ [ [ 149.551783369007126, -32.432586020639235 ], [ 149.693871480444244, -33.283593817100979 ], [ 150.720255471429823, -33.161488109394497 ], [ 150.570152945524171, -32.311620741336107 ], [ 149.551783369007126, -32.432586020639235 ] ] ] } },
{ "type": "Feature", "properties": { "idx": "64,33" }, "geometry": { "type": "Polygon", "coordinates": [ [ [ 150.570152945524171, -32.311620741336107 ], [ 150.720255471429823, -33.161488109394497 ], [ 151.744211255099458, -33.032586071719933 ], [ 151.586151438344274, -32.183915174812888 ], [ 150.570152945524171, -32.311620741336107 ] ] ] } },
{ "type": "Feature", "properties": { "idx": "65,33" }, "geometry": { "type": "Polygon", "coordinates": [ [ [ 151.586151438344274, -32.183915174812888 ], [ 151.744211255099458, -33.032586071719933 ], [ 152.765616364109263, -32.896916318034322 ], [ 152.599659069335615, -32.049496512508213 ], [ 151.586151438344274, -32.183915174812888 ] ] ] } },
{ "type": "Feature", "properties": { "idx": "66,33" }, "geometry": { "type": "Polygon", "coordinates": [ [ [ 152.599659069335615, -32.049496512508213 ], [ 152.765616364109263, -32.896916318034322 ], [ 153.784350244476997, -32.754508601557141 ], [ 153.610557900751132, -31.908393033078369 ], [ 152.599659069335615, -32.049496512508213 ] ] ] } },
{ "type": "Feature", "properties": { "idx": "67,33" }, "geometry": { "type": "Polygon", "coordinates": [ [ [ 153.610557900751132, -31.908393033078369 ], [ 153.784350244476997, -32.754508601557141 ], [ 154.800294330443705, -32.605393756911162 ], [ 154.618731907629609, -31.760634047872671 ], [ 153.610557900751132, -31.908393033078369 ] ] ] } },
{ "type": "Feature", "properties": { "idx": "71,33" }, "geometry": { "type": "Polygon", "coordinates": [ [ [ 157.625774848519939, -31.277731477948141 ], [ 157.830233459509316, -32.118129766749291 ], [ 158.833874893426156, -31.942514281883245 ], [ 158.621929906266502, -31.103662253532097 ], [ 157.625774848519939, -31.277731477948141 ] ] ] } },
{ "type": "Feature", "properties": { "idx": "72,33" }, "geometry": { "type": "Polygon", "coordinates": [ [ [ 158.621929906266502, -31.103662253532097 ], [ 158.833874893426156, -31.942514281883245 ], [ 159.834165894289583, -31.760359945681127 ], [ 159.614811000120142, -30.923097571643261 ], [ 158.621929906266502, -31.103662253532097 ] ] ] } },
{ "type": "Feature", "properties": { "idx": "73,33" }, "geometry": { "type": "Polygon", "coordinates": [ [ [ 159.614811000120142, -30.923097571643261 ], [ 159.834165894289583, -31.760359945681127 ], [ 160.831001193402216, -31.571702796744546 ], [ 160.604314908323573, -30.736071726441583 ], [ 159.614811000120142, -30.923097571643261 ] ] ] } },
{ "type": "Feature", "properties": { "idx": "80,33" }, "geometry": { "type": "Polygon", "coordinates": [ [ [ 166.464934743913489, -29.480223088265859 ], [ 166.73385702627462, -30.305292150266695 ], [ 167.70376237780232, -30.072170443777782 ], [ 167.42810819199525, -29.248973675900658 ], [ 166.464934743913489, -29.480223088265859 ] ] ] } },
{ "type": "Feature", "properties": { "idx": "81,33" }, "geometry": { "type": "Polygon", "coordinates": [ [ [ 167.42810819199525, -29.248973675900658 ], [ 167.70376237780232, -30.072170443777782 ], [ 168.669459864311619, -29.83285203176284 ], [ 168.387165462833252, -29.011554610156004 ], [ 167.42810819199525, -29.248973675900658 ] ] ] } },
{ "type": "Feature", "properties": { "idx": "82,33" }, "geometry": { "type": "Polygon", "coordinates": [ [ [ 168.387165462833252, -29.011554610156004 ], [ 168.669459864311619, -29.83285203176284 ], [ 169.630867181804661, -29.587376438129667 ], [ 169.342025493581417, -28.768003554328356 ], [ 168.387165462833252, -29.011554610156004 ] ] ] } },
{ "type": "Feature", "properties": { "idx": "28,34" }, "geometry": { "type": "Polygon", "coordinates": [ [ [ 113.577595035910164, -31.462656800369519 ], [ 113.429863859148057, -32.311620249143544 ], [ 114.448233422787325, -32.432585554200777 ], [ 114.588071741497089, -31.582530211620799 ], [ 113.577595035910164, -31.462656800369519 ] ] ] } },
{ "type": "Feature", "properties": { "idx": "29,34" }, "geometry": { "type": "Polygon", "coordinates": [ [ [ 114.588071741497089, -31.582530211620799 ], [ 114.448233422787325, -32.432585554200777 ], [ 115.468852527924682, -32.546784521022261 ], [ 115.600745310830348, -31.695692343022383 ], [ 114.588071741497089, -31.582530211620799 ] ] ] } },
{ "type": "Feature", "properties": { "idx": "30,34" }, "geometry": { "type": "Polygon", "coordinates": [ [ [ 115.600745310830348, -31.695692343022383 ], [ 115.468852527924682, -32.546784521022261 ], [ 116.491597945917889, -32.654192289662284 ], [ 116.615495260367652, -31.80211957394171 ], [ 115.600745310830348, -31.695692343022383 ] ] ] } },
{ "type": "Feature", "properties": { "idx": "31,34" }, "geometry": { "type": "Polygon", "coordinates": [ [ [ 116.615495260367652, -31.80211957394171 ], [ 116.491597945917889, -32.654192289662284 ], [ 117.516344844239725, -32.754785240808133 ], [ 117.632199564256567, -31.90178946542477 ], [ 116.615495260367652, -31.80211957394171 ] ] ] } },
{ "type": "Feature", "properties": { "idx": "32,34" }, "geometry": { "type": "Polygon", "coordinates": [ [ [ 117.632199564256567, -31.90178946542477 ], [ 117.516344844239725, -32.754785240808133 ], [ 118.54296687137537, -32.848541042998328 ], [ 118.650734736208591, -31.994680804627571 ], [ 117.632199564256567, -31.90178946542477 ] ] ] } },
{ "type": "Feature", "properties": { "idx": "33,34" }, "geometry": { "type": "Polygon", "coordinates": [ [ [ 118.650734736208591, -31.994680804627571 ], [ 118.54296687137537, -32.848541042998328 ], [ 119.571336244541996, -32.935438697619702 ], [ 119.670975914046124, -32.080773647132325 ], [ 118.650734736208591, -31.994680804627571 ] ] ] } },
{ "type": "Feature", "properties": { "idx": "34,34" }, "geometry": { "type": "Polygon", "coordinates": [ [ [ 119.670975914046124, -32.080773647132325 ], [ 119.571336244541996, -32.935438697619702 ], [ 120.601323840090302, -33.015458581533984 ], [ 120.692796946788619, -32.160049357011275 ], [ 119.670975914046124, -32.080773647132325 ] ] ] } },
{ "type": "Feature", "properties": { "idx": "35,34" }, "geometry": { "type": "Polygon", "coordinates": [ [ [ 120.692796946788619, -32.160049357011275 ], [ 120.601323840090302, -33.015458581533984 ], [ 121.632799286438612, -33.088582487189157 ], [ 121.716070484134988, -32.232490644506434 ], [ 120.692796946788619, -32.160049357011275 ] ] ] } },
{ "type": "Feature", "properties": { "idx": "36,34" }, "geometry": { "type": "Polygon", "coordinates": [ [ [ 121.716070484134988, -32.232490644506434 ], [ 121.632799286438612, -33.088582487189157 ], [ 122.665631059380502, -33.154793660077104 ], [ 122.740668068193372, -32.298081601199542 ], [ 121.716070484134988, -32.232490644506434 ] ] ] } },
{ "type": "Feature", "properties": { "idx": "37,34" }, "geometry": { "type": "Polygon", "coordinates": [ [ [ 122.740668068193372, -32.298081601199542 ], [ 122.665631059380502, -33.154793660077104 ], [ 123.699686579600638, -33.214076833406239 ], [ 123.766460227298367, -32.356807732552667 ], [ 122.740668068193372, -32.298081601199542 ] ] ] } },
{ "type": "Feature", "properties": { "idx": "38,34" }, "geometry": { "type": "Polygon", "coordinates": [ [ [ 123.766460227298367, -32.356807732552667 ], [ 123.699686579600638, -33.214076833406239 ], [ 124.734832312222991, -33.266418259867137 ], [ 124.793316571751433, -32.408655987707895 ], [ 123.766460227298367, -32.356807732552667 ] ] ] } },
{ "type": "Feature", "properties": { "idx": "39,34" }, "geometry": { "type": "Polygon", "coordinates": [ [ [ 124.793316571751433, -32.408655987707895 ], [ 124.734832312222991, -33.266418259867137 ], [ 125.770933868210477, -33.31180574037586 ], [ 125.821105891312314, -32.453614786442479 ], [ 124.793316571751433, -32.408655987707895 ] ] ] } },
{ "type": "Feature", "properties": { "idx": "40,34" }, "geometry": { "type": "Polygon", "coordinates": [ [ [ 125.821105891312314, -32.453614786442479 ], [ 125.770933868210477, -33.31180574037586 ], [ 126.80785610742781, -33.350228649691907 ], [ 126.849696254262255, -32.491674043185029 ], [ 125.821105891312314, -32.453614786442479 ] ] ] } },
{ "type": "Feature", "properties": { "idx": "41,34" }, "geometry": { "type": "Polygon", "coordinates": [ [ [ 126.849696254262255, -32.491674043185029 ], [ 126.80785610742781, -33.350228649691907 ], [ 127.845463243172773, -33.381677958816589 ], [ 127.878955107855916, -32.52282518800709 ], [ 126.849696254262255, -32.491674043185029 ] ] ] } },
{ "type": "Feature", "properties": { "idx": "42,34" }, "geometry": { "type": "Polygon", "coordinates": [ [ [ 127.878955107855916, -32.52282518800709 ], [ 127.845463243172773, -33.381677958816589 ], [ 128.883618947976657, -33.406146254088533 ], [ 128.908749379972846, -32.547061184515528 ], [ 127.878955107855916, -32.52282518800709 ] ] ] } },
{ "type": "Feature", "properties": { "idx": "43,34" }, "geometry": { "type": "Polygon", "coordinates": [ [ [ 128.908749379972846, -32.547061184515528 ], [ 128.883618947976657, -33.406146254088533 ], [ 129.922186460469277, -33.423627752906597 ], [ 129.938945581774988, -32.564376544581386 ], [ 128.908749379972846, -32.547061184515528 ] ] ] } },
{ "type": "Feature", "properties": { "idx": "45,34" }, "geometry": { "type": "Polygon", "coordinates": [ [ [ 130.969409911173926, -32.574767339851327 ], [ 130.961028693100587, -33.434118316020125 ], [ 132.000008340507435, -33.437615456341099 ], [ 132.000008356907585, -32.578231210000524 ], [ 130.969409911173926, -32.574767339851327 ] ] ] } },
{ "type": "Feature", "properties": { "idx": "46,34" }, "geometry": { "type": "Polygon", "coordinates": [ [ [ 132.000008356907585, -32.578231210000524 ], [ 132.000008340507435, -33.437615456341099 ], [ 133.03898798831176, -33.434118344244972 ], [ 133.030606803024568, -32.574767367696388 ], [ 132.000008356907585, -32.578231210000524 ] ] ] } },
{ "type": "Feature", "properties": { "idx": "47,34" }, "geometry": { "type": "Polygon", "coordinates": [ [ [ 133.030606803024568, -32.574767367696388 ], [ 133.03898798831176, -33.434118344244972 ], [ 134.07783022213485, -33.423627809339578 ], [ 134.061071133572966, -32.564376600255201 ], [ 133.030606803024568, -32.574767367696388 ] ] ] } },
{ "type": "Feature", "properties": { "idx": "48,34" }, "geometry": { "type": "Polygon", "coordinates": [ [ [ 134.061071133572966, -32.564376600255201 ], [ 134.07783022213485, -33.423627809339578 ], [ 135.116397736611759, -33.406146338696175 ], [ 135.09126733728894, -32.547061267985448 ], [ 134.061071133572966, -32.564376600255201 ] ] ] } },
{ "type": "Feature", "properties": { "idx": "49,34" }, "geometry": { "type": "Polygon", "coordinates": [ [ [ 135.09126733728894, -32.547061267985448 ], [ 135.116397736611759, -33.406146338696175 ], [ 136.154553444189446, -33.381678071548798 ], [ 136.121061612081206, -32.522825299224245 ], [ 135.09126733728894, -32.547061267985448 ] ] ] } },
{ "type": "Feature", "properties": { "idx": "50,34" }, "geometry": { "type": "Polygon", "coordinates": [ [ [ 136.121061612081206, -32.522825299224245 ], [ 136.154553444189446, -33.381678071548798 ], [ 137.192160583493433, -33.350228790481978 ], [ 137.150320469107754, -32.491674182084353 ], [ 136.121061612081206, -32.522825299224245 ] ] ] } },
{ "type": "Feature", "properties": { "idx": "51,34" }, "geometry": { "type": "Polygon", "coordinates": [ [ [ 137.150320469107754, -32.491674182084353 ], [ 137.192160583493433, -33.350228790481978 ], [ 138.229082827049638, -33.311805909140567 ], [ 138.178910836242949, -32.453614952942743 ], [ 137.150320469107754, -32.491674182084353 ] ] ] } },
{ "type": "Feature", "properties": { "idx": "52,34" }, "geometry": { "type": "Polygon", "coordinates": [ [ [ 138.178910836242949, -32.453614952942743 ], [ 138.229082827049638, -33.311805909140567 ], [ 139.265184388149265, -33.266418456506983 ], [ 139.206700160735295, -32.408656181711933 ], [ 138.178910836242949, -32.453614952942743 ] ] ] } },
{ "type": "Feature", "properties": { "idx": "53,34" }, "geometry": { "type": "Polygon", "coordinates": [ [ [ 139.206700160735295, -32.408656181711933 ], [ 139.265184388149265, -33.266418456506983 ], [ 140.300330126649328, -33.214077057805298 ], [ 140.233556510858705, -32.356807953947474 ], [ 139.206700160735295, -32.408656181711933 ] ] ] } },
{ "type": "Feature", "properties": { "idx": "54,34" }, "geometry": { "type": "Polygon", "coordinates": [ [ [ 140.233556510858705, -32.356807953947474 ], [ 140.300330126649328, -33.214077057805298 ], [ 141.334385653503915, -33.154793912103521 ], [ 141.25934867636451, -32.298081849856331 ], [ 140.233556510858705, -32.356807953947474 ] ] ] } },
{ "type": "Feature", "properties": { "idx": "55,34" }, "geometry": { "type": "Polygon", "coordinates": [ [ [ 141.25934867636451, -32.298081849856331 ], [ 141.334385653503915, -33.154793912103521 ], [ 142.367217433827022, -33.088582766695154 ], [ 142.283946267544792, -32.232490920281037 ], [ 141.25934867636451, -32.298081849856331 ] ] ] } },
{ "type": "Feature", "properties": { "idx": "56,34" }, "geometry": { "type": "Polygon", "coordinates": [ [ [ 142.283946267544792, -32.232490920281037 ], [ 142.367217433827022, -33.088582766695154 ], [ 143.398692888292231, -33.015458888356058 ], [ 143.307219812723702, -32.160049659744153 ], [ 142.283946267544792, -32.232490920281037 ] ] ] } },
{ "type": "Feature", "properties": { "idx": "57,34" }, "geometry": { "type": "Polygon", "coordinates": [ [ [ 143.307219812723702, -32.160049659744153 ], [ 143.398692888292231, -33.015458888356058 ], [ 144.428680492681281, -32.935439031578987 ], [ 144.329040853998038, -32.080773976648786 ], [ 143.307219812723702, -32.160049659744153 ] ] ] } },
{ "type": "Feature", "properties": { "idx": "58,34" }, "geometry": { "type": "Polygon", "coordinates": [ [ [ 144.329040853998038, -32.080773976648786 ], [ 144.428680492681281, -32.935439031578987 ], [ 145.457049875399264, -32.84854140390064 ], [ 145.349282041054323, -31.994681160738114 ], [ 144.329040853998038, -32.080773976648786 ] ] ] } },
{ "type": "Feature", "properties": { "idx": "59,34" }, "geometry": { "type": "Polygon", "coordinates": [ [ [ 145.349282041054323, -31.994681160738114 ], [ 145.457049875399264, -32.84854140390064 ], [ 146.48367191278308, -32.754785628444374 ], [ 146.367817222898708, -31.901789847925198 ], [ 145.349282041054323, -31.994681160738114 ] ] ] } },
{ "type": "Feature", "properties": { "idx": "60,34" }, "geometry": { "type": "Polygon", "coordinates": [ [ [ 146.367817222898708, -31.901789847925198 ], [ 146.48367191278308, -32.754785628444374 ], [ 147.508418822034912, -32.654192703808654 ], [ 147.384521537339594, -31.802119982613597 ], [ 146.367817222898708, -31.901789847925198 ] ] ] } },
{ "type": "Feature", "properties": { "idx": "61,34" }, "geometry": { "type": "Polygon", "coordinates": [ [ [ 147.384521537339594, -31.802119982613597 ], [ 147.508418822034912, -32.654192703808654 ], [ 148.531164251624205, -32.546784961440743 ], [ 148.399271498073489, -31.695692777633198 ], [ 147.384521537339594, -31.802119982613597 ] ] ] } },
{ "type": "Feature", "properties": { "idx": "62,34" }, "geometry": { "type": "Polygon", "coordinates": [ [ [ 148.399271498073489, -31.695692777633198 ], [ 148.531164251624205, -32.546784961440743 ], [ 149.551783369007126, -32.432586020639235 ], [ 149.411945079232197, -31.582530671924317 ], [ 148.399271498073489, -31.695692777633198 ] ] ] } },
{ "type": "Feature", "properties": { "idx": "63,34" }, "geometry": { "type": "Polygon", "coordinates": [ [ [ 149.411945079232197, -31.582530671924317 ], [ 149.551783369007126, -32.432586020639235 ], [ 150.570152945524171, -32.311620741336107 ], [ 150.422421797256959, -31.462657286106076 ], [ 149.411945079232197, -31.582530671924317 ] ] ] } },
{ "type": "Feature", "properties": { "idx": "64,34" }, "geometry": { "type": "Polygon", "coordinates": [ [ [ 150.422421797256959, -31.462657286106076 ], [ 150.570152945524171, -32.311620741336107 ], [ 151.586151438344274, -32.183915174812888 ], [ 151.430582789975091, -31.336097376070551 ], [ 150.422421797256959, -31.462657286106076 ] ] ] } },
{ "type": "Feature", "properties": { "idx": "65,34" }, "geometry": { "type": "Polygon", "coordinates": [ [ [ 151.430582789975091, -31.336097376070551 ], [ 151.586151438344274, -32.183915174812888 ], [ 152.599659069335615, -32.049496512508213 ], [ 152.436310892764027, -31.202876784746916 ], [ 151.430582789975091, -31.336097376070551 ] ] ] } },
{ "type": "Feature", "properties": { "idx": "66,34" }, "geometry": { "type": "Polygon", "coordinates": [ [ [ 152.436310892764027, -31.202876784746916 ], [ 152.599659069335615, -32.049496512508213 ], [ 153.610557900751132, -31.908393033078369 ], [ 153.439490711696322, -31.063022392182301 ], [ 152.436310892764027, -31.202876784746916 ] ] ] } },
{ "type": "Feature", "properties": { "idx": "67,34" }, "geometry": { "type": "Polygon", "coordinates": [ [ [ 153.439490711696322, -31.063022392182301 ], [ 153.610557900751132, -31.908393033078369 ], [ 154.618731907629609, -31.760634047872671 ], [ 154.440008693569212, -30.916562064088843 ], [ 153.439490711696322, -31.063022392182301 ] ] ] } },
{ "type": "Feature", "properties": { "idx": "71,34" }, "geometry": { "type": "Polygon", "coordinates": [ [ [ 157.424485076056129, -30.437837790617131 ], [ 157.625774848519939, -31.277731477948141 ], [ 158.621929906266502, -31.103662253532097 ], [ 158.413259261853256, -30.265250216566496 ], [ 157.424485076056129, -30.437837790617131 ] ] ] } },
{ "type": "Feature", "properties": { "idx": "72,34" }, "geometry": { "type": "Polygon", "coordinates": [ [ [ 158.413259261853256, -30.265250216566496 ], [ 158.621929906266502, -31.103662253532097 ], [ 159.614811000120142, -30.923097571643261 ], [ 159.398833678379219, -30.086208931033969 ], [ 158.413259261853256, -30.265250216566496 ] ] ] } },
{ "type": "Feature", "properties": { "idx": "73,34" }, "geometry": { "type": "Polygon", "coordinates": [ [ [ 159.398833678379219, -30.086208931033969 ], [ 159.614811000120142, -30.923097571643261 ], [ 160.604314908323573, -30.736071726441583 ], [ 160.381107103325178, -29.900746566030087 ], [ 159.398833678379219, -30.086208931033969 ] ] ] } },
{ "type": "Feature", "properties": { "idx": "80,34" }, "geometry": { "type": "Polygon", "coordinates": [ [ [ 166.200045432343444, -28.655024686809028 ], [ 166.464934743913489, -29.480223088265859 ], [ 167.42810819199525, -29.248973675900658 ], [ 167.156570611535187, -28.425571054968472 ], [ 166.200045432343444, -28.655024686809028 ] ] ] } },
{ "type": "Feature", "properties": { "idx": "81,34" }, "geometry": { "type": "Polygon", "coordinates": [ [ [ 167.156570611535187, -28.425571054968472 ], [ 167.42810819199525, -29.248973675900658 ], [ 168.387165462833252, -29.011554610156004 ], [ 168.109068732020489, -28.189973893381513 ], [ 167.156570611535187, -28.425571054968472 ] ] ] } },
{ "type": "Feature", "properties": { "idx": "82,34" }, "geometry": { "type": "Polygon", "coordinates": [ [ [ 168.109068732020489, -28.189973893381513 ], [ 168.387165462833252, -29.011554610156004 ], [ 169.342025493581417, -28.768003554328356 ], [ 169.057459957394798, -27.94826907878328 ], [ 168.109068732020489, -28.189973893381513 ] ] ] } },
{ "type": "Feature", "properties": { "idx": "28,35" }, "geometry": { "type": "Polygon", "coordinates": [ [ [ 113.723010203909723, -30.614388602652884 ], [ 113.577595035910164, -31.462656800369519 ], [ 114.588071741497089, -31.582530211620799 ], [ 114.725712926292871, -30.733216469118663 ], [ 113.723010203909723, -30.614388602652884 ] ] ] } },
{ "type": "Feature", "properties": { "idx": "29,35" }, "geometry": { "type": "Polygon", "coordinates": [ [ [ 114.725712926292871, -30.733216469118663 ], [ 114.588071741497089, -31.582530211620799 ], [ 115.600745310830348, -31.695692343022383 ], [ 115.730561456542219, -30.845385854258563 ], [ 114.725712926292871, -30.733216469118663 ] ] ] } },
{ "type": "Feature", "properties": { "idx": "30,35" }, "geometry": { "type": "Polygon", "coordinates": [ [ [ 115.730561456542219, -30.845385854258563 ], [ 115.600745310830348, -31.695692343022383 ], [ 116.615495260367652, -31.80211957394171 ], [ 116.737437977119413, -30.950874312773944 ], [ 115.730561456542219, -30.845385854258563 ] ] ] } },
{ "type": "Feature", "properties": { "idx": "31,35" }, "geometry": { "type": "Polygon", "coordinates": [ [ [ 116.737437977119413, -30.950874312773944 ], [ 116.615495260367652, -31.80211957394171 ], [ 117.632199564256567, -31.90178946542477 ], [ 117.746223186951738, -31.049660524631648 ], [ 116.737437977119413, -30.950874312773944 ] ] ] } },
{ "type": "Feature", "properties": { "idx": "32,35" }, "geometry": { "type": "Polygon", "coordinates": [ [ [ 117.746223186951738, -31.049660524631648 ], [ 117.632199564256567, -31.90178946542477 ], [ 118.650734736208591, -31.994680804627571 ], [ 118.756796380408048, -31.141724336934033 ], [ 117.746223186951738, -31.049660524631648 ] ] ] } },
{ "type": "Feature", "properties": { "idx": "33,35" }, "geometry": { "type": "Polygon", "coordinates": [ [ [ 118.756796380408048, -31.141724336934033 ], [ 118.650734736208591, -31.994680804627571 ], [ 119.670975914046124, -32.080773647132325 ], [ 119.769035528806413, -31.227046803772353 ], [ 118.756796380408048, -31.141724336934033 ] ] ] } },
{ "type": "Feature", "properties": { "idx": "34,35" }, "geometry": { "type": "Polygon", "coordinates": [ [ [ 119.769035528806413, -31.227046803772353 ], [ 119.670975914046124, -32.080773647132325 ], [ 120.692796946788619, -32.160049357011275 ], [ 120.782817364326974, -31.305610223938167 ], [ 119.769035528806413, -31.227046803772353 ] ] ] } },
{ "type": "Feature", "properties": { "idx": "35,35" }, "geometry": { "type": "Polygon", "coordinates": [ [ [ 120.782817364326974, -31.305610223938167 ], [ 120.692796946788619, -32.160049357011275 ], [ 121.716070484134988, -32.232490644506434 ], [ 121.798017466193954, -31.377398176372385 ], [ 120.782817364326974, -31.305610223938167 ] ] ] } },
{ "type": "Feature", "properties": { "idx": "36,35" }, "geometry": { "type": "Polygon", "coordinates": [ [ [ 121.798017466193954, -31.377398176372385 ], [ 121.716070484134988, -32.232490644506434 ], [ 122.740668068193372, -32.298081601199542 ], [ 122.814510348984669, -31.442395553237368 ], [ 121.798017466193954, -31.377398176372385 ] ] ] } },
{ "type": "Feature", "properties": { "idx": "37,35" }, "geometry": { "type": "Polygon", "coordinates": [ [ [ 122.814510348984669, -31.442395553237368 ], [ 122.740668068193372, -32.298081601199542 ], [ 123.766460227298367, -32.356807732552667 ], [ 123.832169552914579, -31.500588590503352 ], [ 122.814510348984669, -31.442395553237368 ] ] ] } },
{ "type": "Feature", "properties": { "idx": "38,35" }, "geometry": { "type": "Polygon", "coordinates": [ [ [ 123.832169552914579, -31.500588590503352 ], [ 123.766460227298367, -32.356807732552667 ], [ 124.793316571751433, -32.408655987707895 ], [ 124.850867735942174, -31.551964895947656 ], [ 123.832169552914579, -31.500588590503352 ] ] ] } },
{ "type": "Feature", "properties": { "idx": "39,35" }, "geometry": { "type": "Polygon", "coordinates": [ [ [ 124.850867735942174, -31.551964895947656 ], [ 124.793316571751433, -32.408655987707895 ], [ 125.821105891312314, -32.453614786442479 ], [ 125.870476767529624, -31.596513474472058 ], [ 124.850867735942174, -31.551964895947656 ] ] ] } },
{ "type": "Feature", "properties": { "idx": "40,35" }, "geometry": { "type": "Polygon", "coordinates": [ [ [ 125.870476767529624, -31.596513474472058 ], [ 125.821105891312314, -32.453614786442479 ], [ 126.849696254262255, -32.491674043185029 ], [ 126.890867823891583, -31.634224750652535 ], [ 125.870476767529624, -31.596513474472058 ] ] ] } },
{ "type": "Feature", "properties": { "idx": "41,35" }, "geometry": { "type": "Polygon", "coordinates": [ [ [ 126.890867823891583, -31.634224750652535 ], [ 126.849696254262255, -32.491674043185029 ], [ 127.878955107855916, -32.52282518800709 ], [ 127.911911484555986, -31.665090588444048 ], [ 126.890867823891583, -31.634224750652535 ] ] ] } },
{ "type": "Feature", "properties": { "idx": "42,35" }, "geometry": { "type": "Polygon", "coordinates": [ [ [ 127.911911484555986, -31.665090588444048 ], [ 127.878955107855916, -32.52282518800709 ], [ 128.908749379972846, -32.547061184515528 ], [ 128.933477830060298, -31.689104307972062 ], [ 127.911911484555986, -31.665090588444048 ] ] ] } },
{ "type": "Feature", "properties": { "idx": "43,35" }, "geometry": { "type": "Polygon", "coordinates": [ [ [ 128.933477830060298, -31.689104307972062 ], [ 128.908749379972846, -32.547061184515528 ], [ 129.938945581774988, -32.564376544581386 ], [ 129.955436540598242, -31.706260699351787 ], [ 128.933477830060298, -31.689104307972062 ] ] ] } },
{ "type": "Feature", "properties": { "idx": "44,35" }, "geometry": { "type": "Polygon", "coordinates": [ [ [ 129.955436540598242, -31.706260699351787 ], [ 129.938945581774988, -32.564376544581386 ], [ 130.969409911173926, -32.574767339851327 ], [ 130.97765699543271, -31.716556033487915 ], [ 129.955436540598242, -31.706260699351787 ] ] ] } },
{ "type": "Feature", "properties": { "idx": "45,35" }, "geometry": { "type": "Polygon", "coordinates": [ [ [ 130.97765699543271, -31.716556033487915 ], [ 130.969409911173926, -32.574767339851327 ], [ 132.000008356907585, -32.578231210000524 ], [ 132.000008372884309, -31.71998806981599 ], [ 130.97765699543271, -31.716556033487915 ] ] ] } },
{ "type": "Feature", "properties": { "idx": "46,35" }, "geometry": { "type": "Polygon", "coordinates": [ [ [ 132.000008372884309, -31.71998806981599 ], [ 132.000008356907585, -32.578231210000524 ], [ 133.030606803024568, -32.574767367696388 ], [ 133.02235975070576, -31.716556060957902 ], [ 132.000008372884309, -31.71998806981599 ] ] ] } },
{ "type": "Feature", "properties": { "idx": "47,35" }, "geometry": { "type": "Polygon", "coordinates": [ [ [ 133.02235975070576, -31.716556060957902 ], [ 133.030606803024568, -32.574767367696388 ], [ 134.061071133572966, -32.564376600255201 ], [ 134.044580206649357, -31.706260754275771 ], [ 133.02235975070576, -31.716556060957902 ] ] ] } },
{ "type": "Feature", "properties": { "idx": "48,35" }, "geometry": { "type": "Polygon", "coordinates": [ [ [ 134.044580206649357, -31.706260754275771 ], [ 134.061071133572966, -32.564376600255201 ], [ 135.09126733728894, -32.547061267985448 ], [ 135.066538919034031, -31.689104390318256 ], [ 134.044580206649357, -31.706260754275771 ] ] ] } },
{ "type": "Feature", "properties": { "idx": "49,35" }, "geometry": { "type": "Polygon", "coordinates": [ [ [ 135.066538919034031, -31.689104390318256 ], [ 135.09126733728894, -32.547061267985448 ], [ 136.121061612081206, -32.522825299224245 ], [ 136.088105267119943, -31.665090698164757 ], [ 135.066538919034031, -31.689104390318256 ] ] ] } },
{ "type": "Feature", "properties": { "idx": "50,35" }, "geometry": { "type": "Polygon", "coordinates": [ [ [ 136.088105267119943, -31.665090698164757 ], [ 136.121061612081206, -32.522825299224245 ], [ 137.150320469107754, -32.491674182084353 ], [ 137.10914893109711, -31.634224887684169 ], [ 136.088105267119943, -31.665090698164757 ] ] ] } },
{ "type": "Feature", "properties": { "idx": "51,35" }, "geometry": { "type": "Polygon", "coordinates": [ [ [ 137.10914893109711, -31.634224887684169 ], [ 137.150320469107754, -32.491674182084353 ], [ 138.178910836242949, -32.453614952942743 ], [ 138.129539991498064, -31.59651363873542 ], [ 137.10914893109711, -31.634224887684169 ] ] ] } },
{ "type": "Feature", "properties": { "idx": "52,35" }, "geometry": { "type": "Polygon", "coordinates": [ [ [ 138.129539991498064, -31.59651363873542 ], [ 138.178910836242949, -32.453614952942743 ], [ 139.206700160735295, -32.408656181711933 ], [ 139.149149027844857, -31.551965087347909 ], [ 138.129539991498064, -31.59651363873542 ] ] ] } },
{ "type": "Feature", "properties": { "idx": "53,35" }, "geometry": { "type": "Polygon", "coordinates": [ [ [ 139.149149027844857, -31.551965087347909 ], [ 139.206700160735295, -32.408656181711933 ], [ 140.233556510858705, -32.356807953947474 ], [ 140.167847216345166, -31.500588808930182 ], [ 139.149149027844857, -31.551965087347909 ] ] ] } },
{ "type": "Feature", "properties": { "idx": "54,35" }, "geometry": { "type": "Polygon", "coordinates": [ [ [ 140.167847216345166, -31.500588808930182 ], [ 140.233556510858705, -32.356807953947474 ], [ 141.25934867636451, -32.298081849856331 ], [ 141.185506426453372, -31.442395798565109 ], [ 140.167847216345166, -31.500588808930182 ] ] ] } },
{ "type": "Feature", "properties": { "idx": "55,35" }, "geometry": { "type": "Polygon", "coordinates": [ [ [ 141.185506426453372, -31.442395798565109 ], [ 141.25934867636451, -32.298081849856331 ], [ 142.283946267544792, -32.232490920281037 ], [ 142.201999316118957, -31.377398448460227 ], [ 141.185506426453372, -31.442395798565109 ] ] ] } },
{ "type": "Feature", "properties": { "idx": "56,35" }, "geometry": { "type": "Polygon", "coordinates": [ [ [ 142.201999316118957, -31.377398448460227 ], [ 142.283946267544792, -32.232490920281037 ], [ 143.307219812723702, -32.160049659744153 ], [ 143.217199425547449, -31.305610522630399 ], [ 142.201999316118957, -31.377398448460227 ] ] ] } },
{ "type": "Feature", "properties": { "idx": "57,35" }, "geometry": { "type": "Polygon", "coordinates": [ [ [ 143.217199425547449, -31.305610522630399 ], [ 143.307219812723702, -32.160049659744153 ], [ 144.329040853998038, -32.080773976648786 ], [ 144.230981269305431, -31.227047128898398 ], [ 143.217199425547449, -31.305610522630399 ] ] ] } },
{ "type": "Feature", "properties": { "idx": "58,35" }, "geometry": { "type": "Polygon", "coordinates": [ [ [ 144.230981269305431, -31.227047128898398 ], [ 144.329040853998038, -32.080773976648786 ], [ 145.349282041054323, -31.994681160738114 ], [ 145.243220426605404, -31.141724688308901 ], [ 144.230981269305431, -31.227047128898398 ] ] ] } },
{ "type": "Feature", "properties": { "idx": "59,35" }, "geometry": { "type": "Polygon", "coordinates": [ [ [ 145.243220426605404, -31.141724688308901 ], [ 145.349282041054323, -31.994681160738114 ], [ 146.367817222898708, -31.901789847925198 ], [ 146.253793629614904, -31.049660902055972 ], [ 145.243220426605404, -31.141724688308901 ] ] ] } },
{ "type": "Feature", "properties": { "idx": "60,35" }, "geometry": { "type": "Polygon", "coordinates": [ [ [ 146.253793629614904, -31.049660902055972 ], [ 146.367817222898708, -31.901789847925198 ], [ 147.384521537339594, -31.802119982613597 ], [ 147.262578849638658, -30.950874716034367 ], [ 146.253793629614904, -31.049660902055972 ] ] ] } },
{ "type": "Feature", "properties": { "idx": "61,35" }, "geometry": { "type": "Polygon", "coordinates": [ [ [ 147.262578849638658, -30.950874716034367 ], [ 147.384521537339594, -31.802119982613597 ], [ 148.399271498073489, -31.695692777633198 ], [ 148.269455381031264, -30.845386283128001 ], [ 147.262578849638658, -30.950874716034367 ] ] ] } },
{ "type": "Feature", "properties": { "idx": "62,35" }, "geometry": { "type": "Polygon", "coordinates": [ [ [ 148.269455381031264, -30.845386283128001 ], [ 148.399271498073489, -31.695692777633198 ], [ 149.411945079232197, -31.582530671924317 ], [ 149.274303922705144, -30.733216923356604 ], [ 148.269455381031264, -30.845386283128001 ] ] ] } },
{ "type": "Feature", "properties": { "idx": "63,35" }, "geometry": { "type": "Polygon", "coordinates": [ [ [ 149.274303922705144, -30.733216923356604 ], [ 149.411945079232197, -31.582530671924317 ], [ 150.422421797256959, -31.462657286106076 ], [ 150.277006657106227, -30.61438908200569 ], [ 149.274303922705144, -30.733216923356604 ] ] ] } },
{ "type": "Feature", "properties": { "idx": "64,35" }, "geometry": { "type": "Polygon", "coordinates": [ [ [ 150.277006657106227, -30.61438908200569 ], [ 150.422421797256959, -31.462657286106076 ], [ 151.430582789975091, -31.336097376070551 ], [ 151.27744732653872, -30.488926285867525 ], [ 150.277006657106227, -30.61438908200569 ] ] ] } },
{ "type": "Feature", "properties": { "idx": "65,35" }, "geometry": { "type": "Polygon", "coordinates": [ [ [ 151.27744732653872, -30.488926285867525 ], [ 151.430582789975091, -31.336097376070551 ], [ 152.436310892764027, -31.202876784746916 ], [ 152.27551130672839, -30.356853097727154 ], [ 151.27744732653872, -30.488926285867525 ] ] ] } },
{ "type": "Feature", "properties": { "idx": "66,35" }, "geometry": { "type": "Polygon", "coordinates": [ [ [ 152.27551130672839, -30.356853097727154 ], [ 152.436310892764027, -31.202876784746916 ], [ 153.439490711696322, -31.063022392182301 ], [ 153.271085677523047, -30.218195069225814 ], [ 152.27551130672839, -30.356853097727154 ] ] ] } },
{ "type": "Feature", "properties": { "idx": "67,35" }, "geometry": { "type": "Polygon", "coordinates": [ [ [ 153.271085677523047, -30.218195069225814 ], [ 153.439490711696322, -31.063022392182301 ], [ 154.440008693569212, -30.916562064088843 ], [ 154.264059290637505, -30.072978692239484 ], [ 153.271085677523047, -30.218195069225814 ] ] ] } },
{ "type": "Feature", "properties": { "idx": "68,35" }, "geometry": { "type": "Polygon", "coordinates": [ [ [ 154.264059290637505, -30.072978692239484 ], [ 154.440008693569212, -30.916562064088843 ], [ 155.437753192733027, -30.763524599004715 ], [ 155.254322834360607, -29.921231348909302 ], [ 154.264059290637505, -30.072978692239484 ] ] ] } },
{ "type": "Feature", "properties": { "idx": "80,35" }, "geometry": { "type": "Polygon", "coordinates": [ [ [ 165.939101271598958, -27.829531024670153 ], [ 166.200045432343444, -28.655024686809028 ], [ 167.156570611535187, -28.425571054968472 ], [ 166.889060503537991, -27.601799522734833 ], [ 165.939101271598958, -27.829531024670153 ] ] ] } },
{ "type": "Feature", "properties": { "idx": "81,35" }, "geometry": { "type": "Polygon", "coordinates": [ [ [ 166.889060503537991, -27.601799522734833 ], [ 167.156570611535187, -28.425571054968472 ], [ 168.109068732020489, -28.189973893381513 ], [ 167.835079312609281, -27.367949676337318 ], [ 166.889060503537991, -27.601799522734833 ] ] ] } },
{ "type": "Feature", "properties": { "idx": "82,35" }, "geometry": { "type": "Polygon", "coordinates": [ [ [ 167.835079312609281, -27.367949676337318 ], [ 168.109068732020489, -28.189973893381513 ], [ 169.057459957394798, -27.94826907878328 ], [ 168.777079073767908, -27.128015644944782 ], [ 167.835079312609281, -27.367949676337318 ] ] ] } },
{ "type": "Feature", "properties": { "idx": "28,36" }, "geometry": { "type": "Polygon", "coordinates": [ [ [ 113.866163034153956, -29.766613829104585 ], [ 113.723010203909723, -30.614388602652884 ], [ 114.725712926292871, -30.733216469118663 ], [ 114.86120804327453, -29.884440484305838 ], [ 113.866163034153956, -29.766613829104585 ] ] ] } },
{ "type": "Feature", "properties": { "idx": "29,36" }, "geometry": { "type": "Polygon", "coordinates": [ [ [ 114.86120804327453, -29.884440484305838 ], [ 114.725712926292871, -30.733216469118663 ], [ 115.730561456542219, -30.845385854258563 ], [ 115.858349364699606, -29.995659281854067 ], [ 114.86120804327453, -29.884440484305838 ] ] ] } },
{ "type": "Feature", "properties": { "idx": "30,36" }, "geometry": { "type": "Polygon", "coordinates": [ [ [ 115.858349364699606, -29.995659281854067 ], [ 115.730561456542219, -30.845385854258563 ], [ 116.737437977119413, -30.950874312773944 ], [ 116.857471770551712, -30.100248892680835 ], [ 115.858349364699606, -29.995659281854067 ] ] ] } },
{ "type": "Feature", "properties": { "idx": "31,36" }, "geometry": { "type": "Polygon", "coordinates": [ [ [ 116.857471770551712, -30.100248892680835 ], [ 116.737437977119413, -30.950874312773944 ], [ 117.746223186951738, -31.049660524631648 ], [ 117.858458605542452, -30.198189058943637 ], [ 116.857471770551712, -30.100248892680835 ] ] ] } },
{ "type": "Feature", "properties": { "idx": "32,36" }, "geometry": { "type": "Polygon", "coordinates": [ [ [ 117.858458605542452, -30.198189058943637 ], [ 117.746223186951738, -31.049660524631648 ], [ 118.756796380408048, -31.141724336934033 ], [ 118.861191863168884, -30.289460633539715 ], [ 117.858458605542452, -30.198189058943637 ] ] ] } },
{ "type": "Feature", "properties": { "idx": "33,36" }, "geometry": { "type": "Polygon", "coordinates": [ [ [ 118.861191863168884, -30.289460633539715 ], [ 118.756796380408048, -31.141724336934033 ], [ 119.769035528806413, -31.227046803772353 ], [ 119.865552264309585, -30.374045617694026 ], [ 118.861191863168884, -30.289460633539715 ] ] ] } },
{ "type": "Feature", "properties": { "idx": "34,36" }, "geometry": { "type": "Polygon", "coordinates": [ [ [ 119.865552264309585, -30.374045617694026 ], [ 119.769035528806413, -31.227046803772353 ], [ 120.782817364326974, -31.305610223938167 ], [ 120.871419338099372, -30.451927196508574 ], [ 119.865552264309585, -30.374045617694026 ] ] ] } },
{ "type": "Feature", "properties": { "idx": "35,36" }, "geometry": { "type": "Polygon", "coordinates": [ [ [ 120.871419338099372, -30.451927196508574 ], [ 120.782817364326974, -31.305610223938167 ], [ 121.798017466193954, -31.377398176372385 ], [ 121.878671504954056, -30.523089772362244 ], [ 120.871419338099372, -30.451927196508574 ] ] ] } },
{ "type": "Feature", "properties": { "idx": "36,36" }, "geometry": { "type": "Polygon", "coordinates": [ [ [ 121.878671504954056, -30.523089772362244 ], [ 121.798017466193954, -31.377398176372385 ], [ 122.814510348984669, -31.442395553237368 ], [ 122.887186161608795, -30.587518996056751 ], [ 121.878671504954056, -30.523089772362244 ] ] ] } },
{ "type": "Feature", "properties": { "idx": "37,36" }, "geometry": { "type": "Polygon", "coordinates": [ [ [ 122.887186161608795, -30.587518996056751 ], [ 122.814510348984669, -31.442395553237368 ], [ 123.832169552914579, -31.500588590503352 ], [ 123.896839768028102, -30.645201795609733 ], [ 122.887186161608795, -30.587518996056751 ] ] ] } },
{ "type": "Feature", "properties": { "idx": "38,36" }, "geometry": { "type": "Polygon", "coordinates": [ [ [ 123.896839768028102, -30.645201795609733 ], [ 123.832169552914579, -31.500588590503352 ], [ 124.850867735942174, -31.551964895947656 ], [ 124.907507936038158, -30.696126402602104 ], [ 123.896839768028102, -30.645201795609733 ] ] ] } },
{ "type": "Feature", "properties": { "idx": "39,36" }, "geometry": { "type": "Polygon", "coordinates": [ [ [ 124.907507936038158, -30.696126402602104 ], [ 124.850867735942174, -31.551964895947656 ], [ 125.870476767529624, -31.596513474472058 ], [ 125.919065519526626, -30.740282375993658 ], [ 124.907507936038158, -30.696126402602104 ] ] ] } },
{ "type": "Feature", "properties": { "idx": "40,36" }, "geometry": { "type": "Polygon", "coordinates": [ [ [ 125.919065519526626, -30.740282375993658 ], [ 125.870476767529624, -31.596513474472058 ], [ 126.890867823891583, -31.634224750652535 ], [ 126.931386706050134, -30.777660623328838 ], [ 125.919065519526626, -30.740282375993658 ] ] ] } },
{ "type": "Feature", "properties": { "idx": "41,36" }, "geometry": { "type": "Polygon", "coordinates": [ [ [ 126.931386706050134, -30.777660623328838 ], [ 126.890867823891583, -31.634224750652535 ], [ 127.911911484555986, -31.665090588444048 ], [ 127.944345109684036, -30.808253419261984 ], [ 126.931386706050134, -30.777660623328838 ] ] ] } },
{ "type": "Feature", "properties": { "idx": "42,36" }, "geometry": { "type": "Polygon", "coordinates": [ [ [ 127.944345109684036, -30.808253419261984 ], [ 127.911911484555986, -31.665090588444048 ], [ 128.933477830060298, -31.689104307972062 ], [ 128.957813864945365, -30.832054421339702 ], [ 127.944345109684036, -30.808253419261984 ] ] ] } },
{ "type": "Feature", "properties": { "idx": "43,36" }, "geometry": { "type": "Polygon", "coordinates": [ [ [ 128.957813864945365, -30.832054421339702 ], [ 128.933477830060298, -31.689104307972062 ], [ 129.955436540598242, -31.706260699351787 ], [ 129.971665721615807, -30.849058682988368 ], [ 128.957813864945365, -30.832054421339702 ] ] ] } },
{ "type": "Feature", "properties": { "idx": "44,36" }, "geometry": { "type": "Polygon", "coordinates": [ [ [ 129.971665721615807, -30.849058682988368 ], [ 129.955436540598242, -31.706260699351787 ], [ 130.97765699543271, -31.716556033487915 ], [ 130.985773140288757, -30.859262663660772 ], [ 129.971665721615807, -30.849058682988368 ] ] ] } },
{ "type": "Feature", "properties": { "idx": "45,36" }, "geometry": { "type": "Polygon", "coordinates": [ [ [ 130.985773140288757, -30.859262663660772 ], [ 130.97765699543271, -31.716556033487915 ], [ 132.000008372884309, -31.71998806981599 ], [ 132.000008388461396, -30.862664236109456 ], [ 130.985773140288757, -30.859262663660772 ] ] ] } },
{ "type": "Feature", "properties": { "idx": "46,36" }, "geometry": { "type": "Polygon", "coordinates": [ [ [ 132.000008388461396, -30.862664236109456 ], [ 132.000008372884309, -31.71998806981599 ], [ 133.02235975070576, -31.716556060957902 ], [ 133.014243636991097, -30.859262690760183 ], [ 132.000008388461396, -30.862664236109456 ] ] ] } },
{ "type": "Feature", "properties": { "idx": "47,36" }, "geometry": { "type": "Polygon", "coordinates": [ [ [ 133.014243636991097, -30.859262690760183 ], [ 133.02235975070576, -31.716556060957902 ], [ 134.044580206649357, -31.706260754275771 ], [ 134.028351056734749, -30.84905873717166 ], [ 133.014243636991097, -30.859262690760183 ] ] ] } },
{ "type": "Feature", "properties": { "idx": "48,36" }, "geometry": { "type": "Polygon", "coordinates": [ [ [ 134.028351056734749, -30.84905873717166 ], [ 134.044580206649357, -31.706260754275771 ], [ 135.066538919034031, -31.689104390318256 ], [ 135.042202915188028, -30.832054502575794 ], [ 134.028351056734749, -30.84905873717166 ] ] ] } },
{ "type": "Feature", "properties": { "idx": "49,36" }, "geometry": { "type": "Polygon", "coordinates": [ [ [ 135.042202915188028, -30.832054502575794 ], [ 135.066538919034031, -31.689104390318256 ], [ 136.088105267119943, -31.665090698164757 ], [ 136.055671672941571, -30.808253527504274 ], [ 135.042202915188028, -30.832054502575794 ] ] ] } },
{ "type": "Feature", "properties": { "idx": "50,36" }, "geometry": { "type": "Polygon", "coordinates": [ [ [ 136.055671672941571, -30.808253527504274 ], [ 136.088105267119943, -31.665090698164757 ], [ 137.10914893109711, -31.634224887684169 ], [ 137.068630079773669, -30.777660758515374 ], [ 136.055671672941571, -30.808253527504274 ] ] ] } },
{ "type": "Feature", "properties": { "idx": "51,36" }, "geometry": { "type": "Polygon", "coordinates": [ [ [ 137.068630079773669, -30.777660758515374 ], [ 137.10914893109711, -31.634224887684169 ], [ 138.129539991498064, -31.59651363873542 ], [ 138.080951270196721, -30.740282538047069 ], [ 137.068630079773669, -30.777660758515374 ] ] ] } },
{ "type": "Feature", "properties": { "idx": "52,36" }, "geometry": { "type": "Polygon", "coordinates": [ [ [ 138.080951270196721, -30.740282538047069 ], [ 138.129539991498064, -31.59651363873542 ], [ 139.149149027844857, -31.551965087347909 ], [ 139.092508858280496, -30.696126591429778 ], [ 138.080951270196721, -30.740282538047069 ] ] ] } },
{ "type": "Feature", "properties": { "idx": "53,36" }, "geometry": { "type": "Polygon", "coordinates": [ [ [ 139.092508858280496, -30.696126591429778 ], [ 139.149149027844857, -31.551965087347909 ], [ 140.167847216345166, -31.500588808930182 ], [ 140.103177031574944, -30.645202011104047 ], [ 139.092508858280496, -30.696126591429778 ] ] ] } },
{ "type": "Feature", "properties": { "idx": "54,36" }, "geometry": { "type": "Polygon", "coordinates": [ [ [ 140.103177031574944, -30.645202011104047 ], [ 140.167847216345166, -31.500588808930182 ], [ 141.185506426453372, -31.442395798565109 ], [ 141.112830643960336, -30.587519238094966 ], [ 140.103177031574944, -30.645202011104047 ] ] ] } },
{ "type": "Feature", "properties": { "idx": "55,36" }, "geometry": { "type": "Polygon", "coordinates": [ [ [ 141.112830643960336, -30.587519238094966 ], [ 141.185506426453372, -31.442395798565109 ], [ 142.201999316118957, -31.377398448460227 ], [ 142.12134530725433, -30.523090040806956 ], [ 141.112830643960336, -30.587519238094966 ] ] ] } },
{ "type": "Feature", "properties": { "idx": "56,36" }, "geometry": { "type": "Polygon", "coordinates": [ [ [ 142.12134530725433, -30.523090040806956 ], [ 142.201999316118957, -31.377398448460227 ], [ 143.217199425547449, -31.305610522630399 ], [ 143.128597481412015, -30.451927491207659 ], [ 142.12134530725433, -30.523090040806956 ] ] ] } },
{ "type": "Feature", "properties": { "idx": "57,36" }, "geometry": { "type": "Polygon", "coordinates": [ [ [ 143.128597481412015, -30.451927491207659 ], [ 143.217199425547449, -31.305610522630399 ], [ 144.230981269305431, -31.227047128898398 ], [ 144.134464563158417, -30.374045938480979 ], [ 143.128597481412015, -30.451927491207659 ] ] ] } },
{ "type": "Feature", "properties": { "idx": "58,36" }, "geometry": { "type": "Polygon", "coordinates": [ [ [ 144.134464563158417, -30.374045938480979 ], [ 144.230981269305431, -31.227047128898398 ], [ 145.243220426605404, -31.141724688308901 ], [ 145.138824972898135, -30.28946098023378 ], [ 144.134464563158417, -30.374045938480979 ] ] ] } },
{ "type": "Feature", "properties": { "idx": "59,36" }, "geometry": { "type": "Polygon", "coordinates": [ [ [ 145.138824972898135, -30.28946098023378 ], [ 145.243220426605404, -31.141724688308901 ], [ 146.253793629614904, -31.049660902055972 ], [ 146.141558239754033, -30.198189431350205 ], [ 145.138824972898135, -30.28946098023378 ] ] ] } },
{ "type": "Feature", "properties": { "idx": "60,36" }, "geometry": { "type": "Polygon", "coordinates": [ [ [ 146.141558239754033, -30.198189431350205 ], [ 146.253793629614904, -31.049660902055972 ], [ 147.262578849638658, -30.950874716034367 ], [ 147.14254508459203, -30.100249290591488 ], [ 146.141558239754033, -30.198189431350205 ] ] ] } },
{ "type": "Feature", "properties": { "idx": "61,36" }, "geometry": { "type": "Polygon", "coordinates": [ [ [ 147.14254508459203, -30.100249290591488 ], [ 147.262578849638658, -30.950874716034367 ], [ 148.269455381031264, -30.845386283128001 ], [ 148.141667500895693, -29.995659705047018 ], [ 147.14254508459203, -30.100249290591488 ] ] ] } },
{ "type": "Feature", "properties": { "idx": "62,36" }, "geometry": { "type": "Polygon", "coordinates": [ [ [ 148.141667500895693, -29.995659705047018 ], [ 148.269455381031264, -30.845386283128001 ], [ 149.274303922705144, -30.733216923356604 ], [ 149.13880883336239, -29.884440932546081 ], [ 148.141667500895693, -29.995659705047018 ] ] ] } },
{ "type": "Feature", "properties": { "idx": "63,36" }, "geometry": { "type": "Polygon", "coordinates": [ [ [ 149.13880883336239, -29.884440932546081 ], [ 149.274303922705144, -30.733216923356604 ], [ 150.277006657106227, -30.61438908200569 ], [ 150.133853854099812, -29.766614302144273 ], [ 149.13880883336239, -29.884440932546081 ] ] ] } },
{ "type": "Feature", "properties": { "idx": "64,36" }, "geometry": { "type": "Polygon", "coordinates": [ [ [ 150.133853854099812, -29.766614302144273 ], [ 150.277006657106227, -30.61438908200569 ], [ 151.27744732653872, -30.488926285867525 ], [ 151.126688836308858, -29.642202172803067 ], [ 150.133853854099812, -29.766614302144273 ] ] ] } },
{ "type": "Feature", "properties": { "idx": "65,36" }, "geometry": { "type": "Polygon", "coordinates": [ [ [ 151.126688836308858, -29.642202172803067 ], [ 151.27744732653872, -30.488926285867525 ], [ 152.27551130672839, -30.356853097727154 ], [ 152.117201625347747, -29.511227890382838 ], [ 151.126688836308858, -29.642202172803067 ] ] ] } },
{ "type": "Feature", "properties": { "idx": "66,36" }, "geometry": { "type": "Polygon", "coordinates": [ [ [ 152.117201625347747, -29.511227890382838 ], [ 152.27551130672839, -30.356853097727154 ], [ 153.271085677523047, -30.218195069225814 ], [ 153.105281707080565, -29.373715743072971 ], [ 152.117201625347747, -29.511227890382838 ] ] ] } },
{ "type": "Feature", "properties": { "idx": "67,36" }, "geometry": { "type": "Polygon", "coordinates": [ [ [ 153.105281707080565, -29.373715743072971 ], [ 153.271085677523047, -30.218195069225814 ], [ 154.264059290637505, -30.072978692239484 ], [ 154.090820273420633, -29.229690915384275 ], [ 153.105281707080565, -29.373715743072971 ] ] ] } },
{ "type": "Feature", "properties": { "idx": "68,36" }, "geometry": { "type": "Polygon", "coordinates": [ [ [ 154.090820273420633, -29.229690915384275 ], [ 154.264059290637505, -30.072978692239484 ], [ 155.254322834360607, -29.921231348909302 ], [ 155.073710284990113, -29.079179440828543 ], [ 154.090820273420633, -29.229690915384275 ] ] ] } },
{ "type": "Feature", "properties": { "idx": "26,37" }, "geometry": { "type": "Polygon", "coordinates": [ [ [ 112.038692003378515, -28.665808903316204 ], [ 111.882815287802615, -29.511227368537519 ], [ 112.873328064121438, -29.6422016752243 ], [ 113.021764114029367, -28.795730797854336 ], [ 112.038692003378515, -28.665808903316204 ] ] ] } },
{ "type": "Feature", "properties": { "idx": "27,37" }, "geometry": { "type": "Polygon", "coordinates": [ [ [ 113.021764114029367, -28.795730797854336 ], [ 112.873328064121438, -29.6422016752243 ], [ 113.866163034153956, -29.766613829104585 ], [ 114.007105563277648, -28.919136797687205 ], [ 113.021764114029367, -28.795730797854336 ] ] ] } },
{ "type": "Feature", "properties": { "idx": "28,37" }, "geometry": { "type": "Polygon", "coordinates": [ [ [ 114.007105563277648, -28.919136797687205 ], [ 113.866163034153956, -29.766613829104585 ], [ 114.86120804327453, -29.884440484305838 ], [ 114.994606597766364, -29.03600471534919 ], [ 114.007105563277648, -28.919136797687205 ] ] ] } },
{ "type": "Feature", "properties": { "idx": "29,37" }, "geometry": { "type": "Polygon", "coordinates": [ [ [ 114.994606597766364, -29.03600471534919 ], [ 114.86120804327453, -29.884440484305838 ], [ 115.858349364699606, -29.995659281854067 ], [ 115.984155950527523, -29.146313303013002 ], [ 114.994606597766364, -29.03600471534919 ] ] ] } },
{ "type": "Feature", "properties": { "idx": "30,37" }, "geometry": { "type": "Polygon", "coordinates": [ [ [ 115.984155950527523, -29.146313303013002 ], [ 115.858349364699606, -29.995659281854067 ], [ 116.857471770551712, -30.100248892680835 ], [ 116.975640909644099, -29.250042293183061 ], [ 115.984155950527523, -29.146313303013002 ] ] ] } },
{ "type": "Feature", "properties": { "idx": "31,37" }, "geometry": { "type": "Polygon", "coordinates": [ [ [ 116.975640909644099, -29.250042293183061 ], [ 116.857471770551712, -30.100248892680835 ], [ 117.858458605542452, -30.198189058943637 ], [ 117.968947389396817, -29.347172437768958 ], [ 116.975640909644099, -29.250042293183061 ] ] ] } },
{ "type": "Feature", "properties": { "idx": "32,37" }, "geometry": { "type": "Polygon", "coordinates": [ [ [ 117.968947389396817, -29.347172437768958 ], [ 117.858458605542452, -30.198189058943637 ], [ 118.861191863168884, -30.289460633539715 ], [ 118.963960003794597, -29.43768554542752 ], [ 117.968947389396817, -29.347172437768958 ] ] ] } },
{ "type": "Feature", "properties": { "idx": "33,37" }, "geometry": { "type": "Polygon", "coordinates": [ [ [ 118.963960003794597, -29.43768554542752 ], [ 118.861191863168884, -30.289460633539715 ], [ 119.865552264309585, -30.374045617694026 ], [ 119.960562142380326, -29.521564517065908 ], [ 118.963960003794597, -29.43768554542752 ] ] ] } },
{ "type": "Feature", "properties": { "idx": "34,37" }, "geometry": { "type": "Polygon", "coordinates": [ [ [ 119.960562142380326, -29.521564517065908 ], [ 119.865552264309585, -30.374045617694026 ], [ 120.871419338099372, -30.451927196508574 ], [ 120.958636048196425, -29.598793379400757 ], [ 119.960562142380326, -29.521564517065908 ] ] ] } },
{ "type": "Feature", "properties": { "idx": "35,37" }, "geometry": { "type": "Polygon", "coordinates": [ [ [ 120.958636048196425, -29.598793379400757 ], [ 120.871419338099372, -30.451927196508574 ], [ 121.878671504954056, -30.523089772362244 ], [ 121.958062897787784, -29.66935731647359 ], [ 120.958636048196425, -29.598793379400757 ] ] ] } },
{ "type": "Feature", "properties": { "idx": "36,37" }, "geometry": { "type": "Polygon", "coordinates": [ [ [ 121.958062897787784, -29.66935731647359 ], [ 121.878671504954056, -30.523089772362244 ], [ 122.887186161608795, -30.587518996056751 ], [ 122.958722883112884, -29.733242699026089 ], [ 121.958062897787784, -29.66935731647359 ] ] ] } },
{ "type": "Feature", "properties": { "idx": "37,37" }, "geometry": { "type": "Polygon", "coordinates": [ [ [ 122.958722883112884, -29.733242699026089 ], [ 122.887186161608795, -30.587518996056751 ], [ 123.896839768028102, -30.645201795609733 ], [ 123.960495295227204, -29.790437111645232 ], [ 122.958722883112884, -29.733242699026089 ] ] ] } },
{ "type": "Feature", "properties": { "idx": "38,37" }, "geometry": { "type": "Polygon", "coordinates": [ [ [ 123.960495295227204, -29.790437111645232 ], [ 123.896839768028102, -30.645201795609733 ], [ 124.907507936038158, -30.696126402602104 ], [ 124.963258609598086, -29.840929377593351 ], [ 123.960495295227204, -29.790437111645232 ] ] ] } },
{ "type": "Feature", "properties": { "idx": "39,37" }, "geometry": { "type": "Polygon", "coordinates": [ [ [ 124.963258609598086, -29.840929377593351 ], [ 124.907507936038158, -30.696126402602104 ], [ 125.919065519526626, -30.740282375993658 ], [ 125.966890572903765, -29.884709581245001 ], [ 124.963258609598086, -29.840929377593351 ] ] ] } },
{ "type": "Feature", "properties": { "idx": "40,37" }, "geometry": { "type": "Polygon", "coordinates": [ [ [ 125.966890572903765, -29.884709581245001 ], [ 125.919065519526626, -30.740282375993658 ], [ 126.931386706050134, -30.777660623328838 ], [ 126.971268291164989, -29.921769088058696 ], [ 125.966890572903765, -29.884709581245001 ] ] ] } },
{ "type": "Feature", "properties": { "idx": "41,37" }, "geometry": { "type": "Polygon", "coordinates": [ [ [ 126.971268291164989, -29.921769088058696 ], [ 126.931386706050134, -30.777660623328838 ], [ 127.944345109684036, -30.808253419261984 ], [ 127.976268319052664, -29.952100562019961 ], [ 126.971268291164989, -29.921769088058696 ] ] ] } },
{ "type": "Feature", "properties": { "idx": "42,37" }, "geometry": { "type": "Polygon", "coordinates": [ [ [ 127.976268319052664, -29.952100562019961 ], [ 127.944345109684036, -30.808253419261984 ], [ 128.957813864945365, -30.832054421339702 ], [ 128.981766750211051, -29.975697980498435 ], [ 127.976268319052664, -29.952100562019961 ] ] ] } },
{ "type": "Feature", "properties": { "idx": "43,37" }, "geometry": { "type": "Polygon", "coordinates": [ [ [ 128.981766750211051, -29.975697980498435 ], [ 128.957813864945365, -30.832054421339702 ], [ 129.971665721615807, -30.849058682988368 ], [ 129.987639308433216, -29.992556646471265 ], [ 128.981766750211051, -29.975697980498435 ] ] ] } },
{ "type": "Feature", "properties": { "idx": "44,37" }, "geometry": { "type": "Polygon", "coordinates": [ [ [ 129.987639308433216, -29.992556646471265 ], [ 129.971665721615807, -30.849058682988368 ], [ 130.985773140288757, -30.859262663660772 ], [ 130.993761439520966, -30.002673198071989 ], [ 129.987639308433216, -29.992556646471265 ] ] ] } },
{ "type": "Feature", "properties": { "idx": "45,37" }, "geometry": { "type": "Polygon", "coordinates": [ [ [ 130.993761439520966, -30.002673198071989 ], [ 130.985773140288757, -30.859262663660772 ], [ 132.000008388461396, -30.862664236109456 ], [ 132.000008403661013, -30.006045615433866 ], [ 130.993761439520966, -30.002673198071989 ] ] ] } },
{ "type": "Feature", "properties": { "idx": "46,37" }, "geometry": { "type": "Polygon", "coordinates": [ [ [ 132.000008403661013, -30.006045615433866 ], [ 132.000008388461396, -30.862664236109456 ], [ 133.014243636991097, -30.859262690760183 ], [ 133.006255368145901, -30.002673224805321 ], [ 132.000008403661013, -30.006045615433866 ] ] ] } },
{ "type": "Feature", "properties": { "idx": "47,37" }, "geometry": { "type": "Polygon", "coordinates": [ [ [ 133.006255368145901, -30.002673224805321 ], [ 133.014243636991097, -30.859262690760183 ], [ 134.028351056734749, -30.84905873717166 ], [ 134.012377500267718, -29.992556699922744 ], [ 133.006255368145901, -30.002673224805321 ] ] ] } },
{ "type": "Feature", "properties": { "idx": "48,37" }, "geometry": { "type": "Polygon", "coordinates": [ [ [ 134.012377500267718, -29.992556699922744 ], [ 134.028351056734749, -30.84905873717166 ], [ 135.042202915188028, -30.832054502575794 ], [ 135.01825006021167, -29.975698060637743 ], [ 134.012377500267718, -29.992556699922744 ] ] ] } },
{ "type": "Feature", "properties": { "idx": "49,37" }, "geometry": { "type": "Polygon", "coordinates": [ [ [ 135.01825006021167, -29.975698060637743 ], [ 135.042202915188028, -30.832054502575794 ], [ 136.055671672941571, -30.808253527504274 ], [ 136.023748493777134, -29.952100668801577 ], [ 135.01825006021167, -29.975698060637743 ] ] ] } },
{ "type": "Feature", "properties": { "idx": "50,37" }, "geometry": { "type": "Polygon", "coordinates": [ [ [ 136.023748493777134, -29.952100668801577 ], [ 136.055671672941571, -30.808253527504274 ], [ 137.068630079773669, -30.777660758515374 ], [ 137.028748524753809, -29.921769221422107 ], [ 136.023748493777134, -29.952100668801577 ] ] ] } },
{ "type": "Feature", "properties": { "idx": "51,37" }, "geometry": { "type": "Polygon", "coordinates": [ [ [ 137.028748524753809, -29.921769221422107 ], [ 137.068630079773669, -30.777660758515374 ], [ 138.080951270196721, -30.740282538047069 ], [ 138.033126246781507, -29.884709741114705 ], [ 137.028748524753809, -29.921769221422107 ] ] ] } },
{ "type": "Feature", "properties": { "idx": "52,37" }, "geometry": { "type": "Polygon", "coordinates": [ [ [ 138.033126246781507, -29.884709741114705 ], [ 138.080951270196721, -30.740282538047069 ], [ 139.092508858280496, -30.696126591429778 ], [ 139.036758214525918, -29.840929563878984 ], [ 138.033126246781507, -29.884709741114705 ] ] ] } },
{ "type": "Feature", "properties": { "idx": "53,37" }, "geometry": { "type": "Polygon", "coordinates": [ [ [ 139.036758214525918, -29.840929563878984 ], [ 139.092508858280496, -30.696126591429778 ], [ 140.103177031574944, -30.645202011104047 ], [ 140.039521534001523, -29.790437324241573 ], [ 139.036758214525918, -29.840929563878984 ] ] ] } },
{ "type": "Feature", "properties": { "idx": "54,37" }, "geometry": { "type": "Polygon", "coordinates": [ [ [ 140.039521534001523, -29.790437324241573 ], [ 140.103177031574944, -30.645202011104047 ], [ 141.112830643960336, -30.587519238094966 ], [ 141.041293951879425, -29.733242937813401 ], [ 140.039521534001523, -29.790437324241573 ] ] ] } },
{ "type": "Feature", "properties": { "idx": "55,37" }, "geometry": { "type": "Polygon", "coordinates": [ [ [ 141.041293951879425, -29.733242937813401 ], [ 141.112830643960336, -30.587519238094966 ], [ 142.12134530725433, -30.523090040806956 ], [ 142.041953943618864, -29.669357581317666 ], [ 141.041293951879425, -29.733242937813401 ] ] ] } },
{ "type": "Feature", "properties": { "idx": "56,37" }, "geometry": { "type": "Polygon", "coordinates": [ [ [ 142.041953943618864, -29.669357581317666 ], [ 142.12134530725433, -30.523090040806956 ], [ 143.128597481412015, -30.451927491207659 ], [ 143.041380800266523, -29.598793670153015 ], [ 142.041953943618864, -29.669357581317666 ] ] ] } },
{ "type": "Feature", "properties": { "idx": "57,37" }, "geometry": { "type": "Polygon", "coordinates": [ [ [ 143.041380800266523, -29.598793670153015 ], [ 143.128597481412015, -30.451927491207659 ], [ 144.134464563158417, -30.374045938480979 ], [ 144.039454713771079, -29.521564833563751 ], [ 143.041380800266523, -29.598793670153015 ] ] ] } },
{ "type": "Feature", "properties": { "idx": "58,37" }, "geometry": { "type": "Polygon", "coordinates": [ [ [ 144.039454713771079, -29.521564833563751 ], [ 144.134464563158417, -30.374045938480979 ], [ 145.138824972898135, -30.28946098023378 ], [ 145.036056860666889, -29.437685887494418 ], [ 144.039454713771079, -29.521564833563751 ] ] ] } },
{ "type": "Feature", "properties": { "idx": "59,37" }, "geometry": { "type": "Polygon", "coordinates": [ [ [ 145.036056860666889, -29.437685887494418 ], [ 145.138824972898135, -30.28946098023378 ], [ 146.141558239754033, -30.198189431350205 ], [ 146.031069483985021, -29.347172805214782 ], [ 145.036056860666889, -29.437685887494418 ] ] ] } },
{ "type": "Feature", "properties": { "idx": "60,37" }, "geometry": { "type": "Polygon", "coordinates": [ [ [ 146.031069483985021, -29.347172805214782 ], [ 146.141558239754033, -30.198189431350205 ], [ 147.14254508459203, -30.100249290591488 ], [ 147.024375973256241, -29.250042685804228 ], [ 146.031069483985021, -29.347172805214782 ] ] ] } },
{ "type": "Feature", "properties": { "idx": "61,37" }, "geometry": { "type": "Polygon", "coordinates": [ [ [ 147.024375973256241, -29.250042685804228 ], [ 147.14254508459203, -30.100249290591488 ], [ 148.141667500895693, -29.995659705047018 ], [ 148.015860942476678, -29.146313720592804 ], [ 147.024375973256241, -29.250042685804228 ] ] ] } },
{ "type": "Feature", "properties": { "idx": "62,37" }, "geometry": { "type": "Polygon", "coordinates": [ [ [ 148.015860942476678, -29.146313720592804 ], [ 148.141667500895693, -29.995659705047018 ], [ 149.13880883336239, -29.884440932546081 ], [ 149.005410305913557, -29.036005157658032 ], [ 148.015860942476678, -29.146313720592804 ] ] ] } },
{ "type": "Feature", "properties": { "idx": "63,37" }, "geometry": { "type": "Polygon", "coordinates": [ [ [ 149.005410305913557, -29.036005157658032 ], [ 149.13880883336239, -29.884440932546081 ], [ 150.133853854099812, -29.766614302144273 ], [ 149.992911351635712, -28.919137264482885 ], [ 149.005410305913557, -29.036005157658032 ] ] ] } },
{ "type": "Feature", "properties": { "idx": "64,37" }, "geometry": { "type": "Polygon", "coordinates": [ [ [ 149.992911351635712, -28.919137264482885 ], [ 150.133853854099812, -29.766614302144273 ], [ 151.126688836308858, -29.642202172803067 ], [ 150.978252812660315, -28.795731288882365 ], [ 149.992911351635712, -28.919137264482885 ] ] ] } },
{ "type": "Feature", "properties": { "idx": "65,37" }, "geometry": { "type": "Polygon", "coordinates": [ [ [ 150.978252812660315, -28.795731288882365 ], [ 151.126688836308858, -29.642202172803067 ], [ 152.117201625347747, -29.511227890382838 ], [ 151.961324935615124, -28.665809418310154 ], [ 150.978252812660315, -28.795731288882365 ] ] ] } },
{ "type": "Feature", "properties": { "idx": "66,37" }, "geometry": { "type": "Polygon", "coordinates": [ [ [ 151.961324935615124, -28.665809418310154 ], [ 152.117201625347747, -29.511227890382838 ], [ 153.105281707080565, -29.373715743072971 ], [ 152.942019546823332, -28.529394737657537 ], [ 151.961324935615124, -28.665809418310154 ] ] ] } },
{ "type": "Feature", "properties": { "idx": "67,37" }, "geometry": { "type": "Polygon", "coordinates": [ [ [ 152.942019546823332, -28.529394737657537 ], [ 153.105281707080565, -29.373715743072971 ], [ 154.090820273420633, -29.229690915384275 ], [ 153.920230115725843, -28.386511185659838 ], [ 152.942019546823332, -28.529394737657537 ] ] ] } },
{ "type": "Feature", "properties": { "idx": "68,37" }, "geometry": { "type": "Polygon", "coordinates": [ [ [ 153.920230115725843, -28.386511185659838 ], [ 154.090820273420633, -29.229690915384275 ], [ 155.073710284990113, -29.079179440828543 ], [ 154.895851815564185, -28.237183510026203 ], [ 153.920230115725843, -28.386511185659838 ] ] ] } },
{ "type": "Feature", "properties": { "idx": "26,38" }, "geometry": { "type": "Polygon", "coordinates": [ [ [ 112.192190932795071, -27.820410636403651 ], [ 112.038692003378515, -28.665808903316204 ], [ 113.021764114029367, -28.795730797854336 ], [ 113.167930562015314, -27.949324762019117 ], [ 112.192190932795071, -27.820410636403651 ] ] ] } },
{ "type": "Feature", "properties": { "idx": "27,38" }, "geometry": { "type": "Polygon", "coordinates": [ [ [ 113.167930562015314, -27.949324762019117 ], [ 113.021764114029367, -28.795730797854336 ], [ 114.007105563277648, -28.919136797687205 ], [ 114.145888254855748, -28.071767334813885 ], [ 113.167930562015314, -27.949324762019117 ] ] ] } },
{ "type": "Feature", "properties": { "idx": "28,38" }, "geometry": { "type": "Polygon", "coordinates": [ [ [ 114.145888254855748, -28.071767334813885 ], [ 114.007105563277648, -28.919136797687205 ], [ 114.994606597766364, -29.03600471534919 ], [ 115.125956593129175, -28.187717271517041 ], [ 114.145888254855748, -28.071767334813885 ] ] ] } },
{ "type": "Feature", "properties": { "idx": "29,38" }, "geometry": { "type": "Polygon", "coordinates": [ [ [ 115.125956593129175, -28.187717271517041 ], [ 114.994606597766364, -29.03600471534919 ], [ 115.984155950527523, -29.146313303013002 ], [ 116.108026701005429, -28.297154382957054 ], [ 115.125956593129175, -28.187717271517041 ] ] ] } },
{ "type": "Feature", "properties": { "idx": "30,38" }, "geometry": { "type": "Polygon", "coordinates": [ [ [ 116.108026701005429, -28.297154382957054 ], [ 115.984155950527523, -29.146313303013002 ], [ 116.975640909644099, -29.250042293183061 ], [ 117.091988311364432, -28.400059412619591 ], [ 116.108026701005429, -28.297154382957054 ] ] ] } },
{ "type": "Feature", "properties": { "idx": "31,38" }, "geometry": { "type": "Polygon", "coordinates": [ [ [ 117.091988311364432, -28.400059412619591 ], [ 116.975640909644099, -29.250042293183061 ], [ 117.968947389396817, -29.347172437768958 ], [ 118.077729834507693, -28.496414073647074 ], [ 117.091988311364432, -28.400059412619591 ] ] ] } },
{ "type": "Feature", "properties": { "idx": "32,38" }, "geometry": { "type": "Polygon", "coordinates": [ [ [ 118.077729834507693, -28.496414073647074 ], [ 117.968947389396817, -29.347172437768958 ], [ 118.963960003794597, -29.43768554542752 ], [ 119.065138429130954, -28.586201084178615 ], [ 118.077729834507693, -28.496414073647074 ] ] ] } },
{ "type": "Feature", "properties": { "idx": "33,38" }, "geometry": { "type": "Polygon", "coordinates": [ [ [ 119.065138429130954, -28.586201084178615 ], [ 118.963960003794597, -29.43768554542752 ], [ 119.960562142380326, -29.521564517065908 ], [ 120.054100075455295, -28.669404200930895 ], [ 119.065138429130954, -28.586201084178615 ] ] ] } },
{ "type": "Feature", "properties": { "idx": "34,38" }, "geometry": { "type": "Polygon", "coordinates": [ [ [ 120.054100075455295, -28.669404200930895 ], [ 119.960562142380326, -29.521564517065908 ], [ 120.958636048196425, -29.598793379400757 ], [ 121.044499650406308, -28.746008250924739 ], [ 120.054100075455295, -28.669404200930895 ] ] ] } },
{ "type": "Feature", "properties": { "idx": "35,38" }, "geometry": { "type": "Polygon", "coordinates": [ [ [ 121.044499650406308, -28.746008250924739 ], [ 120.958636048196425, -29.598793379400757 ], [ 121.958062897787784, -29.66935731647359 ], [ 122.036221004724553, -28.815999161264799 ], [ 121.044499650406308, -28.746008250924739 ] ] ] } },
{ "type": "Feature", "properties": { "idx": "36,38" }, "geometry": { "type": "Polygon", "coordinates": [ [ [ 122.036221004724553, -28.815999161264799 ], [ 121.958062897787784, -29.66935731647359 ], [ 122.958722883112884, -29.733242699026089 ], [ 123.02914704188467, -28.879363986885469 ], [ 122.036221004724553, -28.815999161264799 ] ] ] } },
{ "type": "Feature", "properties": { "idx": "37,38" }, "geometry": { "type": "Polygon", "coordinates": [ [ [ 123.02914704188467, -28.879363986885469 ], [ 122.958722883112884, -29.733242699026089 ], [ 123.960495295227204, -29.790437111645232 ], [ 124.023159798693868, -28.936090936180062 ], [ 123.02914704188467, -28.879363986885469 ] ] ] } },
{ "type": "Feature", "properties": { "idx": "38,38" }, "geometry": { "type": "Polygon", "coordinates": [ [ [ 124.023159798693868, -28.936090936180062 ], [ 123.960495295227204, -29.790437111645232 ], [ 124.963258609598086, -29.840929377593351 ], [ 125.01814052743633, -28.98616939443534 ], [ 124.023159798693868, -28.936090936180062 ] ] ] } },
{ "type": "Feature", "properties": { "idx": "39,38" }, "geometry": { "type": "Polygon", "coordinates": [ [ [ 125.01814052743633, -28.98616939443534 ], [ 124.963258609598086, -29.840929377593351 ], [ 125.966890572903765, -29.884709581245001 ], [ 126.01396977942332, -29.029589945000883 ], [ 125.01814052743633, -28.98616939443534 ] ] ] } },
{ "type": "Feature", "properties": { "idx": "40,38" }, "geometry": { "type": "Polygon", "coordinates": [ [ [ 126.01396977942332, -29.029589945000883 ], [ 125.966890572903765, -29.884709581245001 ], [ 126.971268291164989, -29.921769088058696 ], [ 127.010527489805284, -29.066344388127007 ], [ 126.01396977942332, -29.029589945000883 ] ] ] } },
{ "type": "Feature", "properties": { "idx": "41,38" }, "geometry": { "type": "Polygon", "coordinates": [ [ [ 127.010527489805284, -29.066344388127007 ], [ 126.971268291164989, -29.921769088058696 ], [ 127.976268319052664, -29.952100562019961 ], [ 128.007693063498039, -29.096425757413204 ], [ 127.010527489805284, -29.066344388127007 ] ] ] } },
{ "type": "Feature", "properties": { "idx": "42,38" }, "geometry": { "type": "Polygon", "coordinates": [ [ [ 128.007693063498039, -29.096425757413204 ], [ 127.976268319052664, -29.952100562019961 ], [ 128.981766750211051, -29.975697980498435 ], [ 129.005345462070267, -29.119828333815271 ], [ 128.007693063498039, -29.096425757413204 ] ] ] } },
{ "type": "Feature", "properties": { "idx": "43,38" }, "geometry": { "type": "Polygon", "coordinates": [ [ [ 129.005345462070267, -29.119828333815271 ], [ 128.981766750211051, -29.975697980498435 ], [ 129.987639308433216, -29.992556646471265 ], [ 130.003363291438006, -29.136547657167185 ], [ 129.005345462070267, -29.119828333815271 ] ] ] } },
{ "type": "Feature", "properties": { "idx": "44,38" }, "geometry": { "type": "Polygon", "coordinates": [ [ [ 130.003363291438006, -29.136547657167185 ], [ 129.987639308433216, -29.992556646471265 ], [ 130.993761439520966, -30.002673198071989 ], [ 131.001624890206926, -29.146580535180753 ], [ 130.003363291438006, -29.136547657167185 ] ] ] } },
{ "type": "Feature", "properties": { "idx": "45,38" }, "geometry": { "type": "Polygon", "coordinates": [ [ [ 131.001624890206926, -29.146580535180753 ], [ 130.993761439520966, -30.002673198071989 ], [ 132.000008403661013, -30.006045615433866 ], [ 132.000008418503796, -29.14992504989473 ], [ 131.001624890206926, -29.146580535180753 ] ] ] } },
{ "type": "Feature", "properties": { "idx": "46,38" }, "geometry": { "type": "Polygon", "coordinates": [ [ [ 132.000008418503796, -29.14992504989473 ], [ 132.000008403661013, -30.006045615433866 ], [ 133.006255368145901, -30.002673224805321 ], [ 132.998391947133825, -29.146580561552362 ], [ 132.000008418503796, -29.14992504989473 ] ] ] } },
{ "type": "Feature", "properties": { "idx": "47,38" }, "geometry": { "type": "Polygon", "coordinates": [ [ [ 132.998391947133825, -29.146580561552362 ], [ 133.006255368145901, -30.002673224805321 ], [ 134.012377500267718, -29.992556699922744 ], [ 133.996653546901825, -29.13654770989552 ], [ 132.998391947133825, -29.146580561552362 ] ] ] } },
{ "type": "Feature", "properties": { "idx": "48,38" }, "geometry": { "type": "Polygon", "coordinates": [ [ [ 133.996653546901825, -29.13654770989552 ], [ 134.012377500267718, -29.992556699922744 ], [ 135.01825006021167, -29.975698060637743 ], [ 134.994671377933059, -29.119828412870724 ], [ 133.996653546901825, -29.13654770989552 ] ] ] } },
{ "type": "Feature", "properties": { "idx": "49,38" }, "geometry": { "type": "Polygon", "coordinates": [ [ [ 134.994671377933059, -29.119828412870724 ], [ 135.01825006021167, -29.975698060637743 ], [ 136.023748493777134, -29.952100668801577 ], [ 135.992323778831093, -29.096425862751349 ], [ 134.994671377933059, -29.119828412870724 ] ] ] } },
{ "type": "Feature", "properties": { "idx": "50,38" }, "geometry": { "type": "Polygon", "coordinates": [ [ [ 135.992323778831093, -29.096425862751349 ], [ 136.023748493777134, -29.952100668801577 ], [ 137.028748524753809, -29.921769221422107 ], [ 136.989489355508539, -29.066344519688826 ], [ 135.992323778831093, -29.096425862751349 ] ] ] } },
{ "type": "Feature", "properties": { "idx": "51,38" }, "geometry": { "type": "Polygon", "coordinates": [ [ [ 136.989489355508539, -29.066344519688826 ], [ 137.028748524753809, -29.921769221422107 ], [ 138.033126246781507, -29.884709741114705 ], [ 137.986047069530002, -29.029590102712586 ], [ 136.989489355508539, -29.066344519688826 ] ] ] } },
{ "type": "Feature", "properties": { "idx": "52,38" }, "geometry": { "type": "Polygon", "coordinates": [ [ [ 137.986047069530002, -29.029590102712586 ], [ 138.033126246781507, -29.884709741114705 ], [ 139.036758214525918, -29.840929563878984 ], [ 138.981876325806269, -28.986169578208646 ], [ 137.986047069530002, -29.029590102712586 ] ] ] } },
{ "type": "Feature", "properties": { "idx": "53,38" }, "geometry": { "type": "Polygon", "coordinates": [ [ [ 138.981876325806269, -28.986169578208646 ], [ 139.036758214525918, -29.840929563878984 ], [ 140.039521534001523, -29.790437324241573 ], [ 139.976857059481858, -28.936091145912286 ], [ 138.981876325806269, -28.986169578208646 ] ] ] } },
{ "type": "Feature", "properties": { "idx": "54,38" }, "geometry": { "type": "Polygon", "coordinates": [ [ [ 139.976857059481858, -28.936091145912286 ], [ 140.039521534001523, -29.790437324241573 ], [ 141.041293951879425, -29.733242937813401 ], [ 140.970869821861243, -28.879364222459657 ], [ 139.976857059481858, -28.936091145912286 ] ] ] } },
{ "type": "Feature", "properties": { "idx": "55,38" }, "geometry": { "type": "Polygon", "coordinates": [ [ [ 140.970869821861243, -28.879364222459657 ], [ 141.041293951879425, -29.733242937813401 ], [ 142.041953943618864, -29.669357581317666 ], [ 141.963795865220931, -28.815999422549801 ], [ 140.970869821861243, -28.879364222459657 ] ] ] } },
{ "type": "Feature", "properties": { "idx": "56,38" }, "geometry": { "type": "Polygon", "coordinates": [ [ [ 141.963795865220931, -28.815999422549801 ], [ 142.041953943618864, -29.669357581317666 ], [ 143.041380800266523, -29.598793670153015 ], [ 142.955517226359774, -28.746008537775499 ], [ 141.963795865220931, -28.815999422549801 ] ] ] } },
{ "type": "Feature", "properties": { "idx": "57,38" }, "geometry": { "type": "Polygon", "coordinates": [ [ [ 142.955517226359774, -28.746008537775499 ], [ 143.041380800266523, -29.598793670153015 ], [ 144.039454713771079, -29.521564833563751 ], [ 143.945916808743078, -28.66940451318856 ], [ 142.955517226359774, -28.746008537775499 ] ] ] } },
{ "type": "Feature", "properties": { "idx": "58,38" }, "geometry": { "type": "Polygon", "coordinates": [ [ [ 143.945916808743078, -28.66940451318856 ], [ 144.039454713771079, -29.521564833563751 ], [ 145.036056860666889, -29.437685887494418 ], [ 144.934878463101398, -28.586201421670744 ], [ 143.945916808743078, -28.66940451318856 ] ] ] } },
{ "type": "Feature", "properties": { "idx": "59,38" }, "geometry": { "type": "Polygon", "coordinates": [ [ [ 144.934878463101398, -28.586201421670744 ], [ 145.036056860666889, -29.437685887494418 ], [ 146.031069483985021, -29.347172805214782 ], [ 145.922287066349526, -28.496414436187926 ], [ 144.934878463101398, -28.586201421670744 ] ] ] } },
{ "type": "Feature", "properties": { "idx": "60,38" }, "geometry": { "type": "Polygon", "coordinates": [ [ [ 145.922287066349526, -28.496414436187926 ], [ 146.031069483985021, -29.347172805214782 ], [ 147.024375973256241, -29.250042685804228 ], [ 146.908028598697001, -28.400059800010233 ], [ 145.922287066349526, -28.496414436187926 ] ] ] } },
{ "type": "Feature", "properties": { "idx": "61,38" }, "geometry": { "type": "Polygon", "coordinates": [ [ [ 146.908028598697001, -28.400059800010233 ], [ 147.024375973256241, -29.250042685804228 ], [ 148.015860942476678, -29.146313720592804 ], [ 147.891990218827459, -28.297154794985723 ], [ 146.908028598697001, -28.400059800010233 ] ] ] } },
{ "type": "Feature", "properties": { "idx": "62,38" }, "geometry": { "type": "Polygon", "coordinates": [ [ [ 147.891990218827459, -28.297154794985723 ], [ 148.015860942476678, -29.146313720592804 ], [ 149.005410305913557, -29.036005157658032 ], [ 148.874060337029476, -28.187717707959361 ], [ 147.891990218827459, -28.297154794985723 ] ] ] } },
{ "type": "Feature", "properties": { "idx": "63,38" }, "geometry": { "type": "Polygon", "coordinates": [ [ [ 148.874060337029476, -28.187717707959361 ], [ 149.005410305913557, -29.036005157658032 ], [ 149.992911351635712, -28.919137264482885 ], [ 149.854128686169588, -28.071767795433118 ], [ 148.874060337029476, -28.187717707959361 ] ] ] } },
{ "type": "Feature", "properties": { "idx": "64,38" }, "geometry": { "type": "Polygon", "coordinates": [ [ [ 149.854128686169588, -28.071767795433118 ], [ 149.992911351635712, -28.919137264482885 ], [ 150.978252812660315, -28.795731288882365 ], [ 150.832086390403475, -27.949325246566566 ], [ 149.854128686169588, -28.071767795433118 ] ] ] } },
{ "type": "Feature", "properties": { "idx": "65,38" }, "geometry": { "type": "Polygon", "coordinates": [ [ [ 150.832086390403475, -27.949325246566566 ], [ 150.978252812660315, -28.795731288882365 ], [ 151.961324935615124, -28.665809418310154 ], [ 151.807826031529373, -27.820411144618852 ], [ 150.832086390403475, -27.949325246566566 ] ] ] } },
{ "type": "Feature", "properties": { "idx": "66,38" }, "geometry": { "type": "Polygon", "coordinates": [ [ [ 151.807826031529373, -27.820411144618852 ], [ 151.961324935615124, -28.665809418310154 ], [ 152.942019546823332, -28.529394737657537 ], [ 152.781241712894541, -27.6850474269364 ], [ 151.807826031529373, -27.820411144618852 ] ] ] } },
{ "type": "Feature", "properties": { "idx": "67,38" }, "geometry": { "type": "Polygon", "coordinates": [ [ [ 152.781241712894541, -27.6850474269364 ], [ 152.942019546823332, -28.529394737657537 ], [ 153.920230115725843, -28.386511185659838 ], [ 153.752229120772995, -27.543256843591742 ], [ 152.781241712894541, -27.6850474269364 ] ] ] } },
{ "type": "Feature", "properties": { "idx": "68,38" }, "geometry": { "type": "Polygon", "coordinates": [ [ [ 153.752229120772995, -27.543256843591742 ], [ 153.920230115725843, -28.386511185659838 ], [ 154.895851815564185, -28.237183510026203 ], [ 154.720685583141204, -27.395062914779469 ], [ 153.752229120772995, -27.543256843591742 ] ] ] } },
{ "type": "Feature", "properties": { "idx": "26,39" }, "geometry": { "type": "Polygon", "coordinates": [ [ [ 112.343365638053911, -26.974850673390154 ], [ 112.192190932795071, -27.820410636403651 ], [ 113.167930562015314, -27.949324762019117 ], [ 113.311878692718267, -27.102799963315235 ], [ 112.343365638053911, -26.974850673390154 ] ] ] } },
{ "type": "Feature", "properties": { "idx": "27,39" }, "geometry": { "type": "Polygon", "coordinates": [ [ [ 113.311878692718267, -27.102799963315235 ], [ 113.167930562015314, -27.949324762019117 ], [ 114.145888254855748, -28.071767334813885 ], [ 114.282560057996008, -27.224320186055323 ], [ 113.311878692718267, -27.102799963315235 ] ] ] } },
{ "type": "Feature", "properties": { "idx": "28,39" }, "geometry": { "type": "Polygon", "coordinates": [ [ [ 114.282560057996008, -27.224320186055323 ], [ 114.145888254855748, -28.071767334813885 ], [ 115.125956593129175, -28.187717271517041 ], [ 115.255304586949705, -27.339391312272969 ], [ 114.282560057996008, -27.224320186055323 ] ] ] } },
{ "type": "Feature", "properties": { "idx": "29,39" }, "geometry": { "type": "Polygon", "coordinates": [ [ [ 115.255304586949705, -27.339391312272969 ], [ 115.125956593129175, -28.187717271517041 ], [ 116.108026701005429, -28.297154382957054 ], [ 116.230005728518734, -27.447994162806975 ], [ 115.255304586949705, -27.339391312272969 ] ] ] } },
{ "type": "Feature", "properties": { "idx": "30,39" }, "geometry": { "type": "Polygon", "coordinates": [ [ [ 116.230005728518734, -27.447994162806975 ], [ 116.108026701005429, -28.297154382957054 ], [ 117.091988311364432, -28.400059412619591 ], [ 117.206555591652915, -27.550110445256628 ], [ 116.230005728518734, -27.447994162806975 ] ] ] } },
{ "type": "Feature", "properties": { "idx": "31,39" }, "geometry": { "type": "Polygon", "coordinates": [ [ [ 117.206555591652915, -27.550110445256628 ], [ 117.091988311364432, -28.400059412619591 ], [ 118.077729834507693, -28.496414073647074 ], [ 118.184845011684345, -27.645722789066443 ], [ 117.206555591652915, -27.550110445256628 ] ] ] } },
{ "type": "Feature", "properties": { "idx": "32,39" }, "geometry": { "type": "Polygon", "coordinates": [ [ [ 118.184845011684345, -27.645722789066443 ], [ 118.077729834507693, -28.496414073647074 ], [ 119.065138429130954, -28.586201084178615 ], [ 119.164763618846251, -27.734814779017892 ], [ 118.184845011684345, -27.645722789066443 ] ] ] } },
{ "type": "Feature", "properties": { "idx": "33,39" }, "geometry": { "type": "Polygon", "coordinates": [ [ [ 119.164763618846251, -27.734814779017892 ], [ 119.065138429130954, -28.586201084178615 ], [ 120.054100075455295, -28.669404200930895 ], [ 120.146199908839463, -27.817370987037012 ], [ 119.164763618846251, -27.734814779017892 ] ] ] } },
{ "type": "Feature", "properties": { "idx": "34,39" }, "geometry": { "type": "Polygon", "coordinates": [ [ [ 120.146199908839463, -27.817370987037012 ], [ 120.054100075455295, -28.669404200930895 ], [ 121.044499650406308, -28.746008250924739 ], [ 121.129041315341709, -27.893377002230832 ], [ 120.146199908839463, -27.817370987037012 ] ] ] } },
{ "type": "Feature", "properties": { "idx": "35,39" }, "geometry": { "type": "Polygon", "coordinates": [ [ [ 121.129041315341709, -27.893377002230832 ], [ 121.044499650406308, -28.746008250924739 ], [ 122.036221004724553, -28.815999161264799 ], [ 122.113174284348759, -27.962819459067923 ], [ 121.129041315341709, -27.893377002230832 ] ] ] } },
{ "type": "Feature", "properties": { "idx": "36,39" }, "geometry": { "type": "Polygon", "coordinates": [ [ [ 122.113174284348759, -27.962819459067923 ], [ 122.036221004724553, -28.815999161264799 ], [ 123.02914704188467, -28.879363986885469 ], [ 123.098484350230279, -28.025686063622814 ], [ 122.113174284348759, -27.962819459067923 ] ] ] } },
{ "type": "Feature", "properties": { "idx": "37,39" }, "geometry": { "type": "Polygon", "coordinates": [ [ [ 123.098484350230279, -28.025686063622814 ], [ 123.02914704188467, -28.879363986885469 ], [ 124.023159798693868, -28.936090936180062 ], [ 124.084856213377975, -28.081965617808784 ], [ 123.098484350230279, -28.025686063622814 ] ] ] } },
{ "type": "Feature", "properties": { "idx": "38,39" }, "geometry": { "type": "Polygon", "coordinates": [ [ [ 124.084856213377975, -28.081965617808784 ], [ 124.023159798693868, -28.936090936180062 ], [ 125.01814052743633, -28.98616939443534 ], [ 125.072173819318664, -28.131648041528159 ], [ 124.084856213377975, -28.081965617808784 ] ] ] } },
{ "type": "Feature", "properties": { "idx": "39,39" }, "geometry": { "type": "Polygon", "coordinates": [ [ [ 125.072173819318664, -28.131648041528159 ], [ 125.01814052743633, -28.98616939443534 ], [ 126.01396977942332, -29.029589945000883 ], [ 126.060320439159682, -28.174724392674914 ], [ 125.072173819318664, -28.131648041528159 ] ] ] } },
{ "type": "Feature", "properties": { "idx": "40,39" }, "geometry": { "type": "Polygon", "coordinates": [ [ [ 126.060320439159682, -28.174724392674914 ], [ 126.01396977942332, -29.029589945000883 ], [ 127.010527489805284, -29.066344388127007 ], [ 127.049178751230016, -28.211186884929184 ], [ 126.060320439159682, -28.174724392674914 ] ] ] } },
{ "type": "Feature", "properties": { "idx": "41,39" }, "geometry": { "type": "Polygon", "coordinates": [ [ [ 127.049178751230016, -28.211186884929184 ], [ 127.010527489805284, -29.066344388127007 ], [ 128.007693063498039, -29.096425757413204 ], [ 128.038630923776793, -28.241028903291156 ], [ 127.049178751230016, -28.211186884929184 ] ] ] } },
{ "type": "Feature", "properties": { "idx": "42,39" }, "geometry": { "type": "Polygon", "coordinates": [ [ [ 128.038630923776793, -28.241028903291156 ], [ 128.007693063498039, -29.096425757413204 ], [ 129.005345462070267, -29.119828333815271 ], [ 129.028558698572681, -28.264245017306372 ], [ 128.038630923776793, -28.241028903291156 ] ] ] } },
{ "type": "Feature", "properties": { "idx": "43,39" }, "geometry": { "type": "Polygon", "coordinates": [ [ [ 129.028558698572681, -28.264245017306372 ], [ 129.005345462070267, -29.119828333815271 ], [ 130.003363291438006, -29.136547657167185 ], [ 130.018843475287127, -28.280830991942533 ], [ 129.028558698572681, -28.264245017306372 ] ] ] } },
{ "type": "Feature", "properties": { "idx": "44,39" }, "geometry": { "type": "Polygon", "coordinates": [ [ [ 130.018843475287127, -28.280830991942533 ], [ 130.003363291438006, -29.136547657167185 ], [ 131.001624890206926, -29.146580535180753 ], [ 131.009366396471847, -28.290783796084092 ], [ 130.018843475287127, -28.280830991942533 ] ] ] } },
{ "type": "Feature", "properties": { "idx": "45,39" }, "geometry": { "type": "Polygon", "coordinates": [ [ [ 131.009366396471847, -28.290783796084092 ], [ 131.001624890206926, -29.146580535180753 ], [ 132.000008418503796, -29.14992504989473 ], [ 132.000008433008986, -28.294101608619073 ], [ 131.009366396471847, -28.290783796084092 ] ] ] } },
{ "type": "Feature", "properties": { "idx": "46,39" }, "geometry": { "type": "Polygon", "coordinates": [ [ [ 132.000008433008986, -28.294101608619073 ], [ 132.000008418503796, -29.14992504989473 ], [ 132.998391947133825, -29.146580561552362 ], [ 132.990650469868143, -28.290783822098174 ], [ 132.000008433008986, -28.294101608619073 ] ] ] } },
{ "type": "Feature", "properties": { "idx": "47,39" }, "geometry": { "type": "Polygon", "coordinates": [ [ [ 132.990650469868143, -28.290783822098174 ], [ 132.998391947133825, -29.146580561552362 ], [ 133.996653546901825, -29.13654770989552 ], [ 133.981173392018491, -28.280831043956169 ], [ 132.990650469868143, -28.290783822098174 ] ] ] } },
{ "type": "Feature", "properties": { "idx": "48,39" }, "geometry": { "type": "Polygon", "coordinates": [ [ [ 133.981173392018491, -28.280831043956169 ], [ 133.996653546901825, -29.13654770989552 ], [ 134.994671377933059, -29.119828412870724 ], [ 134.971458170340867, -28.26424509529069 ], [ 133.981173392018491, -28.280831043956169 ] ] ] } },
{ "type": "Feature", "properties": { "idx": "49,39" }, "geometry": { "type": "Polygon", "coordinates": [ [ [ 134.971458170340867, -28.26424509529069 ], [ 134.994671377933059, -29.119828412870724 ], [ 135.992323778831093, -29.096425862751349 ], [ 135.961385947384827, -28.241029007202748 ], [ 134.971458170340867, -28.26424509529069 ] ] ] } },
{ "type": "Feature", "properties": { "idx": "50,39" }, "geometry": { "type": "Polygon", "coordinates": [ [ [ 135.961385947384827, -28.241029007202748 ], [ 135.992323778831093, -29.096425862751349 ], [ 136.989489355508539, -29.066344519688826 ], [ 136.950838122816691, -28.211187014710344 ], [ 135.961385947384827, -28.241029007202748 ] ] ] } },
{ "type": "Feature", "properties": { "idx": "51,39" }, "geometry": { "type": "Polygon", "coordinates": [ [ [ 136.950838122816691, -28.211187014710344 ], [ 136.989489355508539, -29.066344519688826 ], [ 137.986047069530002, -29.029590102712586 ], [ 137.939696438405178, -28.1747245482536 ], [ 136.950838122816691, -28.211187014710344 ] ] ] } },
{ "type": "Feature", "properties": { "idx": "52,39" }, "geometry": { "type": "Polygon", "coordinates": [ [ [ 137.939696438405178, -28.1747245482536 ], [ 137.986047069530002, -29.029590102712586 ], [ 138.981876325806269, -28.986169578208646 ], [ 138.92784306239264, -28.131648222818214 ], [ 137.939696438405178, -28.1747245482536 ] ] ] } },
{ "type": "Feature", "properties": { "idx": "53,39" }, "geometry": { "type": "Polygon", "coordinates": [ [ [ 138.92784306239264, -28.131648222818214 ], [ 138.981876325806269, -28.986169578208646 ], [ 139.976857059481858, -28.936091145912286 ], [ 139.915160673102491, -28.081965824709862 ], [ 138.92784306239264, -28.131648222818214 ] ] ] } },
{ "type": "Feature", "properties": { "idx": "54,39" }, "geometry": { "type": "Polygon", "coordinates": [ [ [ 139.915160673102491, -28.081965824709862 ], [ 139.976857059481858, -28.936091145912286 ], [ 140.970869821861243, -28.879364222459657 ], [ 140.901532541635561, -28.025686296020684 ], [ 139.915160673102491, -28.081965824709862 ] ] ] } },
{ "type": "Feature", "properties": { "idx": "55,39" }, "geometry": { "type": "Polygon", "coordinates": [ [ [ 140.901532541635561, -28.025686296020684 ], [ 140.970869821861243, -28.879364222459657 ], [ 141.963795865220931, -28.815999422549801 ], [ 141.886842613511391, -27.962819716834463 ], [ 140.901532541635561, -28.025686296020684 ] ] ] } },
{ "type": "Feature", "properties": { "idx": "56,39" }, "geometry": { "type": "Polygon", "coordinates": [ [ [ 141.886842613511391, -27.962819716834463 ], [ 141.963795865220931, -28.815999422549801 ], [ 142.955517226359774, -28.746008537775499 ], [ 142.870975589113698, -27.893377285224346 ], [ 141.886842613511391, -27.962819716834463 ] ] ] } },
{ "type": "Feature", "properties": { "idx": "57,39" }, "geometry": { "type": "Polygon", "coordinates": [ [ [ 142.870975589113698, -27.893377285224346 ], [ 142.955517226359774, -28.746008537775499 ], [ 143.945916808743078, -28.66940451318856 ], [ 143.853817002803339, -27.817371295102291 ], [ 142.870975589113698, -27.893377285224346 ] ] ] } },
{ "type": "Feature", "properties": { "idx": "58,39" }, "geometry": { "type": "Polygon", "coordinates": [ [ [ 143.853817002803339, -27.817371295102291 ], [ 143.945916808743078, -28.66940451318856 ], [ 144.934878463101398, -28.586201421670744 ], [ 144.835253300566478, -27.734815111986457 ], [ 143.853817002803339, -27.817371295102291 ] ] ] } },
{ "type": "Feature", "properties": { "idx": "59,39" }, "geometry": { "type": "Polygon", "coordinates": [ [ [ 144.835253300566478, -27.734815111986457 ], [ 144.934878463101398, -28.586201421670744 ], [ 145.922287066349526, -28.496414436187926 ], [ 145.815171916070653, -27.645723146756808 ], [ 144.835253300566478, -27.734815111986457 ] ] ] } },
{ "type": "Feature", "properties": { "idx": "60,39" }, "geometry": { "type": "Polygon", "coordinates": [ [ [ 145.815171916070653, -27.645723146756808 ], [ 145.922287066349526, -28.496414436187926 ], [ 146.908028598697001, -28.400059800010233 ], [ 146.79346134500571, -27.550110827474349 ], [ 145.815171916070653, -27.645723146756808 ] ] ] } },
{ "type": "Feature", "properties": { "idx": "61,39" }, "geometry": { "type": "Polygon", "coordinates": [ [ [ 146.79346134500571, -27.550110827474349 ], [ 146.908028598697001, -28.400059800010233 ], [ 147.891990218827459, -28.297154794985723 ], [ 147.770011217593236, -27.447994569345106 ], [ 146.79346134500571, -27.550110827474349 ] ] ] } },
{ "type": "Feature", "properties": { "idx": "62,39" }, "geometry": { "type": "Polygon", "coordinates": [ [ [ 147.770011217593236, -27.447994569345106 ], [ 147.891990218827459, -28.297154794985723 ], [ 148.874060337029476, -28.187717707959361 ], [ 148.744712369153177, -27.339391742912209 ], [ 147.770011217593236, -27.447994569345106 ] ] ] } },
{ "type": "Feature", "properties": { "idx": "63,39" }, "geometry": { "type": "Polygon", "coordinates": [ [ [ 148.744712369153177, -27.339391742912209 ], [ 148.874060337029476, -28.187717707959361 ], [ 149.854128686169588, -28.071767795433118 ], [ 149.717456908622466, -27.224320640564269 ], [ 148.744712369153177, -27.339391742912209 ] ] ] } },
{ "type": "Feature", "properties": { "idx": "64,39" }, "geometry": { "type": "Polygon", "coordinates": [ [ [ 149.717456908622466, -27.224320640564269 ], [ 149.854128686169588, -28.071767795433118 ], [ 150.832086390403475, -27.949325246566566 ], [ 150.688138284927021, -27.102800441450732 ], [ 149.717456908622466, -27.224320640564269 ] ] ] } },
{ "type": "Feature", "properties": { "idx": "65,39" }, "geometry": { "type": "Polygon", "coordinates": [ [ [ 150.688138284927021, -27.102800441450732 ], [ 150.832086390403475, -27.949325246566566 ], [ 151.807826031529373, -27.820411144618852 ], [ 151.656651351115613, -26.974851174897548 ], [ 150.688138284927021, -27.102800441450732 ] ] ] } },
{ "type": "Feature", "properties": { "idx": "66,39" }, "geometry": { "type": "Polygon", "coordinates": [ [ [ 151.656651351115613, -26.974851174897548 ], [ 151.807826031529373, -27.820411144618852 ], [ 152.781241712894541, -27.6850474269364 ], [ 152.622892426169244, -26.840493682418515 ], [ 151.656651351115613, -26.974851174897548 ] ] ] } },
{ "type": "Feature", "properties": { "idx": "67,39" }, "geometry": { "type": "Polygon", "coordinates": [ [ [ 152.622892426169244, -26.840493682418515 ], [ 152.781241712894541, -27.6850474269364 ], [ 153.752229120772995, -27.543256843591742 ], [ 153.586759354408798, -26.69974957841929 ], [ 152.622892426169244, -26.840493682418515 ] ] ] } },
{ "type": "Feature", "properties": { "idx": "68,39" }, "geometry": { "type": "Polygon", "coordinates": [ [ [ 153.586759354408798, -26.69974957841929 ], [ 153.752229120772995, -27.543256843591742 ], [ 154.720685583141204, -27.395062914779469 ], [ 154.548151562429268, -26.552641209691608 ], [ 153.586759354408798, -26.69974957841929 ] ] ] } },
{ "type": "Feature", "properties": { "idx": "25,40" }, "geometry": { "type": "Polygon", "coordinates": [ [ [ 111.533099475071509, -25.995556840438418 ], [ 111.377124575007414, -26.840493157805124 ], [ 112.343365638053911, -26.974850673390154 ], [ 112.492268097364615, -26.128951236099738 ], [ 111.533099475071509, -25.995556840438418 ] ] ] } },
{ "type": "Feature", "properties": { "idx": "26,40" }, "geometry": { "type": "Polygon", "coordinates": [ [ [ 112.492268097364615, -26.128951236099738 ], [ 112.343365638053911, -26.974850673390154 ], [ 113.311878692718267, -27.102799963315235 ], [ 113.453658268387727, -26.255977043271212 ], [ 112.492268097364615, -26.128951236099738 ] ] ] } },
{ "type": "Feature", "properties": { "idx": "27,40" }, "geometry": { "type": "Polygon", "coordinates": [ [ [ 113.453658268387727, -26.255977043271212 ], [ 113.311878692718267, -27.102799963315235 ], [ 114.282560057996008, -27.224320186055323 ], [ 114.417168463350066, -26.376614468268052 ], [ 113.453658268387727, -26.255977043271212 ] ] ] } },
{ "type": "Feature", "properties": { "idx": "28,40" }, "geometry": { "type": "Polygon", "coordinates": [ [ [ 114.417168463350066, -26.376614468268052 ], [ 114.282560057996008, -27.224320186055323 ], [ 115.255304586949705, -27.339391312272969 ], [ 115.382695744741326, -26.490844489058066 ], [ 114.417168463350066, -26.376614468268052 ] ] ] } },
{ "type": "Feature", "properties": { "idx": "29,40" }, "geometry": { "type": "Polygon", "coordinates": [ [ [ 115.382695744741326, -26.490844489058066 ], [ 115.255304586949705, -27.339391312272969 ], [ 116.230005728518734, -27.447994162806975 ], [ 116.350135822122866, -26.598648891377866 ], [ 115.382695744741326, -26.490844489058066 ] ] ] } },
{ "type": "Feature", "properties": { "idx": "30,40" }, "geometry": { "type": "Polygon", "coordinates": [ [ [ 116.350135822122866, -26.598648891377866 ], [ 116.230005728518734, -27.447994162806975 ], [ 117.206555591652915, -27.550110445256628 ], [ 117.319383114126751, -26.700010303492416 ], [ 116.350135822122866, -26.598648891377866 ] ] ] } },
{ "type": "Feature", "properties": { "idx": "31,40" }, "geometry": { "type": "Polygon", "coordinates": [ [ [ 117.319383114126751, -26.700010303492416 ], [ 117.206555591652915, -27.550110445256628 ], [ 118.184845011684345, -27.645722789066443 ], [ 118.290330812580791, -26.794912229509606 ], [ 117.319383114126751, -26.700010303492416 ] ] ] } },
{ "type": "Feature", "properties": { "idx": "32,40" }, "geometry": { "type": "Polygon", "coordinates": [ [ [ 118.290330812580791, -26.794912229509606 ], [ 118.184845011684345, -27.645722789066443 ], [ 119.164763618846251, -27.734814779017892 ], [ 119.262870948671591, -26.883339081164632 ], [ 118.290330812580791, -26.794912229509606 ] ] ] } },
{ "type": "Feature", "properties": { "idx": "33,40" }, "geometry": { "type": "Polygon", "coordinates": [ [ [ 119.262870948671591, -26.883339081164632 ], [ 119.164763618846251, -27.734814779017892 ], [ 120.146199908839463, -27.817370987037012 ], [ 120.236894461051861, -26.965276207990826 ], [ 119.262870948671591, -26.883339081164632 ] ] ] } },
{ "type": "Feature", "properties": { "idx": "34,40" }, "geometry": { "type": "Polygon", "coordinates": [ [ [ 120.236894461051861, -26.965276207990826 ], [ 120.146199908839463, -27.817370987037012 ], [ 121.129041315341709, -27.893377002230832 ], [ 121.212291265791009, -27.040709925795934 ], [ 120.236894461051861, -26.965276207990826 ] ] ] } },
{ "type": "Feature", "properties": { "idx": "35,40" }, "geometry": { "type": "Polygon", "coordinates": [ [ [ 121.212291265791009, -27.040709925795934 ], [ 121.129041315341709, -27.893377002230832 ], [ 122.113174284348759, -27.962819459067923 ], [ 122.188950328063655, -27.109627543367086 ], [ 121.212291265791009, -27.040709925795934 ] ] ] } },
{ "type": "Feature", "properties": { "idx": "36,40" }, "geometry": { "type": "Polygon", "coordinates": [ [ [ 122.188950328063655, -27.109627543367086 ], [ 122.113174284348759, -27.962819459067923 ], [ 123.098484350230279, -28.025686063622814 ], [ 123.166759735465206, -27.172017387331028 ], [ 122.188950328063655, -27.109627543367086 ] ] ] } },
{ "type": "Feature", "properties": { "idx": "37,40" }, "geometry": { "type": "Polygon", "coordinates": [ [ [ 123.166759735465206, -27.172017387331028 ], [ 123.098484350230279, -28.025686063622814 ], [ 124.084856213377975, -28.081965617808784 ], [ 124.145606772836786, -27.227868825099595 ], [ 123.166759735465206, -27.172017387331028 ] ] ] } },
{ "type": "Feature", "properties": { "idx": "38,40" }, "geometry": { "type": "Polygon", "coordinates": [ [ [ 124.145606772836786, -27.227868825099595 ], [ 124.084856213377975, -28.081965617808784 ], [ 125.072173819318664, -28.131648041528159 ], [ 125.125377998479635, -27.277172285836457 ], [ 124.145606772836786, -27.227868825099595 ] ] ] } },
{ "type": "Feature", "properties": { "idx": "39,40" }, "geometry": { "type": "Polygon", "coordinates": [ [ [ 125.125377998479635, -27.277172285836457 ], [ 125.072173819318664, -28.131648041528159 ], [ 126.060320439159682, -28.174724392674914 ], [ 126.10595932163254, -27.319919279384596 ], [ 125.125377998479635, -27.277172285836457 ] ] ] } },
{ "type": "Feature", "properties": { "idx": "40,40" }, "geometry": { "type": "Polygon", "coordinates": [ [ [ 126.10595932163254, -27.319919279384596 ], [ 126.060320439159682, -28.174724392674914 ], [ 127.049178751230016, -28.211186884929184 ], [ 127.087236081082722, -27.356102413100221 ], [ 126.10595932163254, -27.319919279384596 ] ] ] } },
{ "type": "Feature", "properties": { "idx": "41,40" }, "geometry": { "type": "Polygon", "coordinates": [ [ [ 127.087236081082722, -27.356102413100221 ], [ 127.049178751230016, -28.211186884929184 ], [ 128.038630923776793, -28.241028903291156 ], [ 128.069093124776714, -27.385715406544179 ], [ 127.087236081082722, -27.356102413100221 ] ] ] } },
{ "type": "Feature", "properties": { "idx": "42,40" }, "geometry": { "type": "Polygon", "coordinates": [ [ [ 128.069093124776714, -27.385715406544179 ], [ 128.038630923776793, -28.241028903291156 ], [ 129.028558698572681, -28.264245017306372 ], [ 129.051414890294865, -27.408753103987525 ], [ 128.069093124776714, -27.385715406544179 ] ] ] } },
{ "type": "Feature", "properties": { "idx": "43,40" }, "geometry": { "type": "Polygon", "coordinates": [ [ [ 129.051414890294865, -27.408753103987525 ], [ 129.028558698572681, -28.264245017306372 ], [ 130.018843475287127, -28.280830991942533 ], [ 130.034085486049349, -27.425211484694621 ], [ 129.051414890294865, -27.408753103987525 ] ] ] } },
{ "type": "Feature", "properties": { "idx": "44,40" }, "geometry": { "type": "Polygon", "coordinates": [ [ [ 130.034085486049349, -27.425211484694621 ], [ 130.018843475287127, -28.280830991942533 ], [ 131.009366396471847, -28.290783796084092 ], [ 131.016988773064384, -27.435087670953063 ], [ 130.034085486049349, -27.425211484694621 ] ] ] } },
{ "type": "Feature", "properties": { "idx": "45,40" }, "geometry": { "type": "Polygon", "coordinates": [ [ [ 131.016988773064384, -27.435087670953063 ], [ 131.009366396471847, -28.290783796084092 ], [ 132.000008433008986, -28.294101608619073 ], [ 132.000008447194574, -27.438379933826646 ], [ 131.016988773064384, -27.435087670953063 ] ] ] } },
{ "type": "Feature", "properties": { "idx": "46,40" }, "geometry": { "type": "Polygon", "coordinates": [ [ [ 132.000008447194574, -27.438379933826646 ], [ 132.000008433008986, -28.294101608619073 ], [ 132.990650469868143, -28.290783822098174 ], [ 132.983028121636153, -27.435087696613778 ], [ 132.000008447194574, -27.438379933826646 ] ] ] } },
{ "type": "Feature", "properties": { "idx": "47,40" }, "geometry": { "type": "Polygon", "coordinates": [ [ [ 132.983028121636153, -27.435087696613778 ], [ 132.990650469868143, -28.290783822098174 ], [ 133.981173392018491, -28.280831043956169 ], [ 133.965931409584897, -27.425211536001882 ], [ 132.983028121636153, -27.435087696613778 ] ] ] } },
{ "type": "Feature", "properties": { "idx": "48,40" }, "geometry": { "type": "Polygon", "coordinates": [ [ [ 133.965931409584897, -27.425211536001882 ], [ 133.981173392018491, -28.280831043956169 ], [ 134.971458170340867, -28.26424509529069 ], [ 134.948602006894163, -27.408753180913074 ], [ 133.965931409584897, -27.425211536001882 ] ] ] } },
{ "type": "Feature", "properties": { "idx": "49,40" }, "geometry": { "type": "Polygon", "coordinates": [ [ [ 134.948602006894163, -27.408753180913074 ], [ 134.971458170340867, -28.26424509529069 ], [ 135.961385947384827, -28.241029007202748 ], [ 135.930923774586091, -27.385715509045671 ], [ 134.948602006894163, -27.408753180913074 ] ] ] } },
{ "type": "Feature", "properties": { "idx": "50,40" }, "geometry": { "type": "Polygon", "coordinates": [ [ [ 135.930923774586091, -27.385715509045671 ], [ 135.961385947384827, -28.241029007202748 ], [ 136.950838122816691, -28.211187014710344 ], [ 136.912780821069958, -27.356102541121281 ], [ 135.930923774586091, -27.385715509045671 ] ] ] } },
{ "type": "Feature", "properties": { "idx": "51,40" }, "geometry": { "type": "Polygon", "coordinates": [ [ [ 136.912780821069958, -27.356102541121281 ], [ 136.950838122816691, -28.211187014710344 ], [ 137.939696438405178, -28.1747245482536 ], [ 137.894057583922262, -27.319919432854832 ], [ 136.912780821069958, -27.356102541121281 ] ] ] } },
{ "type": "Feature", "properties": { "idx": "52,40" }, "geometry": { "type": "Polygon", "coordinates": [ [ [ 137.894057583922262, -27.319919432854832 ], [ 137.939696438405178, -28.1747245482536 ], [ 138.92784306239264, -28.131648222818214 ], [ 138.874638911085071, -27.277172464671661 ], [ 137.894057583922262, -27.319919432854832 ] ] ] } },
{ "type": "Feature", "properties": { "idx": "53,40" }, "geometry": { "type": "Polygon", "coordinates": [ [ [ 138.874638911085071, -27.277172464671661 ], [ 138.92784306239264, -28.131648222818214 ], [ 139.915160673102491, -28.081965824709862 ], [ 139.854410141340253, -27.227869029201791 ], [ 138.874638911085071, -27.277172464671661 ] ] ] } },
{ "type": "Feature", "properties": { "idx": "54,40" }, "geometry": { "type": "Polygon", "coordinates": [ [ [ 139.854410141340253, -27.227869029201791 ], [ 139.915160673102491, -28.081965824709862 ], [ 140.901532541635561, -28.025686296020684 ], [ 140.833257183920466, -27.172017616588573 ], [ 139.854410141340253, -27.227869029201791 ] ] ] } },
{ "type": "Feature", "properties": { "idx": "55,40" }, "geometry": { "type": "Polygon", "coordinates": [ [ [ 140.833257183920466, -27.172017616588573 ], [ 140.901532541635561, -28.025686296020684 ], [ 141.886842613511391, -27.962819716834463 ], [ 141.811066597119975, -27.109627797654856 ], [ 140.833257183920466, -27.172017616588573 ] ] ] } },
{ "type": "Feature", "properties": { "idx": "56,40" }, "geometry": { "type": "Polygon", "coordinates": [ [ [ 141.811066597119975, -27.109627797654856 ], [ 141.886842613511391, -27.962819716834463 ], [ 142.870975589113698, -27.893377285224346 ], [ 142.787725665772342, -27.040710204975429 ], [ 141.811066597119975, -27.109627797654856 ] ] ] } },
{ "type": "Feature", "properties": { "idx": "57,40" }, "geometry": { "type": "Polygon", "coordinates": [ [ [ 142.787725665772342, -27.040710204975429 ], [ 142.870975589113698, -27.893377285224346 ], [ 143.853817002803339, -27.817371295102291 ], [ 143.76312247746452, -26.965276511910456 ], [ 142.787725665772342, -27.040710204975429 ] ] ] } },
{ "type": "Feature", "properties": { "idx": "58,40" }, "geometry": { "type": "Polygon", "coordinates": [ [ [ 143.76312247746452, -26.965276511910456 ], [ 143.853817002803339, -27.817371295102291 ], [ 144.835253300566478, -27.734815111986457 ], [ 144.737145997362092, -26.883339409659701 ], [ 143.76312247746452, -26.965276511910456 ] ] ] } },
{ "type": "Feature", "properties": { "idx": "59,40" }, "geometry": { "type": "Polygon", "coordinates": [ [ [ 144.737145997362092, -26.883339409659701 ], [ 144.835253300566478, -27.734815111986457 ], [ 145.815171916070653, -27.645723146756808 ], [ 145.709686141524685, -26.794912582402684 ], [ 144.737145997362092, -26.883339409659701 ] ] ] } },
{ "type": "Feature", "properties": { "idx": "60,40" }, "geometry": { "type": "Polygon", "coordinates": [ [ [ 145.709686141524685, -26.794912582402684 ], [ 145.815171916070653, -27.645723146756808 ], [ 146.79346134500571, -27.550110827474349 ], [ 146.680633848594539, -26.70001068059355 ], [ 145.709686141524685, -26.794912582402684 ] ] ] } },
{ "type": "Feature", "properties": { "idx": "61,40" }, "geometry": { "type": "Polygon", "coordinates": [ [ [ 146.680633848594539, -26.70001068059355 ], [ 146.79346134500571, -27.550110827474349 ], [ 147.770011217593236, -27.447994569345106 ], [ 147.64988114974733, -26.598649292484787 ], [ 146.680633848594539, -26.70001068059355 ] ] ] } },
{ "type": "Feature", "properties": { "idx": "62,40" }, "geometry": { "type": "Polygon", "coordinates": [ [ [ 147.64988114974733, -26.598649292484787 ], [ 147.770011217593236, -27.447994569345106 ], [ 148.744712369153177, -27.339391742912209 ], [ 148.617321236799029, -26.490844913956334 ], [ 147.64988114974733, -26.598649292484787 ] ] ] } },
{ "type": "Feature", "properties": { "idx": "63,40" }, "geometry": { "type": "Polygon", "coordinates": [ [ [ 148.617321236799029, -26.490844913956334 ], [ 148.744712369153177, -27.339391742912209 ], [ 149.717456908622466, -27.224320640564269 ], [ 149.582848528369567, -26.376614916731473 ], [ 148.617321236799029, -26.490844913956334 ] ] ] } },
{ "type": "Feature", "properties": { "idx": "64,40" }, "geometry": { "type": "Polygon", "coordinates": [ [ [ 149.582848528369567, -26.376614916731473 ], [ 149.717456908622466, -27.224320640564269 ], [ 150.688138284927021, -27.102800441450732 ], [ 150.546358734007555, -26.25597751506201 ], [ 149.582848528369567, -26.376614916731473 ] ] ] } },
{ "type": "Feature", "properties": { "idx": "65,40" }, "geometry": { "type": "Polygon", "coordinates": [ [ [ 150.546358734007555, -26.25597751506201 ], [ 150.688138284927021, -27.102800441450732 ], [ 151.656651351115613, -26.974851174897548 ], [ 151.507748916189314, -26.128951730968886 ], [ 150.546358734007555, -26.25597751506201 ] ] ] } },
{ "type": "Feature", "properties": { "idx": "66,40" }, "geometry": { "type": "Polygon", "coordinates": [ [ [ 151.507748916189314, -26.128951730968886 ], [ 151.656651351115613, -26.974851174897548 ], [ 152.622892426169244, -26.840493682418515 ], [ 152.466917550110395, -25.995557358125836 ], [ 151.507748916189314, -26.128951730968886 ] ] ] } },
{ "type": "Feature", "properties": { "idx": "67,40" }, "geometry": { "type": "Polygon", "coordinates": [ [ [ 152.466917550110395, -25.995557358125836 ], [ 152.622892426169244, -26.840493682418515 ], [ 153.586759354408798, -26.69974957841929 ], [ 153.423764581193581, -25.855814924475361 ], [ 152.466917550110395, -25.995557358125836 ] ] ] } },
{ "type": "Feature", "properties": { "idx": "68,40" }, "geometry": { "type": "Polygon", "coordinates": [ [ [ 153.423764581193581, -25.855814924475361 ], [ 153.586759354408798, -26.69974957841929 ], [ 154.548151562429268, -26.552641209691608 ], [ 154.378191480246244, -25.709745653666527 ], [ 153.423764581193581, -25.855814924475361 ] ] ] } },
{ "type": "Feature", "properties": { "idx": "25,41" }, "geometry": { "type": "Polygon", "coordinates": [ [ [ 111.68675251746852, -25.150065297586242 ], [ 111.533099475071509, -25.995556840438418 ], [ 112.492268097364615, -26.128951236099738 ], [ 112.638948762774532, -25.282538170408415 ], [ 111.68675251746852, -25.150065297586242 ] ] ] } },
{ "type": "Feature", "properties": { "idx": "26,41" }, "geometry": { "type": "Polygon", "coordinates": [ [ [ 112.638948762774532, -25.282538170408415 ], [ 112.492268097364615, -26.128951236099738 ], [ 113.453658268387727, -26.255977043271212 ], [ 113.593317584541978, -25.408680387385338 ], [ 112.638948762774532, -25.282538170408415 ] ] ] } },
{ "type": "Feature", "properties": { "idx": "27,41" }, "geometry": { "type": "Polygon", "coordinates": [ [ [ 113.593317584541978, -25.408680387385338 ], [ 113.453658268387727, -26.255977043271212 ], [ 114.417168463350066, -26.376614468268052 ], [ 114.549759556674061, -25.528473158110629 ], [ 113.593317584541978, -25.408680387385338 ] ] ] } },
{ "type": "Feature", "properties": { "idx": "28,41" }, "geometry": { "type": "Polygon", "coordinates": [ [ [ 114.549759556674061, -25.528473158110629 ], [ 114.417168463350066, -26.376614468268052 ], [ 115.382695744741326, -26.490844489058066 ], [ 115.508173891283874, -25.641898424577217 ], [ 114.549759556674061, -25.528473158110629 ] ] ] } },
{ "type": "Feature", "properties": { "idx": "29,41" }, "geometry": { "type": "Polygon", "coordinates": [ [ [ 115.508173891283874, -25.641898424577217 ], [ 115.382695744741326, -26.490844489058066 ], [ 116.350135822122866, -26.598648891377866 ], [ 116.468458496542212, -25.74893889556034 ], [ 115.508173891283874, -25.641898424577217 ] ] ] } },
{ "type": "Feature", "properties": { "idx": "30,41" }, "geometry": { "type": "Polygon", "coordinates": [ [ [ 116.468458496542212, -25.74893889556034 ], [ 116.350135822122866, -26.598648891377866 ], [ 117.319383114126751, -26.700010303492416 ], [ 117.43051003662363, -25.849578079688399 ], [ 116.468458496542212, -25.74893889556034 ] ] ] } },
{ "type": "Feature", "properties": { "idx": "31,41" }, "geometry": { "type": "Polygon", "coordinates": [ [ [ 117.43051003662363, -25.849578079688399 ], [ 117.319383114126751, -26.700010303492416 ], [ 118.290330812580791, -26.794912229509606 ], [ 118.394223993672725, -25.943800317120605 ], [ 117.43051003662363, -25.849578079688399 ] ] ] } },
{ "type": "Feature", "properties": { "idx": "32,41" }, "geometry": { "type": "Polygon", "coordinates": [ [ [ 118.394223993672725, -25.943800317120605 ], [ 118.290330812580791, -26.794912229509606 ], [ 119.262870948671591, -26.883339081164632 ], [ 119.359494731705936, -26.03159080975324 ], [ 118.394223993672725, -25.943800317120605 ] ] ] } },
{ "type": "Feature", "properties": { "idx": "33,41" }, "geometry": { "type": "Polygon", "coordinates": [ [ [ 119.359494731705936, -26.03159080975324 ], [ 119.262870948671591, -26.883339081164632 ], [ 120.236894461051861, -26.965276207990826 ], [ 120.326215562359366, -26.112935649877443 ], [ 119.359494731705936, -26.03159080975324 ] ] ] } },
{ "type": "Feature", "properties": { "idx": "34,41" }, "geometry": { "type": "Polygon", "coordinates": [ [ [ 120.326215562359366, -26.112935649877443 ], [ 120.236894461051861, -26.965276207990826 ], [ 121.212291265791009, -27.040709925795934 ], [ 121.294278812386878, -26.18782184721503 ], [ 120.326215562359366, -26.112935649877443 ] ] ] } },
{ "type": "Feature", "properties": { "idx": "35,41" }, "geometry": { "type": "Polygon", "coordinates": [ [ [ 121.294278812386878, -26.18782184721503 ], [ 121.212291265791009, -27.040709925795934 ], [ 122.188950328063655, -27.109627543367086 ], [ 122.263575892807523, -26.256237354261085 ], [ 121.294278812386878, -26.18782184721503 ] ] ] } },
{ "type": "Feature", "properties": { "idx": "36,41" }, "geometry": { "type": "Polygon", "coordinates": [ [ [ 122.263575892807523, -26.256237354261085 ], [ 122.188950328063655, -27.109627543367086 ], [ 123.166759735465206, -27.172017387331028 ], [ 123.233997369596864, -26.31817108986624 ], [ 122.263575892807523, -26.256237354261085 ] ] ] } },
{ "type": "Feature", "properties": { "idx": "37,41" }, "geometry": { "type": "Polygon", "coordinates": [ [ [ 123.233997369596864, -26.31817108986624 ], [ 123.166759735465206, -27.172017387331028 ], [ 124.145606772836786, -27.227868825099595 ], [ 124.205433035810245, -26.37361296099472 ], [ 123.233997369596864, -26.31817108986624 ] ] ] } },
{ "type": "Feature", "properties": { "idx": "38,41" }, "geometry": { "type": "Polygon", "coordinates": [ [ [ 124.205433035810245, -26.37361296099472 ], [ 124.145606772836786, -27.227868825099595 ], [ 125.125377998479635, -27.277172285836457 ], [ 125.177771985024393, -26.422553882599257 ], [ 124.205433035810245, -26.37361296099472 ] ] ] } },
{ "type": "Feature", "properties": { "idx": "39,41" }, "geometry": { "type": "Polygon", "coordinates": [ [ [ 125.177771985024393, -26.422553882599257 ], [ 125.125377998479635, -27.277172285836457 ], [ 126.10595932163254, -27.319919279384596 ], [ 126.150902685976433, -26.464985795557297 ], [ 125.177771985024393, -26.422553882599257 ] ] ] } },
{ "type": "Feature", "properties": { "idx": "40,41" }, "geometry": { "type": "Polygon", "coordinates": [ [ [ 126.150902685976433, -26.464985795557297 ], [ 126.10595932163254, -27.319919279384596 ], [ 127.087236081082722, -27.356102413100221 ], [ 127.124713058278004, -26.50090168261924 ], [ 126.150902685976433, -26.464985795557297 ] ] ] } },
{ "type": "Feature", "properties": { "idx": "41,41" }, "geometry": { "type": "Polygon", "coordinates": [ [ [ 127.124713058278004, -26.50090168261924 ], [ 127.087236081082722, -27.356102413100221 ], [ 128.069093124776714, -27.385715406544179 ], [ 128.09909054907763, -26.530295582323316 ], [ 127.124713058278004, -26.50090168261924 ] ] ] } },
{ "type": "Feature", "properties": { "idx": "42,41" }, "geometry": { "type": "Polygon", "coordinates": [ [ [ 128.09909054907763, -26.530295582323316 ], [ 128.069093124776714, -27.385715406544179 ], [ 129.051414890294865, -27.408753103987525 ], [ 129.073922210541525, -26.553162600837954 ], [ 128.09909054907763, -26.530295582323316 ] ] ] } },
{ "type": "Feature", "properties": { "idx": "43,41" }, "geometry": { "type": "Polygon", "coordinates": [ [ [ 129.073922210541525, -26.553162600837954 ], [ 129.051414890294865, -27.408753103987525 ], [ 130.034085486049349, -27.425211484694621 ], [ 130.049094778020446, -26.569498921697889 ], [ 129.073922210541525, -26.553162600837954 ] ] ] } },
{ "type": "Feature", "properties": { "idx": "44,41" }, "geometry": { "type": "Polygon", "coordinates": [ [ [ 130.049094778020446, -26.569498921697889 ], [ 130.034085486049349, -27.425211484694621 ], [ 131.016988773064384, -27.435087670953063 ], [ 131.024494748768603, -26.579301813405724 ], [ 130.049094778020446, -26.569498921697889 ] ] ] } },
{ "type": "Feature", "properties": { "idx": "45,41" }, "geometry": { "type": "Polygon", "coordinates": [ [ [ 131.024494748768603, -26.579301813405724 ], [ 131.016988773064384, -27.435087670953063 ], [ 132.000008447194574, -27.438379933826646 ], [ 132.000008461077499, -26.582569634877679 ], [ 131.024494748768603, -26.579301813405724 ] ] ] } },
{ "type": "Feature", "properties": { "idx": "46,41" }, "geometry": { "type": "Polygon", "coordinates": [ [ [ 132.000008461077499, -26.582569634877679 ], [ 132.000008447194574, -27.438379933826646 ], [ 132.983028121636153, -27.435087696613778 ], [ 132.975522173687636, -26.5793018387171 ], [ 132.000008461077499, -26.582569634877679 ] ] ] } },
{ "type": "Feature", "properties": { "idx": "47,41" }, "geometry": { "type": "Polygon", "coordinates": [ [ [ 132.975522173687636, -26.5793018387171 ], [ 132.983028121636153, -27.435087696613778 ], [ 133.965931409584897, -27.425211536001882 ], [ 133.950922145338922, -26.569498972306803 ], [ 132.975522173687636, -26.5793018387171 ] ] ] } },
{ "type": "Feature", "properties": { "idx": "48,41" }, "geometry": { "type": "Polygon", "coordinates": [ [ [ 133.950922145338922, -26.569498972306803 ], [ 133.965931409584897, -27.425211536001882 ], [ 134.948602006894163, -27.408753180913074 ], [ 134.926094714321778, -26.553162676716831 ], [ 133.950922145338922, -26.569498972306803 ] ] ] } },
{ "type": "Feature", "properties": { "idx": "49,41" }, "geometry": { "type": "Polygon", "coordinates": [ [ [ 134.926094714321778, -26.553162676716831 ], [ 134.948602006894163, -27.408753180913074 ], [ 135.930923774586091, -27.385715509045671 ], [ 135.900926377888339, -26.530295683430754 ], [ 134.926094714321778, -26.553162676716831 ] ] ] } },
{ "type": "Feature", "properties": { "idx": "50,41" }, "geometry": { "type": "Polygon", "coordinates": [ [ [ 135.900926377888339, -26.530295683430754 ], [ 135.930923774586091, -27.385715509045671 ], [ 136.912780821069958, -27.356102541121281 ], [ 136.875303871386706, -26.500901808900128 ], [ 135.900926377888339, -26.530295683430754 ] ] ] } },
{ "type": "Feature", "properties": { "idx": "51,41" }, "geometry": { "type": "Polygon", "coordinates": [ [ [ 136.875303871386706, -26.500901808900128 ], [ 136.912780821069958, -27.356102541121281 ], [ 137.894057583922262, -27.319919432854832 ], [ 137.84911424697944, -26.464985946942924 ], [ 136.875303871386706, -26.500901808900128 ] ] ] } },
{ "type": "Feature", "properties": { "idx": "52,41" }, "geometry": { "type": "Polygon", "coordinates": [ [ [ 137.84911424697944, -26.464985946942924 ], [ 137.894057583922262, -27.319919432854832 ], [ 138.874638911085071, -27.277172464671661 ], [ 138.822244951810717, -26.422554059007332 ], [ 137.84911424697944, -26.464985946942924 ] ] ] } },
{ "type": "Feature", "properties": { "idx": "53,41" }, "geometry": { "type": "Polygon", "coordinates": [ [ [ 138.822244951810717, -26.422554059007332 ], [ 138.874638911085071, -27.277172464671661 ], [ 139.854410141340253, -27.227869029201791 ], [ 139.794583905487173, -26.373613162329523 ], [ 138.822244951810717, -26.422554059007332 ] ] ] } },
{ "type": "Feature", "properties": { "idx": "54,41" }, "geometry": { "type": "Polygon", "coordinates": [ [ [ 139.794583905487173, -26.373613162329523 ], [ 139.854410141340253, -27.227869029201791 ], [ 140.833257183920466, -27.172017616588573 ], [ 140.766019576740007, -26.318171316018663 ], [ 139.794583905487173, -26.373613162329523 ] ] ] } },
{ "type": "Feature", "properties": { "idx": "55,41" }, "geometry": { "type": "Polygon", "coordinates": [ [ [ 140.766019576740007, -26.318171316018663 ], [ 140.833257183920466, -27.172017616588573 ], [ 141.811066597119975, -27.109627797654856 ], [ 141.736441059139395, -26.256237605108858 ], [ 140.766019576740007, -26.318171316018663 ] ] ] } },
{ "type": "Feature", "properties": { "idx": "56,41" }, "geometry": { "type": "Polygon", "coordinates": [ [ [ 141.736441059139395, -26.256237605108858 ], [ 141.811066597119975, -27.109627797654856 ], [ 142.787725665772342, -27.040710204975429 ], [ 142.705738145733449, -26.187822122622794 ], [ 141.736441059139395, -26.256237605108858 ] ] ] } },
{ "type": "Feature", "properties": { "idx": "57,41" }, "geometry": { "type": "Polygon", "coordinates": [ [ [ 142.705738145733449, -26.187822122622794 ], [ 142.787725665772342, -27.040710204975429 ], [ 143.76312247746452, -26.965276511910456 ], [ 143.673801402489602, -26.112935949697047 ], [ 142.705738145733449, -26.187822122622794 ] ] ] } },
{ "type": "Feature", "properties": { "idx": "58,41" }, "geometry": { "type": "Polygon", "coordinates": [ [ [ 143.673801402489602, -26.112935949697047 ], [ 143.76312247746452, -26.965276511910456 ], [ 144.737145997362092, -26.883339409659701 ], [ 144.64052224041842, -26.031591133823735 ], [ 143.673801402489602, -26.112935949697047 ] ] ] } },
{ "type": "Feature", "properties": { "idx": "59,41" }, "geometry": { "type": "Polygon", "coordinates": [ [ [ 144.64052224041842, -26.031591133823735 ], [ 144.737145997362092, -26.883339409659701 ], [ 145.709686141524685, -26.794912582402684 ], [ 145.60579298626439, -25.943800665268576 ], [ 144.64052224041842, -26.031591133823735 ] ] ] } },
{ "type": "Feature", "properties": { "idx": "60,41" }, "geometry": { "type": "Polygon", "coordinates": [ [ [ 145.60579298626439, -25.943800665268576 ], [ 145.709686141524685, -26.794912582402684 ], [ 146.680633848594539, -26.70001068059355 ], [ 146.569506951653722, -25.849578451728117 ], [ 145.60579298626439, -25.943800665268576 ] ] ] } },
{ "type": "Feature", "properties": { "idx": "61,41" }, "geometry": { "type": "Polygon", "coordinates": [ [ [ 146.569506951653722, -25.849578451728117 ], [ 146.680633848594539, -26.70001068059355 ], [ 147.64988114974733, -26.598649292484787 ], [ 147.531558500592212, -25.748939291294057 ], [ 146.569506951653722, -25.849578451728117 ] ] ] } },
{ "type": "Feature", "properties": { "idx": "62,41" }, "geometry": { "type": "Polygon", "coordinates": [ [ [ 147.531558500592212, -25.748939291294057 ], [ 147.64988114974733, -26.598649292484787 ], [ 148.617321236799029, -26.490844913956334 ], [ 148.491843115213413, -25.641898843795268 ], [ 147.531558500592212, -25.748939291294057 ] ] ] } },
{ "type": "Feature", "properties": { "idx": "63,41" }, "geometry": { "type": "Polygon", "coordinates": [ [ [ 148.491843115213413, -25.641898843795268 ], [ 148.617321236799029, -26.490844913956334 ], [ 149.582848528369567, -26.376614916731473 ], [ 149.450257459680245, -25.528473600591877 ], [ 148.491843115213413, -25.641898843795268 ] ] ] } },
{ "type": "Feature", "properties": { "idx": "64,41" }, "geometry": { "type": "Polygon", "coordinates": [ [ [ 149.450257459680245, -25.528473600591877 ], [ 149.582848528369567, -26.376614916731473 ], [ 150.546358734007555, -26.25597751506201 ], [ 150.406699442151279, -25.408680852897213 ], [ 149.450257459680245, -25.528473600591877 ] ] ] } },
{ "type": "Feature", "properties": { "idx": "65,41" }, "geometry": { "type": "Polygon", "coordinates": [ [ [ 150.406699442151279, -25.408680852897213 ], [ 150.546358734007555, -26.25597751506201 ], [ 151.507748916189314, -26.128951730968886 ], [ 151.361068274726847, -25.282538658707331 ], [ 150.406699442151279, -25.408680852897213 ] ] ] } },
{ "type": "Feature", "properties": { "idx": "66,41" }, "geometry": { "type": "Polygon", "coordinates": [ [ [ 151.361068274726847, -25.282538658707331 ], [ 151.507748916189314, -26.128951730968886 ], [ 152.466917550110395, -25.995557358125836 ], [ 152.313264531297165, -25.150065808417903 ], [ 151.361068274726847, -25.282538658707331 ] ] ] } },
{ "type": "Feature", "properties": { "idx": "67,41" }, "geometry": { "type": "Polygon", "coordinates": [ [ [ 152.313264531297165, -25.150065808417903 ], [ 152.466917550110395, -25.995557358125836 ], [ 153.423764581193581, -25.855814924475361 ], [ 153.263190203219693, -25.011281789211029 ], [ 152.313264531297165, -25.150065808417903 ] ] ] } },
{ "type": "Feature", "properties": { "idx": "68,41" }, "geometry": { "type": "Polygon", "coordinates": [ [ [ 153.263190203219693, -25.011281789211029 ], [ 153.423764581193581, -25.855814924475361 ], [ 154.378191480246244, -25.709745653666527 ], [ 154.210748752760992, -24.866206748294619 ], [ 153.263190203219693, -25.011281789211029 ] ] ] } },
{ "type": "Feature", "properties": { "idx": "69,41" }, "geometry": { "type": "Polygon", "coordinates": [ [ [ 154.210748752760992, -24.866206748294619 ], [ 154.378191480246244, -25.709745653666527 ], [ 155.330101296204049, -25.557371425406114 ], [ 155.155845164242606, -24.714861455078232 ], [ 154.210748752760992, -24.866206748294619 ] ] ] } },
{ "type": "Feature", "properties": { "idx": "25,42" }, "geometry": { "type": "Polygon", "coordinates": [ [ [ 111.838134729455106, -24.30384893055864 ], [ 111.68675251746852, -25.150065297586242 ], [ 112.638948762774532, -25.282538170408415 ], [ 112.783456615321526, -24.435440483912284 ], [ 111.838134729455106, -24.30384893055864 ] ] ] } },
{ "type": "Feature", "properties": { "idx": "26,42" }, "geometry": { "type": "Polygon", "coordinates": [ [ [ 112.783456615321526, -24.435440483912284 ], [ 112.638948762774532, -25.282538170408415 ], [ 113.593317584541978, -25.408680387385338 ], [ 113.730903523220903, -24.56073765405575 ], [ 112.783456615321526, -24.435440483912284 ] ] ] } },
{ "type": "Feature", "properties": { "idx": "27,42" }, "geometry": { "type": "Polygon", "coordinates": [ [ [ 113.730903523220903, -24.56073765405575 ], [ 113.593317584541978, -25.408680387385338 ], [ 114.549759556674061, -25.528473158110629 ], [ 114.680378070061906, -24.679722612469774 ], [ 113.730903523220903, -24.56073765405575 ] ] ] } },
{ "type": "Feature", "properties": { "idx": "28,42" }, "geometry": { "type": "Polygon", "coordinates": [ [ [ 114.680378070061906, -24.679722612469774 ], [ 114.549759556674061, -25.528473158110629 ], [ 115.508173891283874, -25.641898424577217 ], [ 115.631781559721006, -24.792378224984137 ], [ 114.680378070061906, -24.679722612469774 ] ] ] } },
{ "type": "Feature", "properties": { "idx": "29,42" }, "geometry": { "type": "Polygon", "coordinates": [ [ [ 115.631781559721006, -24.792378224984137 ], [ 115.508173891283874, -25.641898424577217 ], [ 116.468458496542212, -25.74893889556034 ], [ 116.585014039019285, -24.898688084555257 ], [ 115.631781559721006, -24.792378224984137 ] ] ] } },
{ "type": "Feature", "properties": { "idx": "30,42" }, "geometry": { "type": "Polygon", "coordinates": [ [ [ 116.585014039019285, -24.898688084555257 ], [ 116.468458496542212, -25.74893889556034 ], [ 117.43051003662363, -25.849578079688399 ], [ 117.53997435569373, -24.998636542773436 ], [ 116.585014039019285, -24.898688084555257 ] ] ] } },
{ "type": "Feature", "properties": { "idx": "31,42" }, "geometry": { "type": "Polygon", "coordinates": [ [ [ 117.53997435569373, -24.998636542773436 ], [ 117.43051003662363, -25.849578079688399 ], [ 118.394223993672725, -25.943800317120605 ], [ 118.496560218288863, -25.092208740026035 ], [ 117.53997435569373, -24.998636542773436 ] ] ] } },
{ "type": "Feature", "properties": { "idx": "32,42" }, "geometry": { "type": "Polygon", "coordinates": [ [ [ 118.496560218288863, -25.092208740026035 ], [ 118.394223993672725, -25.943800317120605 ], [ 119.359494731705936, -26.03159080975324 ], [ 119.454668257887164, -25.17939063424366 ], [ 118.496560218288863, -25.092208740026035 ] ] ] } },
{ "type": "Feature", "properties": { "idx": "33,42" }, "geometry": { "type": "Polygon", "coordinates": [ [ [ 119.454668257887164, -25.17939063424366 ], [ 119.359494731705936, -26.03159080975324 ], [ 120.326215562359366, -26.112935649877443 ], [ 120.414194091593288, -25.260169028159329 ], [ 119.454668257887164, -25.17939063424366 ] ] ] } },
{ "type": "Feature", "properties": { "idx": "34,42" }, "geometry": { "type": "Polygon", "coordinates": [ [ [ 120.414194091593288, -25.260169028159329 ], [ 120.326215562359366, -26.112935649877443 ], [ 121.294278812386878, -26.18782184721503 ], [ 121.375032387680392, -25.334531595012546 ], [ 120.414194091593288, -25.260169028159329 ] ] ] } },
{ "type": "Feature", "properties": { "idx": "35,42" }, "geometry": { "type": "Polygon", "coordinates": [ [ [ 121.375032387680392, -25.334531595012546 ], [ 121.294278812386878, -26.18782184721503 ], [ 122.263575892807523, -26.256237354261085 ], [ 122.337076932302551, -25.402466902633318 ], [ 121.375032387680392, -25.334531595012546 ] ] ] } },
{ "type": "Feature", "properties": { "idx": "36,42" }, "geometry": { "type": "Polygon", "coordinates": [ [ [ 122.337076932302551, -25.402466902633318 ], [ 122.263575892807523, -26.256237354261085 ], [ 123.233997369596864, -26.31817108986624 ], [ 123.300220697672401, -25.46396443584397 ], [ 122.337076932302551, -25.402466902633318 ] ] ] } },
{ "type": "Feature", "properties": { "idx": "37,42" }, "geometry": { "type": "Polygon", "coordinates": [ [ [ 123.300220697672401, -25.46396443584397 ], [ 123.233997369596864, -26.31817108986624 ], [ 124.205433035810245, -26.37361296099472 ], [ 124.26435591159867, -25.51901461712097 ], [ 123.300220697672401, -25.46396443584397 ] ] ] } },
{ "type": "Feature", "properties": { "idx": "38,42" }, "geometry": { "type": "Polygon", "coordinates": [ [ [ 124.26435591159867, -25.51901461712097 ], [ 124.205433035810245, -26.37361296099472 ], [ 125.177771985024393, -26.422553882599257 ], [ 125.229374128273719, -25.567608825461512 ], [ 124.26435591159867, -25.51901461712097 ] ] ] } },
{ "type": "Feature", "properties": { "idx": "39,42" }, "geometry": { "type": "Polygon", "coordinates": [ [ [ 125.229374128273719, -25.567608825461512 ], [ 125.177771985024393, -26.422553882599257 ], [ 126.150902685976433, -26.464985795557297 ], [ 126.195166300197812, -25.609739413405439 ], [ 125.229374128273719, -25.567608825461512 ] ] ] } },
{ "type": "Feature", "properties": { "idx": "40,42" }, "geometry": { "type": "Polygon", "coordinates": [ [ [ 126.195166300197812, -25.609739413405439 ], [ 126.150902685976433, -26.464985795557297 ], [ 127.124713058278004, -26.50090168261924 ], [ 127.161622851123184, -25.64539972216582 ], [ 126.195166300197812, -25.609739413405439 ] ] ] } },
{ "type": "Feature", "properties": { "idx": "41,42" }, "geometry": { "type": "Polygon", "coordinates": [ [ [ 127.161622851123184, -25.64539972216582 ], [ 127.124713058278004, -26.50090168261924 ], [ 128.09909054907763, -26.530295582323316 ], [ 128.128633749897404, -25.674584094827733 ], [ 127.161622851123184, -25.64539972216582 ] ] ] } },
{ "type": "Feature", "properties": { "idx": "42,42" }, "geometry": { "type": "Polygon", "coordinates": [ [ [ 128.128633749897404, -25.674584094827733 ], [ 128.09909054907763, -26.530295582323316 ], [ 129.073922210541525, -26.553162600837954 ], [ 129.096088585083152, -25.697287887578952 ], [ 128.128633749897404, -25.674584094827733 ] ] ] } },
{ "type": "Feature", "properties": { "idx": "43,42" }, "geometry": { "type": "Polygon", "coordinates": [ [ [ 129.096088585083152, -25.697287887578952 ], [ 129.073922210541525, -26.553162600837954 ], [ 130.049094778020446, -26.569498921697889 ], [ 130.063876640228528, -25.713507478941366 ], [ 129.096088585083152, -25.697287887578952 ] ] ] } },
{ "type": "Feature", "properties": { "idx": "44,42" }, "geometry": { "type": "Polygon", "coordinates": [ [ [ 130.063876640228528, -25.713507478941366 ], [ 130.049094778020446, -26.569498921697889 ], [ 131.024494748768603, -26.579301813405724 ], [ 131.031886969660775, -25.723240276977837 ], [ 130.063876640228528, -25.713507478941366 ] ] ] } },
{ "type": "Feature", "properties": { "idx": "45,42" }, "geometry": { "type": "Polygon", "coordinates": [ [ [ 131.031886969660775, -25.723240276977837 ], [ 131.024494748768603, -26.579301813405724 ], [ 132.000008461077499, -26.582569634877679 ], [ 132.000008474673564, -25.72648472445449 ], [ 131.031886969660775, -25.723240276977837 ] ] ] } },
{ "type": "Feature", "properties": { "idx": "46,42" }, "geometry": { "type": "Polygon", "coordinates": [ [ [ 132.000008474673564, -25.72648472445449 ], [ 132.000008461077499, -26.582569634877679 ], [ 132.975522173687636, -26.5793018387171 ], [ 132.968129979977817, -25.723240301943829 ], [ 132.000008474673564, -25.72648472445449 ] ] ] } },
{ "type": "Feature", "properties": { "idx": "47,42" }, "geometry": { "type": "Polygon", "coordinates": [ [ [ 132.968129979977817, -25.723240301943829 ], [ 132.975522173687636, -26.5793018387171 ], [ 133.950922145338922, -26.569498972306803 ], [ 133.936140310283974, -25.713507528859811 ], [ 132.968129979977817, -25.723240301943829 ] ] ] } },
{ "type": "Feature", "properties": { "idx": "48,42" }, "geometry": { "type": "Polygon", "coordinates": [ [ [ 133.936140310283974, -25.713507528859811 ], [ 133.950922145338922, -26.569498972306803 ], [ 134.926094714321778, -26.553162676716831 ], [ 134.903928366884543, -25.697287962422934 ], [ 133.936140310283974, -25.713507528859811 ] ] ] } },
{ "type": "Feature", "properties": { "idx": "49,42" }, "geometry": { "type": "Polygon", "coordinates": [ [ [ 134.903928366884543, -25.697287962422934 ], [ 134.926094714321778, -26.553162676716831 ], [ 135.900926377888339, -26.530295683430754 ], [ 135.87138320410503, -25.674584194556815 ], [ 134.903928366884543, -25.697287962422934 ] ] ] } },
{ "type": "Feature", "properties": { "idx": "50,42" }, "geometry": { "type": "Polygon", "coordinates": [ [ [ 135.87138320410503, -25.674584194556815 ], [ 135.900926377888339, -26.530295683430754 ], [ 136.875303871386706, -26.500901808900128 ], [ 136.838394105490721, -25.645399846726132 ], [ 135.87138320410503, -25.674584194556815 ] ] ] } },
{ "type": "Feature", "properties": { "idx": "51,42" }, "geometry": { "type": "Polygon", "coordinates": [ [ [ 136.838394105490721, -25.645399846726132 ], [ 136.875303871386706, -26.500901808900128 ], [ 137.84911424697944, -26.464985946942924 ], [ 137.804850659601016, -25.609739562729825 ], [ 136.838394105490721, -25.645399846726132 ] ] ] } },
{ "type": "Feature", "properties": { "idx": "52,42" }, "geometry": { "type": "Polygon", "coordinates": [ [ [ 137.804850659601016, -25.609739562729825 ], [ 137.84911424697944, -26.464985946942924 ], [ 138.822244951810717, -26.422554059007332 ], [ 138.770642835279233, -25.567608999469591 ], [ 137.804850659601016, -25.609739562729825 ] ] ] } },
{ "type": "Feature", "properties": { "idx": "53,42" }, "geometry": { "type": "Polygon", "coordinates": [ [ [ 138.770642835279233, -25.567608999469591 ], [ 138.822244951810717, -26.422554059007332 ], [ 139.794583905487173, -26.373613162329523 ], [ 139.735661056272875, -25.519014815719135 ], [ 138.770642835279233, -25.567608999469591 ] ] ] } },
{ "type": "Feature", "properties": { "idx": "54,42" }, "geometry": { "type": "Polygon", "coordinates": [ [ [ 139.735661056272875, -25.519014815719135 ], [ 139.794583905487173, -26.373613162329523 ], [ 140.766019576740007, -26.318171316018663 ], [ 140.699796275076636, -25.463964658925619 ], [ 139.735661056272875, -25.519014815719135 ] ] ] } },
{ "type": "Feature", "properties": { "idx": "55,42" }, "geometry": { "type": "Polygon", "coordinates": [ [ [ 140.699796275076636, -25.463964658925619 ], [ 140.766019576740007, -26.318171316018663 ], [ 141.736441059139395, -26.256237605108858 ], [ 141.662940045876553, -25.402467150078962 ], [ 140.699796275076636, -25.463964658925619 ] ] ] } },
{ "type": "Feature", "properties": { "idx": "56,42" }, "geometry": { "type": "Polygon", "coordinates": [ [ [ 141.662940045876553, -25.402467150078962 ], [ 141.736441059139395, -26.256237605108858 ], [ 142.705738145733449, -26.187822122622794 ], [ 142.624984596474434, -25.334531866689918 ], [ 141.662940045876553, -25.402467150078962 ] ] ] } },
{ "type": "Feature", "properties": { "idx": "57,42" }, "geometry": { "type": "Polygon", "coordinates": [ [ [ 142.624984596474434, -25.334531866689918 ], [ 142.705738145733449, -26.187822122622794 ], [ 143.673801402489602, -26.112935949697047 ], [ 143.58582289907531, -25.260169323923552 ], [ 142.624984596474434, -25.334531866689918 ] ] ] } },
{ "type": "Feature", "properties": { "idx": "58,42" }, "geometry": { "type": "Polygon", "coordinates": [ [ [ 143.58582289907531, -25.260169323923552 ], [ 143.673801402489602, -26.112935949697047 ], [ 144.64052224041842, -26.031591133823735 ], [ 144.545348739825045, -25.179390953937425 ], [ 143.58582289907531, -25.260169323923552 ] ] ] } },
{ "type": "Feature", "properties": { "idx": "59,42" }, "geometry": { "type": "Polygon", "coordinates": [ [ [ 144.545348739825045, -25.179390953937425 ], [ 144.64052224041842, -26.031591133823735 ], [ 145.60579298626439, -25.943800665268576 ], [ 145.503456786987897, -25.092209083479784 ], [ 144.545348739825045, -25.179390953937425 ] ] ] } },
{ "type": "Feature", "properties": { "idx": "60,42" }, "geometry": { "type": "Polygon", "coordinates": [ [ [ 145.503456786987897, -25.092209083479784 ], [ 145.60579298626439, -25.943800665268576 ], [ 146.569506951653722, -25.849578451728117 ], [ 146.460042657659045, -24.998636909805651 ], [ 145.503456786987897, -25.092209083479784 ] ] ] } },
{ "type": "Feature", "properties": { "idx": "61,42" }, "geometry": { "type": "Polygon", "coordinates": [ [ [ 146.460042657659045, -24.998636909805651 ], [ 146.569506951653722, -25.849578451728117 ], [ 147.531558500592212, -25.748939291294057 ], [ 147.415002982910949, -24.898688474972502 ], [ 146.460042657659045, -24.998636909805651 ] ] ] } },
{ "type": "Feature", "properties": { "idx": "62,42" }, "geometry": { "type": "Polygon", "coordinates": [ [ [ 147.415002982910949, -24.898688474972502 ], [ 147.531558500592212, -25.748939291294057 ], [ 148.491843115213413, -25.641898843795268 ], [ 148.368235471277416, -24.79237863858144 ], [ 147.415002982910949, -24.898688474972502 ] ] ] } },
{ "type": "Feature", "properties": { "idx": "63,42" }, "geometry": { "type": "Polygon", "coordinates": [ [ [ 148.368235471277416, -24.79237863858144 ], [ 148.491843115213413, -25.641898843795268 ], [ 149.450257459680245, -25.528473600591877 ], [ 149.319638970484448, -24.679723049030841 ], [ 148.368235471277416, -24.79237863858144 ] ] ] } },
{ "type": "Feature", "properties": { "idx": "64,42" }, "geometry": { "type": "Polygon", "coordinates": [ [ [ 149.319638970484448, -24.679723049030841 ], [ 149.450257459680245, -25.528473600591877 ], [ 150.406699442151279, -25.408680852897213 ], [ 150.269113527341375, -24.560738113353153 ], [ 149.319638970484448, -24.679723049030841 ] ] ] } },
{ "type": "Feature", "properties": { "idx": "65,42" }, "geometry": { "type": "Polygon", "coordinates": [ [ [ 150.269113527341375, -24.560738113353153 ], [ 150.406699442151279, -25.408680852897213 ], [ 151.361068274726847, -25.282538658707331 ], [ 151.216560445712645, -24.435440965707699 ], [ 150.269113527341375, -24.560738113353153 ] ] ] } },
{ "type": "Feature", "properties": { "idx": "66,42" }, "geometry": { "type": "Polygon", "coordinates": [ [ [ 151.216560445712645, -24.435440965707699 ], [ 151.361068274726847, -25.282538658707331 ], [ 152.313264531297165, -25.150065808417903 ], [ 152.161882342494351, -24.303849434603279 ], [ 151.216560445712645, -24.435440965707699 ] ] ] } },
{ "type": "Feature", "properties": { "idx": "67,42" }, "geometry": { "type": "Polygon", "coordinates": [ [ [ 152.161882342494351, -24.303849434603279 ], [ 152.313264531297165, -25.150065808417903 ], [ 153.263190203219693, -25.011281789211029 ], [ 153.104983201527261, -24.165982008925734 ], [ 152.161882342494351, -24.303849434603279 ] ] ] } },
{ "type": "Feature", "properties": { "idx": "68,42" }, "geometry": { "type": "Polygon", "coordinates": [ [ [ 153.104983201527261, -24.165982008925734 ], [ 153.263190203219693, -25.011281789211029 ], [ 154.210748752760992, -24.866206748294619 ], [ 154.045768425382306, -24.021857802847848 ], [ 153.104983201527261, -24.165982008925734 ] ] ] } },
{ "type": "Feature", "properties": { "idx": "69,42" }, "geometry": { "type": "Polygon", "coordinates": [ [ [ 154.045768425382306, -24.021857802847848 ], [ 154.210748752760992, -24.866206748294619 ], [ 155.155845164242606, -24.714861455078232 ], [ 154.984144884961722, -23.871496519697395 ], [ 154.045768425382306, -24.021857802847848 ] ] ] } },
{ "type": "Feature", "properties": { "idx": "25,43" }, "geometry": { "type": "Polygon", "coordinates": [ [ [ 111.987295666615267, -23.456740759354687 ], [ 111.838134729455106, -24.30384893055864 ], [ 112.783456615321526, -24.435440483912284 ], [ 112.925839217832149, -23.587489909671863 ], [ 111.987295666615267, -23.456740759354687 ] ] ] } },
{ "type": "Feature", "properties": { "idx": "26,43" }, "geometry": { "type": "Polygon", "coordinates": [ [ [ 112.925839217832149, -23.587489909671863 ], [ 112.783456615321526, -24.435440483912284 ], [ 113.730903523220903, -24.56073765405575 ], [ 113.866461603952629, -23.711979330513305 ], [ 112.925839217832149, -23.587489909671863 ] ] ] } },
{ "type": "Feature", "properties": { "idx": "27,43" }, "geometry": { "type": "Polygon", "coordinates": [ [ [ 113.866461603952629, -23.711979330513305 ], [ 113.730903523220903, -24.56073765405575 ], [ 114.680378070061906, -24.679722612469774 ], [ 114.809067430967531, -23.830192116792688 ], [ 113.866461603952629, -23.711979330513305 ] ] ] } },
{ "type": "Feature", "properties": { "idx": "28,43" }, "geometry": { "type": "Polygon", "coordinates": [ [ [ 114.809067430967531, -23.830192116792688 ], [ 114.680378070061906, -24.679722612469774 ], [ 115.631781559721006, -24.792378224984137 ], [ 115.753560038528477, -23.942112020849724 ], [ 114.809067430967531, -23.830192116792688 ] ] ] } },
{ "type": "Feature", "properties": { "idx": "29,43" }, "geometry": { "type": "Polygon", "coordinates": [ [ [ 115.753560038528477, -23.942112020849724 ], [ 115.631781559721006, -24.792378224984137 ], [ 116.585014039019285, -24.898688084555257 ], [ 116.699841554122827, -24.047723483740203 ], [ 115.753560038528477, -23.942112020849724 ] ] ] } },
{ "type": "Feature", "properties": { "idx": "30,43" }, "geometry": { "type": "Polygon", "coordinates": [ [ [ 116.699841554122827, -24.047723483740203 ], [ 116.585014039019285, -24.898688084555257 ], [ 117.53997435569373, -24.998636542773436 ], [ 117.647812949145333, -24.147011665295345 ], [ 116.699841554122827, -24.047723483740203 ] ] ] } },
{ "type": "Feature", "properties": { "idx": "31,43" }, "geometry": { "type": "Polygon", "coordinates": [ [ [ 117.647812949145333, -24.147011665295345 ], [ 117.53997435569373, -24.998636542773436 ], [ 118.496560218288863, -25.092208740026035 ], [ 118.59737409679542, -24.239962472882368 ], [ 117.647812949145333, -24.147011665295345 ] ] ] } },
{ "type": "Feature", "properties": { "idx": "32,43" }, "geometry": { "type": "Polygon", "coordinates": [ [ [ 118.59737409679542, -24.239962472882368 ], [ 118.496560218288863, -25.092208740026035 ], [ 119.454668257887164, -25.17939063424366 ], [ 119.548423831722346, -24.326562588799874 ], [ 118.59737409679542, -24.239962472882368 ] ] ] } },
{ "type": "Feature", "properties": { "idx": "33,43" }, "geometry": { "type": "Polygon", "coordinates": [ [ [ 119.548423831722346, -24.326562588799874 ], [ 119.454668257887164, -25.17939063424366 ], [ 120.414194091593288, -25.260169028159329 ], [ 120.500860011336954, -24.406799496242872 ], [ 119.548423831722346, -24.326562588799874 ] ] ] } },
{ "type": "Feature", "properties": { "idx": "34,43" }, "geometry": { "type": "Polygon", "coordinates": [ [ [ 120.500860011336954, -24.406799496242872 ], [ 120.414194091593288, -25.260169028159329 ], [ 121.375032387680392, -25.334531595012546 ], [ 121.454579578702393, -24.480661503775501 ], [ 120.500860011336954, -24.406799496242872 ] ] ] } },
{ "type": "Feature", "properties": { "idx": "35,43" }, "geometry": { "type": "Polygon", "coordinates": [ [ [ 121.454579578702393, -24.480661503775501 ], [ 121.375032387680392, -25.334531595012546 ], [ 122.337076932302551, -25.402466902633318 ], [ 122.409478626912616, -24.548137768250946 ], [ 121.454579578702393, -24.480661503775501 ] ] ] } },
{ "type": "Feature", "properties": { "idx": "36,43" }, "geometry": { "type": "Polygon", "coordinates": [ [ [ 122.409478626912616, -24.548137768250946 ], [ 122.337076932302551, -25.402466902633318 ], [ 123.300220697672401, -25.46396443584397 ], [ 123.365452464861747, -24.609218316122941 ], [ 122.409478626912616, -24.548137768250946 ] ] ] } },
{ "type": "Feature", "properties": { "idx": "37,43" }, "geometry": { "type": "Polygon", "coordinates": [ [ [ 123.365452464861747, -24.609218316122941 ], [ 123.300220697672401, -25.46396443584397 ], [ 124.26435591159867, -25.51901461712097 ], [ 124.322395684305278, -24.663894063093988 ], [ 123.365452464861747, -24.609218316122941 ] ] ] } },
{ "type": "Feature", "properties": { "idx": "38,43" }, "geometry": { "type": "Polygon", "coordinates": [ [ [ 124.322395684305278, -24.663894063093988 ], [ 124.26435591159867, -25.51901461712097 ], [ 125.229374128273719, -25.567608825461512 ], [ 125.280202228107356, -24.712156832051097 ], [ 124.322395684305278, -24.663894063093988 ] ] ] } },
{ "type": "Feature", "properties": { "idx": "39,43" }, "geometry": { "type": "Polygon", "coordinates": [ [ [ 125.280202228107356, -24.712156832051097 ], [ 125.229374128273719, -25.567608825461512 ], [ 126.195166300197812, -25.609739413405439 ], [ 126.238765459567489, -24.753999369242823 ], [ 125.280202228107356, -24.712156832051097 ] ] ] } },
{ "type": "Feature", "properties": { "idx": "40,43" }, "geometry": { "type": "Polygon", "coordinates": [ [ [ 126.238765459567489, -24.753999369242823 ], [ 126.195166300197812, -25.609739413405439 ], [ 127.161622851123184, -25.64539972216582 ], [ 127.197978232714561, -24.789415358655067 ], [ 126.238765459567489, -24.753999369242823 ] ] ] } },
{ "type": "Feature", "properties": { "idx": "41,43" }, "geometry": { "type": "Polygon", "coordinates": [ [ [ 127.197978232714561, -24.789415358655067 ], [ 127.161622851123184, -25.64539972216582 ], [ 128.128633749897404, -25.674584094827733 ], [ 128.157732963454635, -24.81839943454905 ], [ 127.197978232714561, -24.789415358655067 ] ] ] } },
{ "type": "Feature", "properties": { "idx": "42,43" }, "geometry": { "type": "Polygon", "coordinates": [ [ [ 128.157732963454635, -24.81839943454905 ], [ 128.128633749897404, -25.674584094827733 ], [ 129.096088585083152, -25.697287887578952 ], [ 129.117921701455145, -24.840947192126773 ], [ 128.157732963454635, -24.81839943454905 ] ] ] } },
{ "type": "Feature", "properties": { "idx": "43,43" }, "geometry": { "type": "Polygon", "coordinates": [ [ [ 129.117921701455145, -24.840947192126773 ], [ 129.096088585083152, -25.697287887578952 ], [ 130.063876640228528, -25.713507478941366 ], [ 130.078436202646316, -24.857055196297171 ], [ 129.117921701455145, -24.840947192126773 ] ] ] } },
{ "type": "Feature", "properties": { "idx": "44,43" }, "geometry": { "type": "Polygon", "coordinates": [ [ [ 130.078436202646316, -24.857055196297171 ], [ 130.063876640228528, -25.713507478941366 ], [ 131.031886969660775, -25.723240276977837 ], [ 131.039168002219384, -24.866720988518431 ], [ 130.078436202646316, -24.857055196297171 ] ] ] } },
{ "type": "Feature", "properties": { "idx": "45,43" }, "geometry": { "type": "Polygon", "coordinates": [ [ [ 131.039168002219384, -24.866720988518431 ], [ 131.031886969660775, -25.723240276977837 ], [ 132.000008474673564, -25.72648472445449 ], [ 132.000008487997661, -24.86994309169901 ], [ 131.039168002219384, -24.866720988518431 ] ] ] } },
{ "type": "Feature", "properties": { "idx": "46,43" }, "geometry": { "type": "Polygon", "coordinates": [ [ [ 132.000008487997661, -24.86994309169901 ], [ 132.000008474673564, -25.72648472445449 ], [ 132.968129979977817, -25.723240301943829 ], [ 132.960848974058081, -24.866721013142961 ], [ 132.000008487997661, -24.86994309169901 ] ] ] } },
{ "type": "Feature", "properties": { "idx": "47,43" }, "geometry": { "type": "Polygon", "coordinates": [ [ [ 132.960848974058081, -24.866721013142961 ], [ 132.968129979977817, -25.723240301943829 ], [ 133.936140310283974, -25.713507528859811 ], [ 133.921580774476979, -24.857055245532958 ], [ 132.960848974058081, -24.866721013142961 ] ] ] } },
{ "type": "Feature", "properties": { "idx": "48,43" }, "geometry": { "type": "Polygon", "coordinates": [ [ [ 133.921580774476979, -24.857055245532958 ], [ 133.936140310283974, -25.713507528859811 ], [ 134.903928366884543, -25.697287962422934 ], [ 134.882095277076786, -24.840947265947445 ], [ 133.921580774476979, -24.857055245532958 ] ] ] } },
{ "type": "Feature", "properties": { "idx": "49,43" }, "geometry": { "type": "Polygon", "coordinates": [ [ [ 134.882095277076786, -24.840947265947445 ], [ 134.903928366884543, -25.697287962422934 ], [ 135.87138320410503, -25.674584194556815 ], [ 135.842284017046808, -24.818399532915127 ], [ 134.882095277076786, -24.840947265947445 ] ] ] } },
{ "type": "Feature", "properties": { "idx": "50,43" }, "geometry": { "type": "Polygon", "coordinates": [ [ [ 135.842284017046808, -24.818399532915127 ], [ 135.87138320410503, -25.674584194556815 ], [ 136.838394105490721, -25.645399846726132 ], [ 136.802038750314807, -24.789415481513949 ], [ 135.842284017046808, -24.818399532915127 ] ] ] } },
{ "type": "Feature", "properties": { "idx": "51,43" }, "geometry": { "type": "Polygon", "coordinates": [ [ [ 136.802038750314807, -24.789415481513949 ], [ 136.838394105490721, -25.645399846726132 ], [ 137.804850659601016, -25.609739562729825 ], [ 137.761251526544982, -24.753999516528772 ], [ 136.802038750314807, -24.789415481513949 ] ] ] } },
{ "type": "Feature", "properties": { "idx": "52,43" }, "geometry": { "type": "Polygon", "coordinates": [ [ [ 137.761251526544982, -24.753999516528772 ], [ 137.804850659601016, -25.609739562729825 ], [ 138.770642835279233, -25.567608999469591 ], [ 138.719814761639469, -24.71215700368564 ], [ 137.761251526544982, -24.753999516528772 ] ] ] } },
{ "type": "Feature", "properties": { "idx": "53,43" }, "geometry": { "type": "Polygon", "coordinates": [ [ [ 138.719814761639469, -24.71215700368564 ], [ 138.770642835279233, -25.567608999469591 ], [ 139.735661056272875, -25.519014815719135 ], [ 139.677621309622452, -24.663894258985614 ], [ 138.719814761639469, -24.71215700368564 ] ] ] } },
{ "type": "Feature", "properties": { "idx": "54,43" }, "geometry": { "type": "Polygon", "coordinates": [ [ [ 139.677621309622452, -24.663894258985614 ], [ 139.735661056272875, -25.519014815719135 ], [ 140.699796275076636, -25.463964658925619 ], [ 140.63456453378825, -24.609218536167486 ], [ 139.677621309622452, -24.663894258985614 ] ] ] } },
{ "type": "Feature", "properties": { "idx": "55,43" }, "geometry": { "type": "Polygon", "coordinates": [ [ [ 140.63456453378825, -24.609218536167486 ], [ 140.699796275076636, -25.463964658925619 ], [ 141.662940045876553, -25.402467150078962 ], [ 141.590538376994971, -24.54813801233152 ], [ 140.63456453378825, -24.609218536167486 ] ] ] } },
{ "type": "Feature", "properties": { "idx": "56,43" }, "geometry": { "type": "Polygon", "coordinates": [ [ [ 141.590538376994971, -24.54813801233152 ], [ 141.662940045876553, -25.402467150078962 ], [ 142.624984596474434, -25.334531866689918 ], [ 142.545437430991512, -24.480661771762865 ], [ 141.590538376994971, -24.54813801233152 ] ] ] } },
{ "type": "Feature", "properties": { "idx": "57,43" }, "geometry": { "type": "Polygon", "coordinates": [ [ [ 142.545437430991512, -24.480661771762865 ], [ 142.624984596474434, -25.334531866689918 ], [ 143.58582289907531, -25.260169323923552 ], [ 143.499157004664767, -24.406799787995389 ], [ 142.545437430991512, -24.480661771762865 ] ] ] } },
{ "type": "Feature", "properties": { "idx": "58,43" }, "geometry": { "type": "Polygon", "coordinates": [ [ [ 143.499157004664767, -24.406799787995389 ], [ 143.58582289907531, -25.260169323923552 ], [ 144.545348739825045, -25.179390953937425 ], [ 144.451593191100784, -24.326562904163733 ], [ 143.499157004664767, -24.406799787995389 ] ] ] } },
{ "type": "Feature", "properties": { "idx": "59,43" }, "geometry": { "type": "Polygon", "coordinates": [ [ [ 144.451593191100784, -24.326562904163733 ], [ 144.545348739825045, -25.179390953937425 ], [ 145.503456786987897, -25.092209083479784 ], [ 145.40264293335423, -24.239962811691779 ], [ 144.451593191100784, -24.326562904163733 ] ] ] } },
{ "type": "Feature", "properties": { "idx": "60,43" }, "geometry": { "type": "Polygon", "coordinates": [ [ [ 145.40264293335423, -24.239962811691779 ], [ 145.503456786987897, -25.092209083479784 ], [ 146.460042657659045, -24.998636909805651 ], [ 146.352204088826966, -24.147012027372778 ], [ 145.40264293335423, -24.239962811691779 ] ] ] } },
{ "type": "Feature", "properties": { "idx": "61,43" }, "geometry": { "type": "Polygon", "coordinates": [ [ [ 146.352204088826966, -24.147012027372778 ], [ 146.460042657659045, -24.998636909805651 ], [ 147.415002982910949, -24.898688474972502 ], [ 147.300175492158615, -24.047723868896597 ], [ 146.352204088826966, -24.147012027372778 ] ] ] } },
{ "type": "Feature", "properties": { "idx": "62,43" }, "geometry": { "type": "Polygon", "coordinates": [ [ [ 147.300175492158615, -24.047723868896597 ], [ 147.415002982910949, -24.898688474972502 ], [ 148.368235471277416, -24.79237863858144 ], [ 148.246457016538528, -23.94211242888451 ], [ 147.300175492158615, -24.047723868896597 ] ] ] } },
{ "type": "Feature", "properties": { "idx": "63,43" }, "geometry": { "type": "Polygon", "coordinates": [ [ [ 148.246457016538528, -23.94211242888451 ], [ 148.368235471277416, -24.79237863858144 ], [ 149.319638970484448, -24.679723049030841 ], [ 149.190949633350812, -23.830192547494288 ], [ 148.246457016538528, -23.94211242888451 ] ] ] } },
{ "type": "Feature", "properties": { "idx": "64,43" }, "geometry": { "type": "Polygon", "coordinates": [ [ [ 149.190949633350812, -23.830192547494288 ], [ 149.319638970484448, -24.679723049030841 ], [ 150.269113527341375, -24.560738113353153 ], [ 150.133555470071713, -23.711979783659263 ], [ 149.190949633350812, -23.830192547494288 ] ] ] } },
{ "type": "Feature", "properties": { "idx": "65,43" }, "geometry": { "type": "Polygon", "coordinates": [ [ [ 150.133555470071713, -23.711979783659263 ], [ 150.269113527341375, -24.560738113353153 ], [ 151.216560445712645, -24.435440965707699 ], [ 151.074177866341273, -23.587490385029078 ], [ 150.133555470071713, -23.711979783659263 ] ] ] } },
{ "type": "Feature", "properties": { "idx": "66,43" }, "geometry": { "type": "Polygon", "coordinates": [ [ [ 151.074177866341273, -23.587490385029078 ], [ 151.216560445712645, -24.435440965707699 ], [ 152.161882342494351, -24.303849434603279 ], [ 152.012721428138292, -23.456741256679734 ], [ 151.074177866341273, -23.587490385029078 ] ] ] } },
{ "type": "Feature", "properties": { "idx": "67,43" }, "geometry": { "type": "Polygon", "coordinates": [ [ [ 152.012721428138292, -23.456741256679734 ], [ 152.161882342494351, -24.303849434603279 ], [ 153.104983201527261, -24.165982008925734 ], [ 152.949092079991544, -23.319749928662599 ], [ 152.012721428138292, -23.456741256679734 ] ] ] } },
{ "type": "Feature", "properties": { "idx": "68,43" }, "geometry": { "type": "Polygon", "coordinates": [ [ [ 152.949092079991544, -23.319749928662599 ], [ 153.104983201527261, -24.165982008925734 ], [ 154.045768425382306, -24.021857802847848 ], [ 153.883197115166809, -23.176534522463029 ], [ 152.949092079991544, -23.319749928662599 ] ] ] } },
{ "type": "Feature", "properties": { "idx": "25,44" }, "geometry": { "type": "Polygon", "coordinates": [ [ [ 112.134283465075939, -22.608576016233652 ], [ 111.987295666615267, -23.456740759354687 ], [ 112.925839217832149, -23.587489909671863 ], [ 113.066142765480436, -22.738520492631949 ], [ 112.134283465075939, -22.608576016233652 ] ] ] } },
{ "type": "Feature", "properties": { "idx": "26,44" }, "geometry": { "type": "Polygon", "coordinates": [ [ [ 113.066142765480436, -22.738520492631949 ], [ 112.925839217832149, -23.587489909671863 ], [ 113.866461603952629, -23.711979330513305 ], [ 114.000036032546646, -22.862238312257361 ], [ 113.066142765480436, -22.738520492631949 ] ] ] } },
{ "type": "Feature", "properties": { "idx": "27,44" }, "geometry": { "type": "Polygon", "coordinates": [ [ [ 114.000036032546646, -22.862238312257361 ], [ 113.866461603952629, -23.711979330513305 ], [ 114.809067430967531, -23.830192116792688 ], [ 114.935869809126018, -22.979713457728202 ], [ 114.000036032546646, -22.862238312257361 ] ] ] } },
{ "type": "Feature", "properties": { "idx": "28,44" }, "geometry": { "type": "Polygon", "coordinates": [ [ [ 114.935869809126018, -22.979713457728202 ], [ 114.809067430967531, -23.830192116792688 ], [ 115.753560038528477, -23.942112020849724 ], [ 115.873549416459596, -23.090930533221151 ], [ 114.935869809126018, -22.979713457728202 ] ] ] } },
{ "type": "Feature", "properties": { "idx": "29,44" }, "geometry": { "type": "Polygon", "coordinates": [ [ [ 115.873549416459596, -23.090930533221151 ], [ 115.753560038528477, -23.942112020849724 ], [ 116.699841554122827, -24.047723483740203 ], [ 116.81297900661724, -23.195874794381936 ], [ 115.873549416459596, -23.090930533221151 ] ] ] } },
{ "type": "Feature", "properties": { "idx": "30,44" }, "geometry": { "type": "Polygon", "coordinates": [ [ [ 116.81297900661724, -23.195874794381936 ], [ 116.699841554122827, -24.047723483740203 ], [ 117.647812949145333, -24.147011665295345 ], [ 117.754061616741623, -23.294532177043614 ], [ 116.81297900661724, -23.195874794381936 ] ] ] } },
{ "type": "Feature", "properties": { "idx": "31,44" }, "geometry": { "type": "Polygon", "coordinates": [ [ [ 117.754061616741623, -23.294532177043614 ], [ 117.647812949145333, -24.147011665295345 ], [ 118.59737409679542, -24.239962472882368 ], [ 118.6966992250278, -23.386889324688127 ], [ 117.754061616741623, -23.294532177043614 ] ] ] } },
{ "type": "Feature", "properties": { "idx": "32,44" }, "geometry": { "type": "Polygon", "coordinates": [ [ [ 118.6966992250278, -23.386889324688127 ], [ 118.59737409679542, -24.239962472882368 ], [ 119.548423831722346, -24.326562588799874 ], [ 119.640792808365944, -23.472933614591049 ], [ 118.6966992250278, -23.386889324688127 ] ] ] } },
{ "type": "Feature", "properties": { "idx": "33,44" }, "geometry": { "type": "Polygon", "coordinates": [ [ [ 119.640792808365944, -23.472933614591049 ], [ 119.548423831722346, -24.326562588799874 ], [ 120.500860011336954, -24.406799496242872 ], [ 120.586242401566992, -23.552653182588877 ], [ 119.640792808365944, -23.472933614591049 ] ] ] } },
{ "type": "Feature", "properties": { "idx": "34,44" }, "geometry": { "type": "Polygon", "coordinates": [ [ [ 120.586242401566992, -23.552653182588877 ], [ 120.500860011336954, -24.406799496242872 ], [ 121.454579578702393, -24.480661503775501 ], [ 121.532947158089826, -23.626036946412029 ], [ 120.586242401566992, -23.552653182588877 ] ] ] } },
{ "type": "Feature", "properties": { "idx": "35,44" }, "geometry": { "type": "Polygon", "coordinates": [ [ [ 121.532947158089826, -23.626036946412029 ], [ 121.454579578702393, -24.480661503775501 ], [ 122.409478626912616, -24.548137768250946 ], [ 122.48080541218161, -23.693074627528961 ], [ 121.532947158089826, -23.626036946412029 ] ] ] } },
{ "type": "Feature", "properties": { "idx": "36,44" }, "geometry": { "type": "Polygon", "coordinates": [ [ [ 122.48080541218161, -23.693074627528961 ], [ 122.409478626912616, -24.548137768250946 ], [ 123.365452464861747, -24.609218316122941 ], [ 123.429714742340082, -23.753756771448273 ], [ 122.48080541218161, -23.693074627528961 ] ] ] } },
{ "type": "Feature", "properties": { "idx": "37,44" }, "geometry": { "type": "Polygon", "coordinates": [ [ [ 123.429714742340082, -23.753756771448273 ], [ 123.365452464861747, -24.609218316122941 ], [ 124.322395684305278, -24.663894063093988 ], [ 124.379572036001676, -23.808074766430682 ], [ 123.429714742340082, -23.753756771448273 ] ] ] } },
{ "type": "Feature", "properties": { "idx": "38,44" }, "geometry": { "type": "Polygon", "coordinates": [ [ [ 124.379572036001676, -23.808074766430682 ], [ 124.322395684305278, -24.663894063093988 ], [ 125.280202228107356, -24.712156832051097 ], [ 125.33027355535755, -23.856020860564094 ], [ 124.379572036001676, -23.808074766430682 ] ] ] } },
{ "type": "Feature", "properties": { "idx": "39,44" }, "geometry": { "type": "Polygon", "coordinates": [ [ [ 125.33027355535755, -23.856020860564094 ], [ 125.280202228107356, -24.712156832051097 ], [ 126.238765459567489, -24.753999369242823 ], [ 126.281715004193089, -23.897588177159722 ], [ 125.33027355535755, -23.856020860564094 ] ] ] } },
{ "type": "Feature", "properties": { "idx": "40,44" }, "geometry": { "type": "Polygon", "coordinates": [ [ [ 126.281715004193089, -23.897588177159722 ], [ 126.238765459567489, -24.753999369242823 ], [ 127.197978232714561, -24.789415358655067 ], [ 127.233791595646821, -23.932770728431095 ], [ 126.281715004193089, -23.897588177159722 ] ] ] } },
{ "type": "Feature", "properties": { "idx": "41,44" }, "geometry": { "type": "Polygon", "coordinates": [ [ [ 127.233791595646821, -23.932770728431095 ], [ 127.197978232714561, -24.789415358655067 ], [ 128.157732963454635, -24.81839943454905 ], [ 128.18639812077916, -23.961563427420511 ], [ 127.233791595646821, -23.932770728431095 ] ] ] } },
{ "type": "Feature", "properties": { "idx": "42,44" }, "geometry": { "type": "Polygon", "coordinates": [ [ [ 128.18639812077916, -23.961563427420511 ], [ 128.157732963454635, -24.81839943454905 ], [ 129.117921701455145, -24.840947192126773 ], [ 129.139429017840513, -23.983962098143685 ], [ 128.18639812077916, -23.961563427420511 ] ] ] } },
{ "type": "Feature", "properties": { "idx": "43,44" }, "geometry": { "type": "Polygon", "coordinates": [ [ [ 129.139429017840513, -23.983962098143685 ], [ 129.117921701455145, -24.840947192126773 ], [ 130.078436202646316, -24.857055196297171 ], [ 130.092778442125081, -23.99996348392537 ], [ 129.139429017840513, -23.983962098143685 ] ] ] } },
{ "type": "Feature", "properties": { "idx": "44,44" }, "geometry": { "type": "Polygon", "coordinates": [ [ [ 130.092778442125081, -23.99996348392537 ], [ 130.078436202646316, -24.857055196297171 ], [ 131.039168002219384, -24.866720988518431 ], [ 131.046340336295771, -24.009565253905294 ], [ 130.092778442125081, -23.99996348392537 ] ] ] } },
{ "type": "Feature", "properties": { "idx": "45,44" }, "geometry": { "type": "Polygon", "coordinates": [ [ [ 131.046340336295771, -24.009565253905294 ], [ 131.039168002219384, -24.866720988518431 ], [ 132.000008487997661, -24.86994309169901 ], [ 132.000008501063803, -24.012766007697898 ], [ 131.046340336295771, -24.009565253905294 ] ] ] } },
{ "type": "Feature", "properties": { "idx": "46,44" }, "geometry": { "type": "Polygon", "coordinates": [ [ [ 132.000008501063803, -24.012766007697898 ], [ 132.000008487997661, -24.86994309169901 ], [ 132.960848974058081, -24.866721013142961 ], [ 132.953676666104997, -24.009565278191996 ], [ 132.000008501063803, -24.012766007697898 ] ] ] } },
{ "type": "Feature", "properties": { "idx": "47,44" }, "geometry": { "type": "Polygon", "coordinates": [ [ [ 132.953676666104997, -24.009565278191996 ], [ 132.960848974058081, -24.866721013142961 ], [ 133.921580774476979, -24.857055245532958 ], [ 133.907238561094744, -23.999963532485904 ], [ 132.953676666104997, -24.009565278191996 ] ] ] } },
{ "type": "Feature", "properties": { "idx": "48,44" }, "geometry": { "type": "Polygon", "coordinates": [ [ [ 133.907238561094744, -23.999963532485904 ], [ 133.921580774476979, -24.857055245532958 ], [ 134.882095277076786, -24.840947265947445 ], [ 134.860587986743212, -23.983962170952321 ], [ 133.907238561094744, -23.999963532485904 ] ] ] } },
{ "type": "Feature", "properties": { "idx": "49,44" }, "geometry": { "type": "Polygon", "coordinates": [ [ [ 134.860587986743212, -23.983962170952321 ], [ 134.882095277076786, -24.840947265947445 ], [ 135.842284017046808, -24.818399532915127 ], [ 135.813618885711634, -23.961563524438517 ], [ 134.860587986743212, -23.983962170952321 ] ] ] } },
{ "type": "Feature", "properties": { "idx": "50,44" }, "geometry": { "type": "Polygon", "coordinates": [ [ [ 135.813618885711634, -23.961563524438517 ], [ 135.842284017046808, -24.818399532915127 ], [ 136.802038750314807, -24.789415481513949 ], [ 136.766225413291835, -23.932770849607142 ], [ 135.813618885711634, -23.961563524438517 ] ] ] } },
{ "type": "Feature", "properties": { "idx": "51,44" }, "geometry": { "type": "Polygon", "coordinates": [ [ [ 136.766225413291835, -23.932770849607142 ], [ 136.802038750314807, -24.789415481513949 ], [ 137.761251526544982, -24.753999516528772 ], [ 137.718302007731097, -23.897588322429641 ], [ 136.766225413291835, -23.932770849607142 ] ] ] } },
{ "type": "Feature", "properties": { "idx": "52,44" }, "geometry": { "type": "Polygon", "coordinates": [ [ [ 137.718302007731097, -23.897588322429641 ], [ 137.761251526544982, -24.753999516528772 ], [ 138.719814761639469, -24.71215700368564 ], [ 138.669743460086067, -23.856021029851036 ], [ 137.718302007731097, -23.897588322429641 ] ] ] } },
{ "type": "Feature", "properties": { "idx": "53,44" }, "geometry": { "type": "Polygon", "coordinates": [ [ [ 138.669743460086067, -23.856021029851036 ], [ 138.719814761639469, -24.71215700368564 ], [ 139.677621309622452, -24.663894258985614 ], [ 139.62044498349087, -23.808074959645175 ], [ 138.669743460086067, -23.856021029851036 ] ] ] } },
{ "type": "Feature", "properties": { "idx": "54,44" }, "geometry": { "type": "Polygon", "coordinates": [ [ [ 139.62044498349087, -23.808074959645175 ], [ 139.677621309622452, -24.663894258985614 ], [ 140.63456453378825, -24.609218536167486 ], [ 140.570302281725958, -23.753756988488572 ], [ 139.62044498349087, -23.808074959645175 ] ] ] } },
{ "type": "Feature", "properties": { "idx": "55,44" }, "geometry": { "type": "Polygon", "coordinates": [ [ [ 140.570302281725958, -23.753756988488572 ], [ 140.63456453378825, -24.609218536167486 ], [ 141.590538376994971, -24.54813801233152 ], [ 141.519211616976634, -23.693074868280704 ], [ 140.570302281725958, -23.753756988488572 ] ] ] } },
{ "type": "Feature", "properties": { "idx": "56,44" }, "geometry": { "type": "Polygon", "coordinates": [ [ [ 141.519211616976634, -23.693074868280704 ], [ 141.590538376994971, -24.54813801233152 ], [ 142.545437430991512, -24.480661771762865 ], [ 142.467069876673065, -23.626037210748876 ], [ 141.519211616976634, -23.693074868280704 ] ] ] } },
{ "type": "Feature", "properties": { "idx": "57,44" }, "geometry": { "type": "Polygon", "coordinates": [ [ [ 142.467069876673065, -23.626037210748876 ], [ 142.545437430991512, -24.480661771762865 ], [ 143.499157004664767, -24.406799787995389 ], [ 143.413774639306098, -23.552653470372373 ], [ 142.467069876673065, -23.626037210748876 ] ] ] } },
{ "type": "Feature", "properties": { "idx": "58,44" }, "geometry": { "type": "Polygon", "coordinates": [ [ [ 143.413774639306098, -23.552653470372373 ], [ 143.499157004664767, -24.406799787995389 ], [ 144.451593191100784, -24.326562904163733 ], [ 144.359224239115406, -23.472933925670759 ], [ 143.413774639306098, -23.552653470372373 ] ] ] } },
{ "type": "Feature", "properties": { "idx": "59,44" }, "geometry": { "type": "Polygon", "coordinates": [ [ [ 144.359224239115406, -23.472933925670759 ], [ 144.451593191100784, -24.326562904163733 ], [ 145.40264293335423, -24.239962811691779 ], [ 145.303317829551787, -23.386889658901946 ], [ 144.359224239115406, -23.472933925670759 ] ] ] } },
{ "type": "Feature", "properties": { "idx": "60,44" }, "geometry": { "type": "Polygon", "coordinates": [ [ [ 145.303317829551787, -23.386889658901946 ], [ 145.40264293335423, -24.239962811691779 ], [ 146.352204088826966, -24.147012027372778 ], [ 146.245955445417508, -23.294532534217893 ], [ 145.303317829551787, -23.386889658901946 ] ] ] } },
{ "type": "Feature", "properties": { "idx": "61,44" }, "geometry": { "type": "Polygon", "coordinates": [ [ [ 146.245955445417508, -23.294532534217893 ], [ 146.352204088826966, -24.147012027372778 ], [ 147.300175492158615, -24.047723868896597 ], [ 147.187038063593576, -23.195875174331785 ], [ 146.245955445417508, -23.294532534217893 ] ] ] } },
{ "type": "Feature", "properties": { "idx": "62,44" }, "geometry": { "type": "Polygon", "coordinates": [ [ [ 147.187038063593576, -23.195875174331785 ], [ 147.300175492158615, -24.047723868896597 ], [ 148.246457016538528, -23.94211242888451 ], [ 148.126467662265497, -23.090930935750382 ], [ 147.187038063593576, -23.195875174331785 ] ] ] } },
{ "type": "Feature", "properties": { "idx": "63,44" }, "geometry": { "type": "Polygon", "coordinates": [ [ [ 148.126467662265497, -23.090930935750382 ], [ 148.246457016538528, -23.94211242888451 ], [ 149.190949633350812, -23.830192547494288 ], [ 149.064147278565656, -22.979713882629852 ], [ 148.126467662265497, -23.090930935750382 ] ] ] } },
{ "type": "Feature", "properties": { "idx": "64,44" }, "geometry": { "type": "Polygon", "coordinates": [ [ [ 149.064147278565656, -22.979713882629852 ], [ 149.190949633350812, -23.830192547494288 ], [ 150.133555470071713, -23.711979783659263 ], [ 149.999981064553367, -22.86223875931374 ], [ 149.064147278565656, -22.979713882629852 ] ] ] } },
{ "type": "Feature", "properties": { "idx": "65,44" }, "geometry": { "type": "Polygon", "coordinates": [ [ [ 149.999981064553367, -22.86223875931374 ], [ 150.133555470071713, -23.711979783659263 ], [ 151.074177866341273, -23.587490385029078 ], [ 150.933874341458591, -22.738520961615002 ], [ 149.999981064553367, -22.86223875931374 ] ] ] } },
{ "type": "Feature", "properties": { "idx": "66,44" }, "geometry": { "type": "Polygon", "coordinates": [ [ [ 150.933874341458591, -22.738520961615002 ], [ 151.074177866341273, -23.587490385029078 ], [ 152.012721428138292, -23.456741256679734 ], [ 151.865733652121321, -22.608576506905088 ], [ 150.933874341458591, -22.738520961615002 ] ] ] } },
{ "type": "Feature", "properties": { "idx": "67,44" }, "geometry": { "type": "Polygon", "coordinates": [ [ [ 151.865733652121321, -22.608576506905088 ], [ 152.012721428138292, -23.456741256679734 ], [ 152.949092079991544, -23.319749928662599 ], [ 152.795466811562022, -22.47242200307295 ], [ 151.865733652121321, -22.608576506905088 ] ] ] } },
{ "type": "Feature", "properties": { "idx": "68,44" }, "geometry": { "type": "Polygon", "coordinates": [ [ [ 152.795466811562022, -22.47242200307295 ], [ 152.949092079991544, -23.319749928662599 ], [ 153.883197115166809, -23.176534522463029 ], [ 153.722982955625639, -22.330074616420497 ], [ 152.795466811562022, -22.47242200307295 ] ] ] } },
{ "type": "Feature", "properties": { "idx": "25,45" }, "geometry": { "type": "Polygon", "coordinates": [ [ [ 112.279144891534884, -21.759191758122189 ], [ 112.134283465075939, -22.608576016233652 ], [ 113.066142765480436, -22.738520492631949 ], [ 113.204412134216668, -21.888368195636684 ], [ 112.279144891534884, -21.759191758122189 ] ] ] } },
{ "type": "Feature", "properties": { "idx": "26,45" }, "geometry": { "type": "Polygon", "coordinates": [ [ [ 113.204412134216668, -21.888368195636684 ], [ 113.066142765480436, -22.738520492631949 ], [ 114.000036032546646, -22.862238312257361 ], [ 114.131669747820183, -22.011349502826949 ], [ 113.204412134216668, -21.888368195636684 ] ] ] } },
{ "type": "Feature", "properties": { "idx": "27,45" }, "geometry": { "type": "Polygon", "coordinates": [ [ [ 114.131669747820183, -22.011349502826949 ], [ 114.000036032546646, -22.862238312257361 ], [ 114.935869809126018, -22.979713457728202 ], [ 115.060826161477024, -22.128120516824559 ], [ 114.131669747820183, -22.011349502826949 ] ] ] } },
{ "type": "Feature", "properties": { "idx": "28,45" }, "geometry": { "type": "Polygon", "coordinates": [ [ [ 115.060826161477024, -22.128120516824559 ], [ 114.935869809126018, -22.979713457728202 ], [ 115.873549416459596, -23.090930533221151 ], [ 115.991788625567892, -22.238666661436493 ], [ 115.060826161477024, -22.128120516824559 ] ] ] } },
{ "type": "Feature", "properties": { "idx": "29,45" }, "geometry": { "type": "Polygon", "coordinates": [ [ [ 115.991788625567892, -22.238666661436493 ], [ 115.873549416459596, -23.090930533221151 ], [ 116.81297900661724, -23.195874794381936 ], [ 116.924463262489851, -22.342973975778481 ], [ 115.991788625567892, -22.238666661436493 ] ] ] } },
{ "type": "Feature", "properties": { "idx": "30,45" }, "geometry": { "type": "Polygon", "coordinates": [ [ [ 116.924463262489851, -22.342973975778481 ], [ 116.81297900661724, -23.195874794381936 ], [ 117.754061616741623, -23.294532177043614 ], [ 117.858755119141165, -22.441029141750015 ], [ 116.924463262489851, -22.342973975778481 ] ] ] } },
{ "type": "Feature", "properties": { "idx": "31,45" }, "geometry": { "type": "Polygon", "coordinates": [ [ [ 117.858755119141165, -22.441029141750015 ], [ 117.754061616741623, -23.294532177043614 ], [ 118.6966992250278, -23.386889324688127 ], [ 118.794568221057617, -22.532819510292892 ], [ 117.858755119141165, -22.441029141750015 ] ] ] } },
{ "type": "Feature", "properties": { "idx": "32,45" }, "geometry": { "type": "Polygon", "coordinates": [ [ [ 118.794568221057617, -22.532819510292892 ], [ 118.6966992250278, -23.386889324688127 ], [ 119.640792808365944, -23.472933614591049 ], [ 119.731805628129976, -22.618333126377369 ], [ 118.794568221057617, -22.532819510292892 ] ] ] } },
{ "type": "Feature", "properties": { "idx": "33,45" }, "geometry": { "type": "Polygon", "coordinates": [ [ [ 119.731805628129976, -22.618333126377369 ], [ 119.640792808365944, -23.472933614591049 ], [ 120.586242401566992, -23.552653182588877 ], [ 120.670369491827884, -22.697558752660889 ], [ 119.731805628129976, -22.618333126377369 ] ] ] } },
{ "type": "Feature", "properties": { "idx": "34,45" }, "geometry": { "type": "Polygon", "coordinates": [ [ [ 120.670369491827884, -22.697558752660889 ], [ 120.586242401566992, -23.552653182588877 ], [ 121.532947158089826, -23.626036946412029 ], [ 121.61016111385031, -22.770485891766413 ], [ 120.670369491827884, -22.697558752660889 ] ] ] } },
{ "type": "Feature", "properties": { "idx": "35,45" }, "geometry": { "type": "Polygon", "coordinates": [ [ [ 121.61016111385031, -22.770485891766413 ], [ 121.532947158089826, -23.626036946412029 ], [ 122.48080541218161, -23.693074627528961 ], [ 122.55108100611973, -22.837104807130402 ], [ 121.61016111385031, -22.770485891766413 ] ] ] } },
{ "type": "Feature", "properties": { "idx": "36,45" }, "geometry": { "type": "Polygon", "coordinates": [ [ [ 122.55108100611973, -22.837104807130402 ], [ 122.48080541218161, -23.693074627528961 ], [ 123.429714742340082, -23.753756771448273 ], [ 123.493028952032162, -22.897406542371893 ], [ 122.55108100611973, -22.837104807130402 ] ] ] } },
{ "type": "Feature", "properties": { "idx": "37,45" }, "geometry": { "type": "Polygon", "coordinates": [ [ [ 123.493028952032162, -22.897406542371893 ], [ 123.429714742340082, -23.753756771448273 ], [ 124.379572036001676, -23.808074766430682 ], [ 124.435904068872787, -22.951382939137929 ], [ 123.493028952032162, -22.897406542371893 ] ] ] } },
{ "type": "Feature", "properties": { "idx": "38,45" }, "geometry": { "type": "Polygon", "coordinates": [ [ [ 124.435904068872787, -22.951382939137929 ], [ 124.379572036001676, -23.808074766430682 ], [ 125.33027355535755, -23.856020860564094 ], [ 125.379604871301865, -22.999026653382881 ], [ 124.435904068872787, -22.951382939137929 ] ] ] } },
{ "type": "Feature", "properties": { "idx": "39,45" }, "geometry": { "type": "Polygon", "coordinates": [ [ [ 125.379604871301865, -22.999026653382881 ], [ 125.33027355535755, -23.856020860564094 ], [ 126.281715004193089, -23.897588177159722 ], [ 126.32402933581406, -23.040331170042961 ], [ 125.379604871301865, -22.999026653382881 ] ] ] } },
{ "type": "Feature", "properties": { "idx": "40,45" }, "geometry": { "type": "Polygon", "coordinates": [ [ [ 126.32402933581406, -23.040331170042961 ], [ 126.281715004193089, -23.897588177159722 ], [ 127.233791595646821, -23.932770728431095 ], [ 127.269074966070207, -23.075290816070435 ], [ 126.32402933581406, -23.040331170042961 ] ] ] } },
{ "type": "Feature", "properties": { "idx": "41,45" }, "geometry": { "type": "Polygon", "coordinates": [ [ [ 127.269074966070207, -23.075290816070435 ], [ 127.233791595646821, -23.932770728431095 ], [ 128.18639812077916, -23.961563427420511 ], [ 128.214638858998285, -23.103900771795711 ], [ 127.269074966070207, -23.075290816070435 ] ] ] } },
{ "type": "Feature", "properties": { "idx": "42,45" }, "geometry": { "type": "Polygon", "coordinates": [ [ [ 128.214638858998285, -23.103900771795711 ], [ 128.18639812077916, -23.961563427420511 ], [ 129.139429017840513, -23.983962098143685 ], [ 129.16061777155852, -23.126157080589671 ], [ 128.214638858998285, -23.103900771795711 ] ] ] } },
{ "type": "Feature", "properties": { "idx": "43,45" }, "geometry": { "type": "Polygon", "coordinates": [ [ [ 129.16061777155852, -23.126157080589671 ], [ 129.139429017840513, -23.983962098143685 ], [ 130.092778442125081, -23.99996348392537 ], [ 130.106908188064722, -23.142056656802382 ], [ 129.16061777155852, -23.126157080589671 ] ] ] } },
{ "type": "Feature", "properties": { "idx": "44,45" }, "geometry": { "type": "Polygon", "coordinates": [ [ [ 130.106908188064722, -23.142056656802382 ], [ 130.092778442125081, -23.99996348392537 ], [ 131.046340336295771, -24.009565253905294 ], [ 131.053406387952663, -23.151597291957764 ], [ 130.106908188064722, -23.142056656802382 ] ] ] } },
{ "type": "Feature", "properties": { "idx": "45,45" }, "geometry": { "type": "Polygon", "coordinates": [ [ [ 131.053406387952663, -23.151597291957764 ], [ 131.046340336295771, -24.009565253905294 ], [ 132.000008501063803, -24.012766007697898 ], [ 132.000008513885234, -23.154777659190202 ], [ 131.053406387952663, -23.151597291957764 ] ] ] } },
{ "type": "Feature", "properties": { "idx": "46,45" }, "geometry": { "type": "Polygon", "coordinates": [ [ [ 132.000008513885234, -23.154777659190202 ], [ 132.000008501063803, -24.012766007697898 ], [ 132.953676666104997, -24.009565278191996 ], [ 132.946610640082355, -23.151597315910436 ], [ 132.000008513885234, -23.154777659190202 ] ] ] } },
{ "type": "Feature", "properties": { "idx": "47,45" }, "geometry": { "type": "Polygon", "coordinates": [ [ [ 132.946610640082355, -23.151597315910436 ], [ 132.953676666104997, -24.009565278191996 ], [ 133.907238561094744, -23.999963532485904 ], [ 133.893108840763631, -23.142056704695086 ], [ 132.946610640082355, -23.151597315910436 ] ] ] } },
{ "type": "Feature", "properties": { "idx": "48,45" }, "geometry": { "type": "Polygon", "coordinates": [ [ [ 133.893108840763631, -23.142056704695086 ], [ 133.907238561094744, -23.999963532485904 ], [ 134.860587986743212, -23.983962170952321 ], [ 134.839399258590873, -23.12615715239728 ], [ 133.893108840763631, -23.142056704695086 ] ] ] } },
{ "type": "Feature", "properties": { "idx": "49,45" }, "geometry": { "type": "Polygon", "coordinates": [ [ [ 134.839399258590873, -23.12615715239728 ], [ 134.860587986743212, -23.983962170952321 ], [ 135.813618885711634, -23.961563524438517 ], [ 135.785378172998293, -23.103900867480391 ], [ 134.839399258590873, -23.12615715239728 ] ] ] } },
{ "type": "Feature", "properties": { "idx": "50,45" }, "geometry": { "type": "Polygon", "coordinates": [ [ [ 135.785378172998293, -23.103900867480391 ], [ 135.813618885711634, -23.961563524438517 ], [ 136.766225413291835, -23.932770849607142 ], [ 136.730942068297423, -23.075290935581997 ], [ 135.785378172998293, -23.103900867480391 ] ] ] } },
{ "type": "Feature", "properties": { "idx": "51,45" }, "geometry": { "type": "Polygon", "coordinates": [ [ [ 136.730942068297423, -23.075290935581997 ], [ 136.766225413291835, -23.932770849607142 ], [ 137.718302007731097, -23.897588322429641 ], [ 137.675987701445507, -23.040331313318593 ], [ 136.730942068297423, -23.075290935581997 ] ] ] } },
{ "type": "Feature", "properties": { "idx": "52,45" }, "geometry": { "type": "Polygon", "coordinates": [ [ [ 137.675987701445507, -23.040331313318593 ], [ 137.718302007731097, -23.897588322429641 ], [ 138.669743460086067, -23.856021029851036 ], [ 138.620412169366972, -22.999026820347449 ], [ 137.675987701445507, -23.040331313318593 ] ] ] } },
{ "type": "Feature", "properties": { "idx": "53,45" }, "geometry": { "type": "Polygon", "coordinates": [ [ [ 138.620412169366972, -22.999026820347449 ], [ 138.669743460086067, -23.856021029851036 ], [ 139.62044498349087, -23.808074959645175 ], [ 139.564112975718416, -22.951383129704098 ], [ 138.620412169366972, -22.999026820347449 ] ] ] } },
{ "type": "Feature", "properties": { "idx": "54,45" }, "geometry": { "type": "Polygon", "coordinates": [ [ [ 139.564112975718416, -22.951383129704098 ], [ 139.62044498349087, -23.808074959645175 ], [ 140.570302281725958, -23.753756988488572 ], [ 140.506988096989716, -22.897406756439981 ], [ 139.564112975718416, -22.951383129704098 ] ] ] } },
{ "type": "Feature", "properties": { "idx": "55,45" }, "geometry": { "type": "Polygon", "coordinates": [ [ [ 140.506988096989716, -22.897406756439981 ], [ 140.570302281725958, -23.753756988488572 ], [ 141.519211616976634, -23.693074868280704 ], [ 141.448936047835701, -22.837105044588775 ], [ 140.506988096989716, -22.897406756439981 ] ] ] } },
{ "type": "Feature", "properties": { "idx": "56,45" }, "geometry": { "type": "Polygon", "coordinates": [ [ [ 141.448936047835701, -22.837105044588775 ], [ 141.519211616976634, -23.693074868280704 ], [ 142.467069876673065, -23.626037210748876 ], [ 142.389855945535459, -22.770486152491451 ], [ 141.448936047835701, -22.837105044588775 ] ] ] } },
{ "type": "Feature", "properties": { "idx": "57,45" }, "geometry": { "type": "Polygon", "coordinates": [ [ [ 142.389855945535459, -22.770486152491451 ], [ 142.467069876673065, -23.626037210748876 ], [ 143.413774639306098, -23.552653470372373 ], [ 143.329647573478525, -22.697559036517127 ], [ 142.389855945535459, -22.770486152491451 ] ] ] } },
{ "type": "Feature", "properties": { "idx": "58,45" }, "geometry": { "type": "Polygon", "coordinates": [ [ [ 143.329647573478525, -22.697559036517127 ], [ 143.413774639306098, -23.552653470372373 ], [ 144.359224239115406, -23.472933925670759 ], [ 144.2682114435801, -22.618333433217799 ], [ 143.329647573478525, -22.697559036517127 ] ] ] } },
{ "type": "Feature", "properties": { "idx": "59,45" }, "geometry": { "type": "Polygon", "coordinates": [ [ [ 144.2682114435801, -22.618333433217799 ], [ 144.359224239115406, -23.472933925670759 ], [ 145.303317829551787, -23.386889658901946 ], [ 145.205448857531536, -22.532819839958879 ], [ 144.2682114435801, -22.618333433217799 ] ] ] } },
{ "type": "Feature", "properties": { "idx": "60,45" }, "geometry": { "type": "Polygon", "coordinates": [ [ [ 145.205448857531536, -22.532819839958879 ], [ 145.303317829551787, -23.386889658901946 ], [ 146.245955445417508, -23.294532534217893 ], [ 146.141261966794104, -22.441029494071746 ], [ 145.205448857531536, -22.532819839958879 ] ] ] } },
{ "type": "Feature", "properties": { "idx": "61,45" }, "geometry": { "type": "Polygon", "coordinates": [ [ [ 146.141261966794104, -22.441029494071746 ], [ 146.245955445417508, -23.294532534217893 ], [ 147.187038063593576, -23.195875174331785 ], [ 147.075553831249948, -22.342974350574977 ], [ 146.141261966794104, -22.441029494071746 ] ] ] } },
{ "type": "Feature", "properties": { "idx": "62,45" }, "geometry": { "type": "Polygon", "coordinates": [ [ [ 147.075553831249948, -22.342974350574977 ], [ 147.187038063593576, -23.195875174331785 ], [ 148.126467662265497, -23.090930935750382 ], [ 148.008228476425586, -22.238667058515961 ], [ 147.075553831249948, -22.342974350574977 ] ] ] } },
{ "type": "Feature", "properties": { "idx": "63,45" }, "geometry": { "type": "Polygon", "coordinates": [ [ [ 148.008228476425586, -22.238667058515961 ], [ 148.126467662265497, -23.090930935750382 ], [ 149.064147278565656, -22.979713882629852 ], [ 148.939190949209518, -22.128120935984438 ], [ 148.008228476425586, -22.238667058515961 ] ] ] } },
{ "type": "Feature", "properties": { "idx": "64,45" }, "geometry": { "type": "Polygon", "coordinates": [ [ [ 148.939190949209518, -22.128120935984438 ], [ 149.064147278565656, -22.979713882629852 ], [ 149.999981064553367, -22.86223875931374 ], [ 149.868347371988705, -22.01134994385427 ], [ 148.939190949209518, -22.128120935984438 ] ] ] } },
{ "type": "Feature", "properties": { "idx": "65,45" }, "geometry": { "type": "Polygon", "coordinates": [ [ [ 149.868347371988705, -22.01134994385427 ], [ 149.999981064553367, -22.86223875931374 ], [ 150.933874341458591, -22.738520961615002 ], [ 150.795604995133317, -21.888368658308245 ], [ 149.868347371988705, -22.01134994385427 ] ] ] } },
{ "type": "Feature", "properties": { "idx": "66,45" }, "geometry": { "type": "Polygon", "coordinates": [ [ [ 150.795604995133317, -21.888368658308245 ], [ 150.933874341458591, -22.738520961615002 ], [ 151.865733652121321, -22.608576506905088 ], [ 151.720872247763907, -21.759192242204811 ], [ 150.795604995133317, -21.888368658308245 ] ] ] } },
{ "type": "Feature", "properties": { "idx": "67,45" }, "geometry": { "type": "Polygon", "coordinates": [ [ [ 151.720872247763907, -21.759192242204811 ], [ 151.865733652121321, -22.608576506905088 ], [ 152.795466811562022, -22.47242200307295 ], [ 152.644058786740288, -21.623836415345298 ], [ 151.720872247763907, -21.759192242204811 ] ] ] } },
{ "type": "Feature", "properties": { "idx": "68,45" }, "geometry": { "type": "Polygon", "coordinates": [ [ [ 152.644058786740288, -21.623836415345298 ], [ 152.795466811562022, -22.47242200307295 ], [ 153.722982955625639, -22.330074616420497 ], [ 153.565075543814913, -21.482317423701542 ], [ 152.644058786740288, -21.623836415345298 ] ] ] } },
{ "type": "Feature", "properties": { "idx": "25,46" }, "geometry": { "type": "Polygon", "coordinates": [ [ [ 112.421925391206301, -20.90842649512642 ], [ 112.279144891534884, -21.759191758122189 ], [ 113.204412134216668, -21.888368195636684 ], [ 113.340690927169049, -21.036870522229897 ], [ 112.421925391206301, -20.90842649512642 ] ] ] } },
{ "type": "Feature", "properties": { "idx": "26,46" }, "geometry": { "type": "Polygon", "coordinates": [ [ [ 113.340690927169049, -21.036870522229897 ], [ 113.204412134216668, -21.888368195636684 ], [ 114.131669747820183, -22.011349502826949 ], [ 114.261404466358513, -21.159149431024005 ], [ 113.340690927169049, -21.036870522229897 ] ] ] } },
{ "type": "Feature", "properties": { "idx": "27,46" }, "geometry": { "type": "Polygon", "coordinates": [ [ [ 114.261404466358513, -21.159149431024005 ], [ 114.131669747820183, -22.011349502826949 ], [ 115.060826161477024, -22.128120516824559 ], [ 115.183976275188471, -21.27524888232649 ], [ 114.261404466358513, -21.159149431024005 ] ] ] } },
{ "type": "Feature", "properties": { "idx": "28,46" }, "geometry": { "type": "Polygon", "coordinates": [ [ [ 115.183976275188471, -21.27524888232649 ], [ 115.060826161477024, -22.128120516824559 ], [ 115.991788625567892, -22.238666661436493 ], [ 116.108315482401935, -21.385155089666661 ], [ 115.183976275188471, -21.27524888232649 ] ] ] } },
{ "type": "Feature", "properties": { "idx": "29,46" }, "geometry": { "type": "Polygon", "coordinates": [ [ [ 116.108315482401935, -21.385155089666661 ], [ 115.991788625567892, -22.238666661436493 ], [ 116.924463262489851, -22.342973975778481 ], [ 117.034330128227367, -21.488854846734384 ], [ 116.108315482401935, -21.385155089666661 ] ] ] } },
{ "type": "Feature", "properties": { "idx": "30,46" }, "geometry": { "type": "Polygon", "coordinates": [ [ [ 117.034330128227367, -21.488854846734384 ], [ 116.924463262489851, -22.342973975778481 ], [ 117.858755119141165, -22.441029141750015 ], [ 117.961927215170576, -21.586335553702984 ], [ 117.034330128227367, -21.488854846734384 ] ] ] } },
{ "type": "Feature", "properties": { "idx": "31,46" }, "geometry": { "type": "Polygon", "coordinates": [ [ [ 117.961927215170576, -21.586335553702984 ], [ 117.858755119141165, -22.441029141750015 ], [ 118.794568221057617, -22.532819510292892 ], [ 118.891012760377848, -21.677585242373766 ], [ 117.961927215170576, -21.586335553702984 ] ] ] } },
{ "type": "Feature", "properties": { "idx": "32,46" }, "geometry": { "type": "Polygon", "coordinates": [ [ [ 118.891012760377848, -21.677585242373766 ], [ 118.794568221057617, -22.532819510292892 ], [ 119.731805628129976, -22.618333126377369 ], [ 119.821491849503857, -21.762592600088627 ], [ 118.891012760377848, -21.677585242373766 ] ] ] } },
{ "type": "Feature", "properties": { "idx": "33,46" }, "geometry": { "type": "Polygon", "coordinates": [ [ [ 119.821491849503857, -21.762592600088627 ], [ 119.731805628129976, -22.618333126377369 ], [ 120.670369491827884, -22.697558752660889 ], [ 120.753268692012384, -21.841346992362496 ], [ 119.821491849503857, -21.762592600088627 ] ] ] } },
{ "type": "Feature", "properties": { "idx": "34,46" }, "geometry": { "type": "Polygon", "coordinates": [ [ [ 120.753268692012384, -21.841346992362496 ], [ 120.670369491827884, -22.697558752660889 ], [ 121.61016111385031, -22.770485891766413 ], [ 121.686246677833935, -21.913838484185295 ], [ 120.753268692012384, -21.841346992362496 ] ] ] } },
{ "type": "Feature", "properties": { "idx": "35,46" }, "geometry": { "type": "Polygon", "coordinates": [ [ [ 121.686246677833935, -21.913838484185295 ], [ 121.61016111385031, -22.770485891766413 ], [ 122.55108100611973, -22.837104807130402 ], [ 122.620328435300792, -21.980057859947781 ], [ 121.686246677833935, -21.913838484185295 ] ] ] } },
{ "type": "Feature", "properties": { "idx": "36,46" }, "geometry": { "type": "Polygon", "coordinates": [ [ [ 122.620328435300792, -21.980057859947781 ], [ 122.55108100611973, -22.837104807130402 ], [ 123.493028952032162, -22.897406542371893 ], [ 123.555415890276379, -22.0399966419475 ], [ 122.620328435300792, -21.980057859947781 ] ] ] } },
{ "type": "Feature", "properties": { "idx": "37,46" }, "geometry": { "type": "Polygon", "coordinates": [ [ [ 123.555415890276379, -22.0399966419475 ], [ 123.493028952032162, -22.897406542371893 ], [ 124.435904068872787, -22.951382939137929 ], [ 124.4914103263919, -22.093647107432162 ], [ 123.555415890276379, -22.0399966419475 ] ] ] } },
{ "type": "Feature", "properties": { "idx": "38,46" }, "geometry": { "type": "Polygon", "coordinates": [ [ [ 124.4914103263919, -22.093647107432162 ], [ 124.435904068872787, -22.951382939137929 ], [ 125.379604871301865, -22.999026653382881 ], [ 125.428212446301117, -22.141002304143218 ], [ 124.4914103263919, -22.093647107432162 ] ] ] } },
{ "type": "Feature", "properties": { "idx": "39,46" }, "geometry": { "type": "Polygon", "coordinates": [ [ [ 125.428212446301117, -22.141002304143218 ], [ 125.379604871301865, -22.999026653382881 ], [ 126.32402933581406, -23.040331170042961 ], [ 126.365722433858906, -22.182056064322651 ], [ 125.428212446301117, -22.141002304143218 ] ] ] } },
{ "type": "Feature", "properties": { "idx": "40,46" }, "geometry": { "type": "Polygon", "coordinates": [ [ [ 126.365722433858906, -22.182056064322651 ], [ 126.32402933581406, -23.040331170042961 ], [ 127.269074966070207, -23.075290816070435 ], [ 127.303840017129716, -22.216803017150987 ], [ 126.365722433858906, -22.182056064322651 ] ] ] } },
{ "type": "Feature", "properties": { "idx": "41,46" }, "geometry": { "type": "Polygon", "coordinates": [ [ [ 127.303840017129716, -22.216803017150987 ], [ 127.269074966070207, -23.075290816070435 ], [ 128.214638858998285, -23.103900771795711 ], [ 128.242464532126149, -22.245238599587815 ], [ 127.303840017129716, -22.216803017150987 ] ] ] } },
{ "type": "Feature", "properties": { "idx": "42,46" }, "geometry": { "type": "Polygon", "coordinates": [ [ [ 128.242464532126149, -22.245238599587815 ], [ 128.214638858998285, -23.103900771795711 ], [ 129.16061777155852, -23.126157080589671 ], [ 129.181494987178894, -22.267359065588018 ], [ 128.242464532126149, -22.245238599587815 ] ] ] } },
{ "type": "Feature", "properties": { "idx": "43,46" }, "geometry": { "type": "Polygon", "coordinates": [ [ [ 129.181494987178894, -22.267359065588018 ], [ 129.16061777155852, -23.126157080589671 ], [ 130.106908188064722, -23.142056656802382 ], [ 130.120830127834353, -22.283161493673177 ], [ 129.181494987178894, -22.267359065588018 ] ] ] } },
{ "type": "Feature", "properties": { "idx": "44,46" }, "geometry": { "type": "Polygon", "coordinates": [ [ [ 130.120830127834353, -22.283161493673177 ], [ 130.106908188064722, -23.142056656802382 ], [ 131.053406387952663, -23.151597291957764 ], [ 131.060368502177568, -22.292643792839179 ], [ 130.120830127834353, -22.283161493673177 ] ] ] } },
{ "type": "Feature", "properties": { "idx": "45,46" }, "geometry": { "type": "Polygon", "coordinates": [ [ [ 131.060368502177568, -22.292643792839179 ], [ 131.053406387952663, -23.151597291957764 ], [ 132.000008513885234, -23.154777659190202 ], [ 132.00000852647446, -22.295804706786413 ], [ 131.060368502177568, -22.292643792839179 ] ] ] } },
{ "type": "Feature", "properties": { "idx": "46,46" }, "geometry": { "type": "Polygon", "coordinates": [ [ [ 132.00000852647446, -22.295804706786413 ], [ 132.000008513885234, -23.154777659190202 ], [ 132.946610640082355, -23.151597315910436 ], [ 132.939648551027659, -22.292643816461403 ], [ 132.00000852647446, -22.295804706786413 ] ] ] } },
{ "type": "Feature", "properties": { "idx": "47,46" }, "geometry": { "type": "Polygon", "coordinates": [ [ [ 132.939648551027659, -22.292643816461403 ], [ 132.946610640082355, -23.151597315910436 ], [ 133.893108840763631, -23.142056704695086 ], [ 133.879186926139482, -22.283161540905272 ], [ 132.939648551027659, -22.292643816461403 ] ] ] } },
{ "type": "Feature", "properties": { "idx": "48,46" }, "geometry": { "type": "Polygon", "coordinates": [ [ [ 133.879186926139482, -22.283161540905272 ], [ 133.893108840763631, -23.142056704695086 ], [ 134.839399258590873, -23.12615715239728 ], [ 134.818522068074913, -22.267359136405361 ], [ 133.879186926139482, -22.283161540905272 ] ] ] } },
{ "type": "Feature", "properties": { "idx": "49,46" }, "geometry": { "type": "Polygon", "coordinates": [ [ [ 134.818522068074913, -22.267359136405361 ], [ 134.839399258590873, -23.12615715239728 ], [ 135.785378172998293, -23.103900867480391 ], [ 135.757552524917401, -22.245238693953535 ], [ 134.818522068074913, -22.267359136405361 ] ] ] } },
{ "type": "Feature", "properties": { "idx": "50,46" }, "geometry": { "type": "Polygon", "coordinates": [ [ [ 135.757552524917401, -22.245238693953535 ], [ 135.785378172998293, -23.103900867480391 ], [ 136.730942068297423, -23.075290935581997 ], [ 136.69617704221119, -22.216803135015848 ], [ 135.757552524917401, -22.245238693953535 ] ] ] } },
{ "type": "Feature", "properties": { "idx": "51,46" }, "geometry": { "type": "Polygon", "coordinates": [ [ [ 136.69617704221119, -22.216803135015848 ], [ 136.730942068297423, -23.075290935581997 ], [ 137.675987701445507, -23.040331313318593 ], [ 137.634294628284067, -22.182056205625297 ], [ 136.69617704221119, -22.216803135015848 ] ] ] } },
{ "type": "Feature", "properties": { "idx": "52,46" }, "geometry": { "type": "Polygon", "coordinates": [ [ [ 137.634294628284067, -22.182056205625297 ], [ 137.675987701445507, -23.040331313318593 ], [ 138.620412169366972, -22.999026820347449 ], [ 138.571804619145382, -22.141002468810264 ], [ 137.634294628284067, -22.182056205625297 ] ] ] } },
{ "type": "Feature", "properties": { "idx": "53,46" }, "geometry": { "type": "Polygon", "coordinates": [ [ [ 138.571804619145382, -22.141002468810264 ], [ 138.620412169366972, -22.999026820347449 ], [ 139.564112975718416, -22.951383129704098 ], [ 139.508606742855477, -22.093647295378098 ], [ 138.571804619145382, -22.141002468810264 ] ] ] } },
{ "type": "Feature", "properties": { "idx": "54,46" }, "geometry": { "type": "Polygon", "coordinates": [ [ [ 139.508606742855477, -22.093647295378098 ], [ 139.564112975718416, -22.951383129704098 ], [ 140.506988096989716, -22.897406756439981 ], [ 140.444601183264666, -22.039996853074936 ], [ 139.508606742855477, -22.093647295378098 ] ] ] } },
{ "type": "Feature", "properties": { "idx": "55,46" }, "geometry": { "type": "Polygon", "coordinates": [ [ [ 140.444601183264666, -22.039996853074936 ], [ 140.506988096989716, -22.897406756439981 ], [ 141.448936047835701, -22.837105044588775 ], [ 141.379688643021467, -21.980058094147463 ], [ 140.444601183264666, -22.039996853074936 ] ] ] } },
{ "type": "Feature", "properties": { "idx": "56,46" }, "geometry": { "type": "Polygon", "coordinates": [ [ [ 141.379688643021467, -21.980058094147463 ], [ 141.448936047835701, -22.837105044588775 ], [ 142.389855945535459, -22.770486152491451 ], [ 142.31377040575137, -21.913838741336292 ], [ 141.379688643021467, -21.980058094147463 ] ] ] } },
{ "type": "Feature", "properties": { "idx": "57,46" }, "geometry": { "type": "Polygon", "coordinates": [ [ [ 142.31377040575137, -21.913838741336292 ], [ 142.389855945535459, -22.770486152491451 ], [ 143.329647573478525, -22.697559036517127 ], [ 143.246748397311507, -21.841347272332428 ], [ 142.31377040575137, -21.913838741336292 ] ] ] } },
{ "type": "Feature", "properties": { "idx": "58,46" }, "geometry": { "type": "Polygon", "coordinates": [ [ [ 143.246748397311507, -21.841347272332428 ], [ 143.329647573478525, -22.697559036517127 ], [ 144.2682114435801, -22.618333433217799 ], [ 144.178525246027249, -21.762592902733552 ], [ 143.246748397311507, -21.841347272332428 ] ] ] } },
{ "type": "Feature", "properties": { "idx": "59,46" }, "geometry": { "type": "Polygon", "coordinates": [ [ [ 144.178525246027249, -21.762592902733552 ], [ 144.2682114435801, -22.618333433217799 ], [ 145.205448857531536, -22.532819839958879 ], [ 145.109004341821844, -21.677585567538596 ], [ 144.178525246027249, -21.762592902733552 ] ] ] } },
{ "type": "Feature", "properties": { "idx": "60,46" }, "geometry": { "type": "Polygon", "coordinates": [ [ [ 145.109004341821844, -21.677585567538596 ], [ 145.205448857531536, -22.532819839958879 ], [ 146.141261966794104, -22.441029494071746 ], [ 146.038089894151057, -21.586335901221606 ], [ 145.109004341821844, -21.677585567538596 ] ] ] } },
{ "type": "Feature", "properties": { "idx": "61,46" }, "geometry": { "type": "Polygon", "coordinates": [ [ [ 146.038089894151057, -21.586335901221606 ], [ 146.141261966794104, -22.441029494071746 ], [ 147.075553831249948, -22.342974350574977 ], [ 146.965686988661304, -21.488855216429705 ], [ 146.038089894151057, -21.586335901221606 ] ] ] } },
{ "type": "Feature", "properties": { "idx": "62,46" }, "geometry": { "type": "Polygon", "coordinates": [ [ [ 146.965686988661304, -21.488855216429705 ], [ 147.075553831249948, -22.342974350574977 ], [ 148.008228476425586, -22.238667058515961 ], [ 147.891701642490034, -21.385155481350981 ], [ 146.965686988661304, -21.488855216429705 ] ] ] } },
{ "type": "Feature", "properties": { "idx": "63,46" }, "geometry": { "type": "Polygon", "coordinates": [ [ [ 147.891701642490034, -21.385155481350981 ], [ 148.008228476425586, -22.238667058515961 ], [ 148.939190949209518, -22.128120935984438 ], [ 148.816040858133761, -21.2752492958017 ], [ 147.891701642490034, -21.385155481350981 ] ] ] } },
{ "type": "Feature", "properties": { "idx": "64,46" }, "geometry": { "type": "Polygon", "coordinates": [ [ [ 148.816040858133761, -21.2752492958017 ], [ 148.939190949209518, -22.128120935984438 ], [ 149.868347371988705, -22.01134994385427 ], [ 149.738612675811197, -21.159149866081627 ], [ 148.816040858133761, -21.2752492958017 ] ] ] } },
{ "type": "Feature", "properties": { "idx": "65,46" }, "geometry": { "type": "Polygon", "coordinates": [ [ [ 149.738612675811197, -21.159149866081627 ], [ 149.868347371988705, -22.01134994385427 ], [ 150.795604995133317, -21.888368658308245 ], [ 150.659326224255267, -21.036870978651411 ], [ 149.738612675811197, -21.159149866081627 ] ] ] } },
{ "type": "Feature", "properties": { "idx": "66,46" }, "geometry": { "type": "Polygon", "coordinates": [ [ [ 150.659326224255267, -21.036870978651411 ], [ 150.795604995133317, -21.888368658308245 ], [ 151.720872247763907, -21.759192242204811 ], [ 151.578091769869332, -20.908426972683621 ], [ 150.659326224255267, -21.036870978651411 ] ] ] } },
{ "type": "Feature", "properties": { "idx": "67,46" }, "geometry": { "type": "Polygon", "coordinates": [ [ [ 151.578091769869332, -20.908426972683621 ], [ 151.720872247763907, -21.759192242204811 ], [ 152.644058786740288, -21.623836415345298 ], [ 152.494820764189996, -20.773832711542255 ], [ 151.578091769869332, -20.908426972683621 ] ] ] } },
{ "type": "Feature", "properties": { "idx": "68,46" }, "geometry": { "type": "Polygon", "coordinates": [ [ [ 152.494820764189996, -20.773832711542255 ], [ 152.644058786740288, -21.623836415345298 ], [ 153.565075543814913, -21.482317423701542 ], [ 153.409425889602318, -20.633103553246322 ], [ 152.494820764189996, -20.773832711542255 ] ] ] } },
{ "type": "Feature", "properties": { "idx": "26,47" }, "geometry": { "type": "Polygon", "coordinates": [ [ [ 113.475021519115657, -20.183866153663338 ], [ 113.340690927169049, -21.036870522229897 ], [ 114.261404466358513, -21.159149431024005 ], [ 114.389280725404049, -20.305475882944787 ], [ 113.475021519115657, -20.183866153663338 ] ] ] } },
{ "type": "Feature", "properties": { "idx": "27,47" }, "geometry": { "type": "Polygon", "coordinates": [ [ [ 114.389280725404049, -20.305475882944787 ], [ 114.261404466358513, -21.159149431024005 ], [ 115.183976275188471, -21.27524888232649 ], [ 115.305358808873109, -20.42093547636556 ], [ 114.389280725404049, -20.305475882944787 ] ] ] } },
{ "type": "Feature", "properties": { "idx": "28,47" }, "geometry": { "type": "Polygon", "coordinates": [ [ [ 115.305358808873109, -20.42093547636556 ], [ 115.183976275188471, -21.27524888232649 ], [ 116.108315482401935, -21.385155089666661 ], [ 116.223166727461731, -20.53023190941553 ], [ 115.305358808873109, -20.42093547636556 ] ] ] } },
{ "type": "Feature", "properties": { "idx": "29,47" }, "geometry": { "type": "Polygon", "coordinates": [ [ [ 116.223166727461731, -20.53023190941553 ], [ 116.108315482401935, -21.385155089666661 ], [ 117.034330128227367, -21.488854846734384 ], [ 117.142614388427859, -20.633352703538257 ], [ 116.223166727461731, -20.53023190941553 ] ] ] } },
{ "type": "Feature", "properties": { "idx": "30,47" }, "geometry": { "type": "Polygon", "coordinates": [ [ [ 117.142614388427859, -20.633352703538257 ], [ 117.034330128227367, -21.488854846734384 ], [ 117.961927215170576, -21.586335553702984 ], [ 118.063610697510072, -20.73028595138684 ], [ 117.142614388427859, -20.633352703538257 ] ] ] } },
{ "type": "Feature", "properties": { "idx": "31,47" }, "geometry": { "type": "Polygon", "coordinates": [ [ [ 118.063610697510072, -20.73028595138684 ], [ 117.961927215170576, -21.586335553702984 ], [ 118.891012760377848, -21.677585242373766 ], [ 118.986063609585401, -20.821020340935604 ], [ 118.063610697510072, -20.73028595138684 ] ] ] } },
{ "type": "Feature", "properties": { "idx": "32,47" }, "geometry": { "type": "Polygon", "coordinates": [ [ [ 118.986063609585401, -20.821020340935604 ], [ 118.891012760377848, -21.677585242373766 ], [ 119.821491849503857, -21.762592600088627 ], [ 119.909880180759203, -20.905545178399702 ], [ 118.986063609585401, -20.821020340935604 ] ] ] } },
{ "type": "Feature", "properties": { "idx": "33,47" }, "geometry": { "type": "Polygon", "coordinates": [ [ [ 119.909880180759203, -20.905545178399702 ], [ 119.821491849503857, -21.762592600088627 ], [ 120.753268692012384, -21.841346992362496 ], [ 120.834966621818523, -20.983850409915963 ], [ 119.909880180759203, -20.905545178399702 ] ] ] } },
{ "type": "Feature", "properties": { "idx": "34,47" }, "geometry": { "type": "Polygon", "coordinates": [ [ [ 120.834966621818523, -20.983850409915963 ], [ 120.753268692012384, -21.841346992362496 ], [ 121.686246677833935, -21.913838484185295 ], [ 121.76122835297646, -21.055926641941792 ], [ 120.834966621818523, -20.983850409915963 ] ] ] } },
{ "type": "Feature", "properties": { "idx": "35,47" }, "geometry": { "type": "Polygon", "coordinates": [ [ [ 121.76122835297646, -21.055926641941792 ], [ 121.686246677833935, -21.913838484185295 ], [ 122.620328435300792, -21.980057859947781 ], [ 122.688570059831292, -21.121765160327225 ], [ 121.76122835297646, -21.055926641941792 ] ] ] } },
{ "type": "Feature", "properties": { "idx": "36,47" }, "geometry": { "type": "Polygon", "coordinates": [ [ [ 122.688570059831292, -21.121765160327225 ], [ 122.620328435300792, -21.980057859947781 ], [ 123.555415890276379, -22.0399966419475 ], [ 123.616895750462007, -21.181357948021468 ], [ 122.688570059831292, -21.121765160327225 ] ] ] } },
{ "type": "Feature", "properties": { "idx": "37,47" }, "geometry": { "type": "Polygon", "coordinates": [ [ [ 123.616895750462007, -21.181357948021468 ], [ 123.555415890276379, -22.0399966419475 ], [ 124.4914103263919, -22.093647107432162 ], [ 124.546108813576268, -21.234697701375087 ], [ 123.616895750462007, -21.181357948021468 ] ] ] } },
{ "type": "Feature", "properties": { "idx": "38,47" }, "geometry": { "type": "Polygon", "coordinates": [ [ [ 124.546108813576268, -21.234697701375087 ], [ 124.4914103263919, -22.093647107432162 ], [ 125.428212446301117, -22.141002304143218 ], [ 125.476112077626013, -21.281777845002107 ], [ 124.546108813576268, -21.234697701375087 ] ] ] } },
{ "type": "Feature", "properties": { "idx": "39,47" }, "geometry": { "type": "Polygon", "coordinates": [ [ [ 125.476112077626013, -21.281777845002107 ], [ 125.428212446301117, -22.141002304143218 ], [ 126.365722433858906, -22.182056064322651 ], [ 126.406807870802183, -21.322592545169375 ], [ 125.476112077626013, -21.281777845002107 ] ] ] } },
{ "type": "Feature", "properties": { "idx": "40,47" }, "geometry": { "type": "Polygon", "coordinates": [ [ [ 126.406807870802183, -21.322592545169375 ], [ 126.365722433858906, -22.182056064322651 ], [ 127.303840017129716, -22.216803017150987 ], [ 127.338098081817051, -21.357136721683151 ], [ 126.406807870802183, -21.322592545169375 ] ] ] } },
{ "type": "Feature", "properties": { "idx": "41,47" }, "geometry": { "type": "Polygon", "coordinates": [ [ [ 127.338098081817051, -21.357136721683151 ], [ 127.303840017129716, -22.216803017150987 ], [ 128.242464532126149, -22.245238599587815 ], [ 128.26988422138146, -21.38540605824678 ], [ 127.338098081817051, -21.357136721683151 ] ] ] } },
{ "type": "Feature", "properties": { "idx": "42,47" }, "geometry": { "type": "Polygon", "coordinates": [ [ [ 128.26988422138146, -21.38540605824678 ], [ 128.242464532126149, -22.245238599587815 ], [ 129.181494987178894, -22.267359065588018 ], [ 129.202067484281059, -21.407397011265051 ], [ 128.26988422138146, -21.38540605824678 ] ] ] } },
{ "type": "Feature", "properties": { "idx": "43,47" }, "geometry": { "type": "Polygon", "coordinates": [ [ [ 129.202067484281059, -21.407397011265051 ], [ 129.181494987178894, -22.267359065588018 ], [ 130.120830127834353, -22.283161493673177 ], [ 130.134548811954915, -21.423106817075741 ], [ 129.202067484281059, -21.407397011265051 ] ] ] } },
{ "type": "Feature", "properties": { "idx": "44,47" }, "geometry": { "type": "Polygon", "coordinates": [ [ [ 130.134548811954915, -21.423106817075741 ], [ 130.120830127834353, -22.283161493673177 ], [ 131.060368502177568, -22.292643792839179 ], [ 131.067228955477276, -21.432533497591475 ], [ 130.134548811954915, -21.423106817075741 ] ] ] } },
{ "type": "Feature", "properties": { "idx": "45,47" }, "geometry": { "type": "Polygon", "coordinates": [ [ [ 131.067228955477276, -21.432533497591475 ], [ 131.060368502177568, -22.292643792839179 ], [ 132.00000852647446, -22.295804706786413 ], [ 132.000008538843304, -21.435675864339032 ], [ 131.067228955477276, -21.432533497591475 ] ] ] } },
{ "type": "Feature", "properties": { "idx": "46,47" }, "geometry": { "type": "Polygon", "coordinates": [ [ [ 132.000008538843304, -21.435675864339032 ], [ 132.00000852647446, -22.295804706786413 ], [ 132.939648551027659, -22.292643816461403 ], [ 132.932788122457765, -21.43253352088675 ], [ 132.000008538843304, -21.435675864339032 ] ] ] } },
{ "type": "Feature", "properties": { "idx": "47,47" }, "geometry": { "type": "Polygon", "coordinates": [ [ [ 132.932788122457765, -21.43253352088675 ], [ 132.939648551027659, -22.292643816461403 ], [ 133.879186926139482, -22.283161540905272 ], [ 133.865468266724974, -21.423106863654244 ], [ 132.932788122457765, -21.43253352088675 ] ] ] } },
{ "type": "Feature", "properties": { "idx": "48,47" }, "geometry": { "type": "Polygon", "coordinates": [ [ [ 133.865468266724974, -21.423106863654244 ], [ 133.879186926139482, -22.283161540905272 ], [ 134.818522068074913, -22.267359136405361 ], [ 134.797949595639324, -21.407397081102694 ], [ 133.865468266724974, -21.423106863654244 ] ] ] } },
{ "type": "Feature", "properties": { "idx": "49,47" }, "geometry": { "type": "Polygon", "coordinates": [ [ [ 134.797949595639324, -21.407397081102694 ], [ 134.818522068074913, -22.267359136405361 ], [ 135.757552524917401, -22.245238693953535 ], [ 135.7301328602735, -21.385406151307457 ], [ 134.797949595639324, -21.407397081102694 ] ] ] } },
{ "type": "Feature", "properties": { "idx": "50,47" }, "geometry": { "type": "Polygon", "coordinates": [ [ [ 135.7301328602735, -21.385406151307457 ], [ 135.757552524917401, -22.245238693953535 ], [ 136.69617704221119, -22.216803135015848 ], [ 136.661919002064479, -21.357136837918762 ], [ 135.7301328602735, -21.385406151307457 ] ] ] } },
{ "type": "Feature", "properties": { "idx": "51,47" }, "geometry": { "type": "Polygon", "coordinates": [ [ [ 136.661919002064479, -21.357136837918762 ], [ 136.69617704221119, -22.216803135015848 ], [ 137.634294628284067, -22.182056205625297 ], [ 137.59320921579527, -21.322592684519897 ], [ 136.661919002064479, -21.357136837918762 ] ] ] } },
{ "type": "Feature", "properties": { "idx": "52,47" }, "geometry": { "type": "Polygon", "coordinates": [ [ [ 137.59320921579527, -21.322592684519897 ], [ 137.634294628284067, -22.182056205625297 ], [ 138.571804619145382, -22.141002468810264 ], [ 138.523905012173429, -21.281778007395801 ], [ 137.59320921579527, -21.322592684519897 ] ] ] } },
{ "type": "Feature", "properties": { "idx": "53,47" }, "geometry": { "type": "Polygon", "coordinates": [ [ [ 138.523905012173429, -21.281778007395801 ], [ 138.571804619145382, -22.141002468810264 ], [ 139.508606742855477, -22.093647295378098 ], [ 139.453908279907381, -21.234697886728291 ], [ 138.523905012173429, -21.281778007395801 ] ] ] } },
{ "type": "Feature", "properties": { "idx": "54,47" }, "geometry": { "type": "Polygon", "coordinates": [ [ [ 139.453908279907381, -21.234697886728291 ], [ 139.508606742855477, -22.093647295378098 ], [ 140.444601183264666, -22.039996853074936 ], [ 140.383121347183675, -21.181358156238929 ], [ 139.453908279907381, -21.234697886728291 ] ] ] } },
{ "type": "Feature", "properties": { "idx": "55,47" }, "geometry": { "type": "Polygon", "coordinates": [ [ [ 140.383121347183675, -21.181358156238929 ], [ 140.444601183264666, -22.039996853074936 ], [ 141.379688643021467, -21.980058094147463 ], [ 141.311447042449373, -21.121765391302059 ], [ 140.383121347183675, -21.181358156238929 ] ] ] } },
{ "type": "Feature", "properties": { "idx": "56,47" }, "geometry": { "type": "Polygon", "coordinates": [ [ [ 141.311447042449373, -21.121765391302059 ], [ 141.379688643021467, -21.980058094147463 ], [ 142.31377040575137, -21.913838741336292 ], [ 142.238788754406528, -21.055926895555757 ], [ 141.311447042449373, -21.121765391302059 ] ] ] } },
{ "type": "Feature", "properties": { "idx": "57,47" }, "geometry": { "type": "Polygon", "coordinates": [ [ [ 142.238788754406528, -21.055926895555757 ], [ 142.31377040575137, -21.913838741336292 ], [ 143.246748397311507, -21.841347272332428 ], [ 143.165050491128142, -20.983850686039492 ], [ 142.238788754406528, -21.055926895555757 ] ] ] } },
{ "type": "Feature", "properties": { "idx": "58,47" }, "geometry": { "type": "Polygon", "coordinates": [ [ [ 143.165050491128142, -20.983850686039492 ], [ 143.246748397311507, -21.841347272332428 ], [ 144.178525246027249, -21.762592902733552 ], [ 144.090136938205973, -20.905545476892005 ], [ 143.165050491128142, -20.983850686039492 ] ] ] } },
{ "type": "Feature", "properties": { "idx": "59,47" }, "geometry": { "type": "Polygon", "coordinates": [ [ [ 144.090136938205973, -20.905545476892005 ], [ 144.178525246027249, -21.762592902733552 ], [ 145.109004341821844, -21.677585567538596 ], [ 145.013953515846055, -20.821020661645051 ], [ 144.090136938205973, -20.905545476892005 ] ] ] } },
{ "type": "Feature", "properties": { "idx": "60,47" }, "geometry": { "type": "Polygon", "coordinates": [ [ [ 145.013953515846055, -20.821020661645051 ], [ 145.109004341821844, -21.677585567538596 ], [ 146.038089894151057, -21.586335901221606 ], [ 145.936406434827916, -20.730286294150744 ], [ 145.013953515846055, -20.821020661645051 ] ] ] } },
{ "type": "Feature", "properties": { "idx": "61,47" }, "geometry": { "type": "Polygon", "coordinates": [ [ [ 145.936406434827916, -20.730286294150744 ], [ 146.038089894151057, -21.586335901221606 ], [ 146.965686988661304, -21.488855216429705 ], [ 146.857402751248941, -20.633353068183418 ], [ 145.936406434827916, -20.730286294150744 ] ] ] } },
{ "type": "Feature", "properties": { "idx": "62,47" }, "geometry": { "type": "Polygon", "coordinates": [ [ [ 146.857402751248941, -20.633353068183418 ], [ 146.965686988661304, -21.488855216429705 ], [ 147.891701642490034, -21.385155481350981 ], [ 147.776850419977649, -20.530232295758257 ], [ 146.857402751248941, -20.633353068183418 ] ] ] } },
{ "type": "Feature", "properties": { "idx": "63,47" }, "geometry": { "type": "Polygon", "coordinates": [ [ [ 147.776850419977649, -20.530232295758257 ], [ 147.891701642490034, -21.385155481350981 ], [ 148.816040858133761, -21.2752492958017 ], [ 148.694658346743779, -20.420935884211879 ], [ 147.776850419977649, -20.530232295758257 ] ] ] } },
{ "type": "Feature", "properties": { "idx": "64,47" }, "geometry": { "type": "Polygon", "coordinates": [ [ [ 148.694658346743779, -20.420935884211879 ], [ 148.816040858133761, -21.2752492958017 ], [ 149.738612675811197, -21.159149866081627 ], [ 149.610736438795954, -20.305476312090679 ], [ 148.694658346743779, -20.420935884211879 ] ] ] } },
{ "type": "Feature", "properties": { "idx": "65,47" }, "geometry": { "type": "Polygon", "coordinates": [ [ [ 149.610736438795954, -20.305476312090679 ], [ 149.738612675811197, -21.159149866081627 ], [ 150.659326224255267, -21.036870978651411 ], [ 150.524995654063503, -20.183866603894984 ], [ 149.610736438795954, -20.305476312090679 ] ] ] } },
{ "type": "Feature", "properties": { "idx": "66,47" }, "geometry": { "type": "Polygon", "coordinates": [ [ [ 150.524995654063503, -20.183866603894984 ], [ 150.659326224255267, -21.036870978651411 ], [ 151.578091769869332, -20.908426972683621 ], [ 151.437348048760697, -20.056120303727983 ], [ 150.524995654063503, -20.183866603894984 ] ] ] } },
{ "type": "Feature", "properties": { "idx": "67,47" }, "geometry": { "type": "Polygon", "coordinates": [ [ [ 151.437348048760697, -20.056120303727983 ], [ 151.578091769869332, -20.908426972683621 ], [ 152.494820764189996, -20.773832711542255 ], [ 152.347706823377791, -19.922251447899011 ], [ 151.437348048760697, -20.056120303727983 ] ] ] } },
{ "type": "Feature", "properties": { "idx": "68,47" }, "geometry": { "type": "Polygon", "coordinates": [ [ [ 152.347706823377791, -19.922251447899011 ], [ 152.494820764189996, -20.773832711542255 ], [ 153.409425889602318, -20.633103553246322 ], [ 153.25598636700721, -19.782274536532501 ], [ 152.347706823377791, -19.922251447899011 ] ] ] } },
{ "type": "Feature", "properties": { "idx": "27,48" }, "geometry": { "type": "Polygon", "coordinates": [ [ [ 114.515337923964637, -19.450167546377703 ], [ 114.389280725404049, -20.305475882944787 ], [ 115.305358808873109, -20.42093547636556 ], [ 115.425011332085035, -19.565018195045724 ], [ 114.515337923964637, -19.450167546377703 ] ] ] } },
{ "type": "Feature", "properties": { "idx": "28,48" }, "geometry": { "type": "Polygon", "coordinates": [ [ [ 115.425011332085035, -19.565018195045724 ], [ 115.305358808873109, -20.42093547636556 ], [ 116.223166727461731, -20.53023190941553 ], [ 116.336378063001234, -19.673734255427732 ], [ 115.425011332085035, -19.565018195045724 ] ] ] } },
{ "type": "Feature", "properties": { "idx": "29,48" }, "geometry": { "type": "Polygon", "coordinates": [ [ [ 116.336378063001234, -19.673734255427732 ], [ 116.223166727461731, -20.53023190941553 ], [ 117.142614388427859, -20.633352703538257 ], [ 117.249349841829172, -19.776303951841999 ], [ 116.336378063001234, -19.673734255427732 ] ] ] } },
{ "type": "Feature", "properties": { "idx": "30,48" }, "geometry": { "type": "Polygon", "coordinates": [ [ [ 117.249349841829172, -19.776303951841999 ], [ 117.142614388427859, -20.633352703538257 ], [ 118.063610697510072, -20.73028595138684 ], [ 118.16383742687141, -19.872716045494624 ], [ 117.249349841829172, -19.776303951841999 ] ] ] } },
{ "type": "Feature", "properties": { "idx": "31,48" }, "geometry": { "type": "Polygon", "coordinates": [ [ [ 118.16383742687141, -19.872716045494624 ], [ 118.063610697510072, -20.73028595138684 ], [ 118.986063609585401, -20.821020340935604 ], [ 119.079750658634453, -19.962959857635127 ], [ 118.16383742687141, -19.872716045494624 ] ] ] } },
{ "type": "Feature", "properties": { "idx": "32,48" }, "geometry": { "type": "Polygon", "coordinates": [ [ [ 119.079750658634453, -19.962959857635127 ], [ 118.986063609585401, -20.821020340935604 ], [ 119.909880180759203, -20.905545178399702 ], [ 119.996998510209096, -20.047025291555634 ], [ 119.079750658634453, -19.962959857635127 ] ] ] } },
{ "type": "Feature", "properties": { "idx": "33,48" }, "geometry": { "type": "Polygon", "coordinates": [ [ [ 119.996998510209096, -20.047025291555634 ], [ 119.909880180759203, -20.905545178399702 ], [ 120.834966621818523, -20.983850409915963 ], [ 120.915489138948629, -20.124902853392175 ], [ 119.996998510209096, -20.047025291555634 ] ] ] } },
{ "type": "Feature", "properties": { "idx": "34,48" }, "geometry": { "type": "Polygon", "coordinates": [ [ [ 120.915489138948629, -20.124902853392175 ], [ 120.834966621818523, -20.983850409915963 ], [ 121.76122835297646, -21.055926641941792 ], [ 121.83512993937596, -20.19658367168573 ], [ 120.915489138948629, -20.124902853392175 ] ] ] } },
{ "type": "Feature", "properties": { "idx": "35,48" }, "geometry": { "type": "Polygon", "coordinates": [ [ [ 121.83512993937596, -20.19658367168573 ], [ 121.76122835297646, -21.055926641941792 ], [ 122.688570059831292, -21.121765160327225 ], [ 122.755827597246764, -20.262059515665381 ], [ 121.83512993937596, -20.19658367168573 ] ] ] } },
{ "type": "Feature", "properties": { "idx": "36,48" }, "geometry": { "type": "Polygon", "coordinates": [ [ [ 122.755827597246764, -20.262059515665381 ], [ 122.688570059831292, -21.121765160327225 ], [ 123.616895750462007, -21.181357948021468 ], [ 123.677488144692987, -20.321322812214753 ], [ 122.755827597246764, -20.262059515665381 ] ] ] } },
{ "type": "Feature", "properties": { "idx": "37,48" }, "geometry": { "type": "Polygon", "coordinates": [ [ [ 123.677488144692987, -20.321322812214753 ], [ 123.616895750462007, -21.181357948021468 ], [ 124.546108813576268, -21.234697701375087 ], [ 124.600017016368255, -20.374366661487944 ], [ 123.677488144692987, -20.321322812214753 ] ] ] } },
{ "type": "Feature", "properties": { "idx": "38,48" }, "geometry": { "type": "Polygon", "coordinates": [ [ [ 124.600017016368255, -20.374366661487944 ], [ 124.546108813576268, -21.234697701375087 ], [ 125.476112077626013, -21.281777845002107 ], [ 125.523319106513213, -20.421184851141241 ], [ 124.600017016368255, -20.374366661487944 ] ] ] } },
{ "type": "Feature", "properties": { "idx": "39,48" }, "geometry": { "type": "Polygon", "coordinates": [ [ [ 125.523319106513213, -20.421184851141241 ], [ 125.476112077626013, -21.281777845002107 ], [ 126.406807870802183, -21.322592545169375 ], [ 126.447298826856667, -20.461771869151384 ], [ 125.523319106513213, -20.421184851141241 ] ] ] } },
{ "type": "Feature", "properties": { "idx": "40,48" }, "geometry": { "type": "Polygon", "coordinates": [ [ [ 126.447298826856667, -20.461771869151384 ], [ 126.406807870802183, -21.322592545169375 ], [ 127.338098081817051, -21.357136721683151 ], [ 127.371860165265815, -20.496122915191993 ], [ 126.447298826856667, -20.461771869151384 ] ] ] } },
{ "type": "Feature", "properties": { "idx": "41,48" }, "geometry": { "type": "Polygon", "coordinates": [ [ [ 127.371860165265815, -20.496122915191993 ], [ 127.338098081817051, -21.357136721683151 ], [ 128.26988422138146, -21.38540605824678 ], [ 128.296906745057157, -20.524233910544755 ], [ 127.371860165265815, -20.496122915191993 ] ] ] } },
{ "type": "Feature", "properties": { "idx": "42,48" }, "geometry": { "type": "Polygon", "coordinates": [ [ [ 128.296906745057157, -20.524233910544755 ], [ 128.26988422138146, -21.38540605824678 ], [ 129.202067484281059, -21.407397011265051 ], [ 129.222341884876471, -20.546101506522348 ], [ 128.296906745057157, -20.524233910544755 ] ] ] } },
{ "type": "Feature", "properties": { "idx": "43,48" }, "geometry": { "type": "Polygon", "coordinates": [ [ [ 129.222341884876471, -20.546101506522348 ], [ 129.202067484281059, -21.407397011265051 ], [ 130.134548811954915, -21.423106817075741 ], [ 130.148068659056804, -20.561723091386252 ], [ 129.222341884876471, -20.546101506522348 ] ] ] } },
{ "type": "Feature", "properties": { "idx": "44,48" }, "geometry": { "type": "Polygon", "coordinates": [ [ [ 130.148068659056804, -20.561723091386252 ], [ 130.134548811954915, -21.423106817075741 ], [ 131.067228955477276, -21.432533497591475 ], [ 131.073989958359306, -20.571096795742275 ], [ 130.148068659056804, -20.561723091386252 ] ] ] } },
{ "type": "Feature", "properties": { "idx": "45,48" }, "geometry": { "type": "Polygon", "coordinates": [ [ [ 131.073989958359306, -20.571096795742275 ], [ 131.067228955477276, -21.432533497591475 ], [ 132.000008538843304, -21.435675864339032 ], [ 132.000008551002992, -20.57422149640399 ], [ 131.073989958359306, -20.571096795742275 ] ] ] } },
{ "type": "Feature", "properties": { "idx": "46,48" }, "geometry": { "type": "Polygon", "coordinates": [ [ [ 132.000008551002992, -20.57422149640399 ], [ 132.000008538843304, -21.435675864339032 ], [ 132.932788122457765, -21.43253352088675 ], [ 132.926027143887495, -20.571096818714032 ], [ 132.000008551002992, -20.57422149640399 ] ] ] } },
{ "type": "Feature", "properties": { "idx": "47,48" }, "geometry": { "type": "Polygon", "coordinates": [ [ [ 132.926027143887495, -20.571096818714032 ], [ 132.932788122457765, -21.43253352088675 ], [ 133.865468266724974, -21.423106863654244 ], [ 133.851948443912079, -20.561723137318047 ], [ 132.926027143887495, -20.571096818714032 ] ] ] } },
{ "type": "Feature", "properties": { "idx": "48,48" }, "geometry": { "type": "Polygon", "coordinates": [ [ [ 133.851948443912079, -20.561723137318047 ], [ 133.865468266724974, -21.423106863654244 ], [ 134.797949595639324, -21.407397081102694 ], [ 134.77767521929502, -20.546101575390605 ], [ 133.851948443912079, -20.561723137318047 ] ] ] } },
{ "type": "Feature", "properties": { "idx": "49,48" }, "geometry": { "type": "Polygon", "coordinates": [ [ [ 134.77767521929502, -20.546101575390605 ], [ 134.797949595639324, -21.407397081102694 ], [ 135.7301328602735, -21.385406151307457 ], [ 135.703110360795932, -20.524234002314081 ], [ 134.77767521929502, -20.546101575390605 ] ] ] } },
{ "type": "Feature", "properties": { "idx": "50,48" }, "geometry": { "type": "Polygon", "coordinates": [ [ [ 135.703110360795932, -20.524234002314081 ], [ 135.7301328602735, -21.385406151307457 ], [ 136.661919002064479, -21.357136837918762 ], [ 136.628156942745875, -20.496123029815426 ], [ 135.703110360795932, -20.524234002314081 ] ] ] } },
{ "type": "Feature", "properties": { "idx": "51,48" }, "geometry": { "type": "Polygon", "coordinates": [ [ [ 136.628156942745875, -20.496123029815426 ], [ 136.661919002064479, -21.357136837918762 ], [ 137.59320921579527, -21.322592684519897 ], [ 137.552718283788096, -20.461772006570182 ], [ 136.628156942745875, -20.496123029815426 ] ] ] } },
{ "type": "Feature", "properties": { "idx": "52,48" }, "geometry": { "type": "Polygon", "coordinates": [ [ [ 137.552718283788096, -20.461772006570182 ], [ 137.59320921579527, -21.322592684519897 ], [ 138.523905012173429, -21.281778007395801 ], [ 138.476698007235996, -20.421185011285274 ], [ 137.552718283788096, -20.461772006570182 ] ] ] } },
{ "type": "Feature", "properties": { "idx": "53,48" }, "geometry": { "type": "Polygon", "coordinates": [ [ [ 138.476698007235996, -20.421185011285274 ], [ 138.523905012173429, -21.281778007395801 ], [ 139.453908279907381, -21.234697886728291 ], [ 139.400000100953093, -20.37436684427529 ], [ 138.476698007235996, -20.421185011285274 ] ] ] } },
{ "type": "Feature", "properties": { "idx": "54,48" }, "geometry": { "type": "Polygon", "coordinates": [ [ [ 139.400000100953093, -20.37436684427529 ], [ 139.453908279907381, -21.234697886728291 ], [ 140.383121347183675, -21.181358156238929 ], [ 140.322528976663989, -20.321323017552295 ], [ 139.400000100953093, -20.37436684427529 ] ] ] } },
{ "type": "Feature", "properties": { "idx": "55,48" }, "geometry": { "type": "Polygon", "coordinates": [ [ [ 140.322528976663989, -20.321323017552295 ], [ 140.383121347183675, -21.181358156238929 ], [ 141.311447042449373, -21.121765391302059 ], [ 141.244189528604579, -20.26205974344855 ], [ 140.322528976663989, -20.321323017552295 ] ] ] } },
{ "type": "Feature", "properties": { "idx": "56,48" }, "geometry": { "type": "Polygon", "coordinates": [ [ [ 141.244189528604579, -20.26205974344855 ], [ 141.311447042449373, -21.121765391302059 ], [ 142.238788754406528, -21.055926895555757 ], [ 142.164887191423304, -20.19658392179883 ], [ 141.244189528604579, -20.26205974344855 ] ] ] } },
{ "type": "Feature", "properties": { "idx": "57,48" }, "geometry": { "type": "Polygon", "coordinates": [ [ [ 142.164887191423304, -20.19658392179883 ], [ 142.238788754406528, -21.055926895555757 ], [ 143.165050491128142, -20.983850686039492 ], [ 143.084527997246255, -20.124903125708446 ], [ 142.164887191423304, -20.19658392179883 ] ] ] } },
{ "type": "Feature", "properties": { "idx": "58,48" }, "geometry": { "type": "Polygon", "coordinates": [ [ [ 143.084527997246255, -20.124903125708446 ], [ 143.165050491128142, -20.983850686039492 ], [ 144.090136938205973, -20.905545476892005 ], [ 144.003018631822869, -20.047025585937394 ], [ 143.084527997246255, -20.124903125708446 ] ] ] } },
{ "type": "Feature", "properties": { "idx": "59,48" }, "geometry": { "type": "Polygon", "coordinates": [ [ [ 144.003018631822869, -20.047025585937394 ], [ 144.090136938205973, -20.905545476892005 ], [ 145.013953515846055, -20.821020661645051 ], [ 144.920266489669359, -19.962960173933812 ], [ 144.003018631822869, -20.047025585937394 ] ] ] } },
{ "type": "Feature", "properties": { "idx": "60,48" }, "geometry": { "type": "Polygon", "coordinates": [ [ [ 144.920266489669359, -19.962960173933812 ], [ 145.013953515846055, -20.821020661645051 ], [ 145.936406434827916, -20.730286294150744 ], [ 145.836179728131782, -19.872716383551236 ], [ 144.920266489669359, -19.962960173933812 ] ] ] } },
{ "type": "Feature", "properties": { "idx": "61,48" }, "geometry": { "type": "Polygon", "coordinates": [ [ [ 145.836179728131782, -19.872716383551236 ], [ 145.936406434827916, -20.730286294150744 ], [ 146.857402751248941, -20.633353068183418 ], [ 146.750667320293331, -19.776304311486939 ], [ 145.836179728131782, -19.872716383551236 ] ] ] } },
{ "type": "Feature", "properties": { "idx": "62,48" }, "geometry": { "type": "Polygon", "coordinates": [ [ [ 146.750667320293331, -19.776304311486939 ], [ 146.857402751248941, -20.633353068183418 ], [ 147.776850419977649, -20.530232295758257 ], [ 147.66363910665234, -19.673734636481242 ], [ 146.750667320293331, -19.776304311486939 ] ] ] } },
{ "type": "Feature", "properties": { "idx": "63,48" }, "geometry": { "type": "Polygon", "coordinates": [ [ [ 147.66363910665234, -19.673734636481242 ], [ 147.776850419977649, -20.530232295758257 ], [ 148.694658346743779, -20.420935884211879 ], [ 148.575005845502943, -19.565018597317952 ], [ 147.66363910665234, -19.673734636481242 ] ] ] } },
{ "type": "Feature", "properties": { "idx": "64,48" }, "geometry": { "type": "Polygon", "coordinates": [ [ [ 148.575005845502943, -19.565018597317952 ], [ 148.694658346743779, -20.420935884211879 ], [ 149.610736438795954, -20.305476312090679 ], [ 149.484679261952181, -19.450167969668918 ], [ 148.575005845502943, -19.565018597317952 ] ] ] } },
{ "type": "Feature", "properties": { "idx": "65,48" }, "geometry": { "type": "Polygon", "coordinates": [ [ [ 149.484679261952181, -19.450167969668918 ], [ 149.610736438795954, -20.305476312090679 ], [ 150.524995654063503, -20.183866603894984 ], [ 150.392572095511866, -19.329195041826882 ], [ 149.484679261952181, -19.450167969668918 ] ] ] } },
{ "type": "Feature", "properties": { "idx": "66,48" }, "geometry": { "type": "Polygon", "coordinates": [ [ [ 150.392572095511866, -19.329195041826882 ], [ 150.524995654063503, -20.183866603894984 ], [ 151.437348048760697, -20.056120303727983 ], [ 151.298598146207325, -19.202112589371065 ], [ 150.392572095511866, -19.329195041826882 ] ] ] } },
{ "type": "Feature", "properties": { "idx": "27,49" }, "geometry": { "type": "Polygon", "coordinates": [ [ [ 114.639614362225529, -18.5930636652975 ], [ 114.515337923964637, -19.450167546377703 ], [ 115.425011332085035, -19.565018195045724 ], [ 115.542970363178995, -18.707335559106841 ], [ 114.639614362225529, -18.5930636652975 ] ] ] } },
{ "type": "Feature", "properties": { "idx": "28,49" }, "geometry": { "type": "Polygon", "coordinates": [ [ [ 115.542970363178995, -18.707335559106841 ], [ 115.425011332085035, -19.565018195045724 ], [ 116.336378063001234, -19.673734255427732 ], [ 116.447984189256672, -18.815499952639289 ], [ 115.542970363178995, -18.707335559106841 ] ] ] } },
{ "type": "Feature", "properties": { "idx": "29,49" }, "geometry": { "type": "Polygon", "coordinates": [ [ [ 116.447984189256672, -18.815499952639289 ], [ 116.336378063001234, -19.673734255427732 ], [ 117.249349841829172, -19.776303951841999 ], [ 117.354569335830803, -18.917545750029443 ], [ 116.447984189256672, -18.815499952639289 ] ] ] } },
{ "type": "Feature", "properties": { "idx": "30,49" }, "geometry": { "type": "Polygon", "coordinates": [ [ [ 117.354569335830803, -18.917545750029443 ], [ 117.249349841829172, -19.776303951841999 ], [ 118.16383742687141, -19.872716045494624 ], [ 118.262638364740738, -19.013462358859847 ], [ 117.354569335830803, -18.917545750029443 ] ] ] } },
{ "type": "Feature", "properties": { "idx": "31,49" }, "geometry": { "type": "Polygon", "coordinates": [ [ [ 118.262638364740738, -19.013462358859847 ], [ 118.16383742687141, -19.872716045494624 ], [ 119.079750658634453, -19.962959857635127 ], [ 119.17210295173102, -19.103239712431389 ], [ 118.262638364740738, -19.013462358859847 ] ] ] } },
{ "type": "Feature", "properties": { "idx": "32,49" }, "geometry": { "type": "Polygon", "coordinates": [ [ [ 119.17210295173102, -19.103239712431389 ], [ 119.079750658634453, -19.962959857635127 ], [ 119.996998510209096, -20.047025291555634 ], [ 120.082873935187905, -19.186868290911008 ], [ 119.17210295173102, -19.103239712431389 ] ] ] } },
{ "type": "Feature", "properties": { "idx": "33,49" }, "geometry": { "type": "Polygon", "coordinates": [ [ [ 120.082873935187905, -19.186868290911008 ], [ 119.996998510209096, -20.047025291555634 ], [ 120.915489138948629, -20.124902853392175 ], [ 120.99486136611209, -19.264339141317745 ], [ 120.082873935187905, -19.186868290911008 ] ] ] } },
{ "type": "Feature", "properties": { "idx": "34,49" }, "geometry": { "type": "Polygon", "coordinates": [ [ [ 120.99486136611209, -19.264339141317745 ], [ 120.915489138948629, -20.124902853392175 ], [ 121.83512993937596, -20.19658367168573 ], [ 121.907974559260495, -19.33564389631016 ], [ 120.99486136611209, -19.264339141317745 ] ] ] } },
{ "type": "Feature", "properties": { "idx": "35,49" }, "geometry": { "type": "Polygon", "coordinates": [ [ [ 121.907974559260495, -19.33564389631016 ], [ 121.83512993937596, -20.19658367168573 ], [ 122.755827597246764, -20.262059515665381 ], [ 122.822122145389301, -19.400774791737799 ], [ 121.907974559260495, -19.33564389631016 ] ] ] } },
{ "type": "Feature", "properties": { "idx": "36,49" }, "geometry": { "type": "Polygon", "coordinates": [ [ [ 122.822122145389301, -19.400774791737799 ], [ 122.755827597246764, -20.262059515665381 ], [ 123.677488144692987, -20.321322812214753 ], [ 123.737212124524632, -19.4597246829236 ], [ 122.822122145389301, -19.400774791737799 ] ] ] } },
{ "type": "Feature", "properties": { "idx": "37,49" }, "geometry": { "type": "Polygon", "coordinates": [ [ [ 123.737212124524632, -19.4597246829236 ], [ 123.677488144692987, -20.321322812214753 ], [ 124.600017016368255, -20.374366661487944 ], [ 124.653151920186758, -19.512487059644599 ], [ 123.737212124524632, -19.4597246829236 ] ] ] } },
{ "type": "Feature", "properties": { "idx": "38,49" }, "geometry": { "type": "Polygon", "coordinates": [ [ [ 124.653151920186758, -19.512487059644599 ], [ 124.600017016368255, -20.374366661487944 ], [ 125.523319106513213, -20.421184851141241 ], [ 125.569848434489359, -19.559056059780804 ], [ 124.653151920186758, -19.512487059644599 ] ] ] } },
{ "type": "Feature", "properties": { "idx": "39,49" }, "geometry": { "type": "Polygon", "coordinates": [ [ [ 125.569848434489359, -19.559056059780804 ], [ 125.523319106513213, -20.421184851141241 ], [ 126.447298826856667, -20.461771869151384 ], [ 126.487208104033982, -19.599426481604691 ], [ 125.569848434489359, -19.559056059780804 ] ] ] } },
{ "type": "Feature", "properties": { "idx": "40,49" }, "geometry": { "type": "Polygon", "coordinates": [ [ [ 126.487208104033982, -19.599426481604691 ], [ 126.447298826856667, -20.461771869151384 ], [ 127.371860165265815, -20.496122915191993 ], [ 127.405136956517083, -19.633593794686174 ], [ 126.487208104033982, -19.599426481604691 ] ] ] } },
{ "type": "Feature", "properties": { "idx": "41,49" }, "geometry": { "type": "Polygon", "coordinates": [ [ [ 127.405136956517083, -19.633593794686174 ], [ 127.371860165265815, -20.496122915191993 ], [ 128.296906745057157, -20.524233910544755 ], [ 128.323540667964892, -19.661554149390277 ], [ 127.405136956517083, -19.633593794686174 ] ] ] } },
{ "type": "Feature", "properties": { "idx": "42,49" }, "geometry": { "type": "Polygon", "coordinates": [ [ [ 128.323540667964892, -19.661554149390277 ], [ 128.296906745057157, -20.524233910544755 ], [ 129.222341884876471, -20.546101506522348 ], [ 129.242324620510431, -19.683304384947849 ], [ 128.323540667964892, -19.661554149390277 ] ] ] } },
{ "type": "Feature", "properties": { "idx": "43,49" }, "geometry": { "type": "Polygon", "coordinates": [ [ [ 129.242324620510431, -19.683304384947849 ], [ 129.222341884876471, -20.546101506522348 ], [ 130.148068659056804, -20.561723091386252 ], [ 130.16139396062357, -19.698842036082652 ], [ 129.242324620510431, -19.683304384947849 ] ] ] } },
{ "type": "Feature", "properties": { "idx": "44,49" }, "geometry": { "type": "Polygon", "coordinates": [ [ [ 130.16139396062357, -19.698842036082652 ], [ 130.148068659056804, -20.561723091386252 ], [ 131.073989958359306, -20.571096795742275 ], [ 131.080653657706733, -19.708165338179622 ], [ 130.16139396062357, -19.698842036082652 ] ] ] } },
{ "type": "Feature", "properties": { "idx": "45,49" }, "geometry": { "type": "Polygon", "coordinates": [ [ [ 131.080653657706733, -19.708165338179622 ], [ 131.073989958359306, -20.571096795742275 ], [ 132.000008551002992, -20.57422149640399 ], [ 132.000008562964211, -19.711273230985519 ], [ 131.080653657706733, -19.708165338179622 ] ] ] } },
{ "type": "Feature", "properties": { "idx": "46,49" }, "geometry": { "type": "Polygon", "coordinates": [ [ [ 132.000008562964211, -19.711273230985519 ], [ 132.000008551002992, -20.57422149640399 ], [ 132.926027143887495, -20.571096818714032 ], [ 132.919363468455145, -19.708165360831305 ], [ 132.000008562964211, -19.711273230985519 ] ] ] } },
{ "type": "Feature", "properties": { "idx": "47,49" }, "geometry": { "type": "Polygon", "coordinates": [ [ [ 132.919363468455145, -19.708165360831305 ], [ 132.926027143887495, -20.571096818714032 ], [ 133.851948443912079, -20.561723137318047 ], [ 133.838623166238563, -19.698842081374462 ], [ 132.919363468455145, -19.708165360831305 ] ] ] } },
{ "type": "Feature", "properties": { "idx": "48,49" }, "geometry": { "type": "Polygon", "coordinates": [ [ [ 133.838623166238563, -19.698842081374462 ], [ 133.851948443912079, -20.561723137318047 ], [ 134.77767521929502, -20.546101575390605 ], [ 134.757692507517817, -19.683304452856781 ], [ 133.838623166238563, -19.698842081374462 ] ] ] } },
{ "type": "Feature", "properties": { "idx": "49,49" }, "geometry": { "type": "Polygon", "coordinates": [ [ [ 134.757692507517817, -19.683304452856781 ], [ 134.77767521929502, -20.546101575390605 ], [ 135.703110360795932, -20.524234002314081 ], [ 135.676476461694023, -19.661554239881731 ], [ 134.757692507517817, -19.683304452856781 ] ] ] } },
{ "type": "Feature", "properties": { "idx": "50,49" }, "geometry": { "type": "Polygon", "coordinates": [ [ [ 135.676476461694023, -19.661554239881731 ], [ 135.703110360795932, -20.524234002314081 ], [ 136.628156942745875, -20.496123029815426 ], [ 136.594880175235176, -19.633593907714129 ], [ 135.676476461694023, -19.661554239881731 ] ] ] } },
{ "type": "Feature", "properties": { "idx": "51,49" }, "geometry": { "type": "Polygon", "coordinates": [ [ [ 136.594880175235176, -19.633593907714129 ], [ 136.628156942745875, -20.496123029815426 ], [ 137.552718283788096, -20.461772006570182 ], [ 137.51280903027174, -19.599426617111792 ], [ 136.594880175235176, -19.633593907714129 ] ] ] } },
{ "type": "Feature", "properties": { "idx": "52,49" }, "geometry": { "type": "Polygon", "coordinates": [ [ [ 137.51280903027174, -19.599426617111792 ], [ 137.552718283788096, -20.461772006570182 ], [ 138.476698007235996, -20.421185011285274 ], [ 138.430168702827075, -19.559056217698291 ], [ 137.51280903027174, -19.599426617111792 ] ] ] } },
{ "type": "Feature", "properties": { "idx": "53,49" }, "geometry": { "type": "Polygon", "coordinates": [ [ [ 138.430168702827075, -19.559056217698291 ], [ 138.476698007235996, -20.421185011285274 ], [ 139.400000100953093, -20.37436684427529 ], [ 139.346865220594054, -19.512487239892479 ], [ 138.430168702827075, -19.559056217698291 ] ] ] } },
{ "type": "Feature", "properties": { "idx": "54,49" }, "geometry": { "type": "Polygon", "coordinates": [ [ [ 139.346865220594054, -19.512487239892479 ], [ 139.400000100953093, -20.37436684427529 ], [ 140.322528976663989, -20.321323017552295 ], [ 140.262805020170276, -19.459724885410665 ], [ 139.346865220594054, -19.512487239892479 ] ] ] } },
{ "type": "Feature", "properties": { "idx": "55,49" }, "geometry": { "type": "Polygon", "coordinates": [ [ [ 140.262805020170276, -19.459724885410665 ], [ 140.322528976663989, -20.321323017552295 ], [ 141.244189528604579, -20.26205974344855 ], [ 141.177895003664872, -19.400775016361816 ], [ 140.262805020170276, -19.459724885410665 ] ] ] } },
{ "type": "Feature", "properties": { "idx": "56,49" }, "geometry": { "type": "Polygon", "coordinates": [ [ [ 141.177895003664872, -19.400775016361816 ], [ 141.244189528604579, -20.26205974344855 ], [ 142.164887191423304, -20.19658392179883 ], [ 142.092042594593067, -19.335644142957896 ], [ 141.177895003664872, -19.400775016361816 ] ] ] } },
{ "type": "Feature", "properties": { "idx": "57,49" }, "geometry": { "type": "Polygon", "coordinates": [ [ [ 142.092042594593067, -19.335644142957896 ], [ 142.164887191423304, -20.19658392179883 ], [ 143.084527997246255, -20.124903125708446 ], [ 143.005155792975501, -19.264339409865119 ], [ 142.092042594593067, -19.335644142957896 ] ] ] } },
{ "type": "Feature", "properties": { "idx": "58,49" }, "geometry": { "type": "Polygon", "coordinates": [ [ [ 143.005155792975501, -19.264339409865119 ], [ 143.084527997246255, -20.124903125708446 ], [ 144.003018631822869, -20.047025585937394 ], [ 143.917143229562328, -19.186868581223269 ], [ 143.005155792975501, -19.264339409865119 ] ] ] } },
{ "type": "Feature", "properties": { "idx": "59,49" }, "geometry": { "type": "Polygon", "coordinates": [ [ [ 143.917143229562328, -19.186868581223269 ], [ 144.003018631822869, -20.047025585937394 ], [ 144.920266489669359, -19.962960173933812 ], [ 144.827914219104059, -19.103240024363249 ], [ 143.917143229562328, -19.186868581223269 ] ] ] } },
{ "type": "Feature", "properties": { "idx": "60,49" }, "geometry": { "type": "Polygon", "coordinates": [ [ [ 144.827914219104059, -19.103240024363249 ], [ 144.920266489669359, -19.962960173933812 ], [ 145.836179728131782, -19.872716383551236 ], [ 145.737378812594443, -19.013462692255558 ], [ 144.827914219104059, -19.103240024363249 ] ] ] } },
{ "type": "Feature", "properties": { "idx": "61,49" }, "geometry": { "type": "Polygon", "coordinates": [ [ [ 145.737378812594443, -19.013462692255558 ], [ 145.836179728131782, -19.872716383551236 ], [ 146.750667320293331, -19.776304311486939 ], [ 146.645447848412516, -18.917546104723087 ], [ 145.737378812594443, -19.013462692255558 ] ] ] } },
{ "type": "Feature", "properties": { "idx": "62,49" }, "geometry": { "type": "Polygon", "coordinates": [ [ [ 146.645447848412516, -18.917546104723087 ], [ 146.750667320293331, -19.776304311486939 ], [ 147.66363910665234, -19.673734636481242 ], [ 147.552033002295019, -18.815500328454952 ], [ 146.645447848412516, -18.917546104723087 ] ] ] } },
{ "type": "Feature", "properties": { "idx": "63,49" }, "geometry": { "type": "Polygon", "coordinates": [ [ [ 147.552033002295019, -18.815500328454952 ], [ 147.66363910665234, -19.673734636481242 ], [ 148.575005845502943, -19.565018597317952 ], [ 148.457046836073175, -18.7073359558586 ], [ 147.552033002295019, -18.815500328454952 ] ] ] } },
{ "type": "Feature", "properties": { "idx": "64,49" }, "geometry": { "type": "Polygon", "coordinates": [ [ [ 148.457046836073175, -18.7073359558586 ], [ 148.575005845502943, -19.565018597317952 ], [ 149.484679261952181, -19.450167969668918 ], [ 149.360402845110684, -18.593064082789827 ], [ 148.457046836073175, -18.7073359558586 ] ] ] } },
{ "type": "Feature", "properties": { "idx": "65,49" }, "geometry": { "type": "Polygon", "coordinates": [ [ [ 149.360402845110684, -18.593064082789827 ], [ 149.484679261952181, -19.450167969668918 ], [ 150.392572095511866, -19.329195041826882 ], [ 150.262015504384209, -18.472696285200652 ], [ 149.360402845110684, -18.593064082789827 ] ] ] } },
{ "type": "Feature", "properties": { "idx": "31,50" }, "geometry": { "type": "Polygon", "coordinates": [ [ [ 118.360043604756427, -18.152361876015789 ], [ 118.262638364740738, -19.013462358859847 ], [ 119.17210295173102, -19.103239712431389 ], [ 119.263148716934367, -18.241696340237212 ], [ 118.360043604756427, -18.152361876015789 ] ] ] } },
{ "type": "Feature", "properties": { "idx": "32,50" }, "geometry": { "type": "Polygon", "coordinates": [ [ [ 119.263148716934367, -18.241696340237212 ], [ 119.17210295173102, -19.103239712431389 ], [ 120.082873935187905, -19.186868290911008 ], [ 120.167532789814587, -18.324910092820488 ], [ 119.263148716934367, -18.241696340237212 ] ] ] } },
{ "type": "Feature", "properties": { "idx": "33,50" }, "geometry": { "type": "Polygon", "coordinates": [ [ [ 120.167532789814587, -18.324910092820488 ], [ 120.082873935187905, -19.186868290911008 ], [ 120.99486136611209, -19.264339141317745 ], [ 121.073107716891244, -18.401994703965986 ], [ 120.167532789814587, -18.324910092820488 ] ] ] } },
{ "type": "Feature", "properties": { "idx": "34,50" }, "geometry": { "type": "Polygon", "coordinates": [ [ [ 121.073107716891244, -18.401994703965986 ], [ 120.99486136611209, -19.264339141317745 ], [ 121.907974559260495, -19.33564389631016 ], [ 121.979784680900735, -18.472942293810835 ], [ 121.073107716891244, -18.401994703965986 ] ] ] } },
{ "type": "Feature", "properties": { "idx": "35,50" }, "geometry": { "type": "Polygon", "coordinates": [ [ [ 121.979784680900735, -18.472942293810835 ], [ 121.907974559260495, -19.33564389631016 ], [ 122.822122145389301, -19.400774791737799 ], [ 122.887474204316192, -18.53774554930472 ], [ 121.979784680900735, -18.472942293810835 ] ] ] } },
{ "type": "Feature", "properties": { "idx": "36,50" }, "geometry": { "type": "Polygon", "coordinates": [ [ [ 122.887474204316192, -18.53774554930472 ], [ 122.822122145389301, -19.400774791737799 ], [ 123.737212124524632, -19.4597246829236 ], [ 123.796086200820966, -18.596397739859103 ], [ 122.887474204316192, -18.53774554930472 ] ] ] } },
{ "type": "Feature", "properties": { "idx": "37,50" }, "geometry": { "type": "Polygon", "coordinates": [ [ [ 123.796086200820966, -18.596397739859103 ], [ 123.737212124524632, -19.4597246829236 ], [ 124.653151920186758, -19.512487059644599 ], [ 124.705530027689235, -18.648892731740311 ], [ 123.796086200820966, -18.596397739859103 ] ] ] } },
{ "type": "Feature", "properties": { "idx": "38,50" }, "geometry": { "type": "Polygon", "coordinates": [ [ [ 124.705530027689235, -18.648892731740311 ], [ 124.653151920186758, -19.512487059644599 ], [ 125.569848434489359, -19.559056059780804 ], [ 125.615714538999512, -18.695225001179605 ], [ 124.705530027689235, -18.648892731740311 ] ] ] } },
{ "type": "Feature", "properties": { "idx": "39,50" }, "geometry": { "type": "Polygon", "coordinates": [ [ [ 125.615714538999512, -18.695225001179605 ], [ 125.569848434489359, -19.559056059780804 ], [ 126.487208104033982, -19.599426481604691 ], [ 126.52654813960514, -18.735389646173605 ], [ 125.615714538999512, -18.695225001179605 ] ] ] } },
{ "type": "Feature", "properties": { "idx": "40,50" }, "geometry": { "type": "Polygon", "coordinates": [ [ [ 126.52654813960514, -18.735389646173605 ], [ 126.487208104033982, -19.599426481604691 ], [ 127.405136956517083, -19.633593794686174 ], [ 127.437938839782291, -18.769382396952899 ], [ 126.52654813960514, -18.735389646173605 ] ] ] } },
{ "type": "Feature", "properties": { "idx": "41,50" }, "geometry": { "type": "Polygon", "coordinates": [ [ [ 127.437938839782291, -18.769382396952899 ], [ 127.405136956517083, -19.633593794686174 ], [ 128.323540667964892, -19.661554149390277 ], [ 128.349794310475801, -18.797199625097985 ], [ 127.437938839782291, -18.769382396952899 ] ] ] } },
{ "type": "Feature", "properties": { "idx": "42,50" }, "geometry": { "type": "Polygon", "coordinates": [ [ [ 128.349794310475801, -18.797199625097985 ], [ 128.323540667964892, -19.661554149390277 ], [ 129.242324620510431, -19.683304384947849 ], [ 129.262021939060133, -18.818838351283841 ], [ 128.349794310475801, -18.797199625097985 ] ] ] } },
{ "type": "Feature", "properties": { "idx": "43,50" }, "geometry": { "type": "Polygon", "coordinates": [ [ [ 129.262021939060133, -18.818838351283841 ], [ 129.242324620510431, -19.683304384947849 ], [ 130.16139396062357, -19.698842036082652 ], [ 130.174528885532169, -18.834296251637934 ], [ 129.262021939060133, -18.818838351283841 ] ] ] } },
{ "type": "Feature", "properties": { "idx": "44,50" }, "geometry": { "type": "Polygon", "coordinates": [ [ [ 130.174528885532169, -18.834296251637934 ], [ 130.16139396062357, -19.698842036082652 ], [ 131.080653657706733, -19.708165338179622 ], [ 131.087222139050709, -18.84357166269929 ], [ 130.174528885532169, -18.834296251637934 ] ] ] } },
{ "type": "Feature", "properties": { "idx": "45,50" }, "geometry": { "type": "Polygon", "coordinates": [ [ [ 131.087222139050709, -18.84357166269929 ], [ 131.080653657706733, -19.708165338179622 ], [ 132.000008562964211, -19.711273230985519 ], [ 132.000008574737024, -18.846663584967249 ], [ 131.087222139050709, -18.84357166269929 ] ] ] } },
{ "type": "Feature", "properties": { "idx": "46,50" }, "geometry": { "type": "Polygon", "coordinates": [ [ [ 132.000008574737024, -18.846663584967249 ], [ 132.000008562964211, -19.711273230985519 ], [ 132.919363468455145, -19.708165360831305 ], [ 132.91279501064983, -18.843571685034114 ], [ 132.000008574737024, -18.846663584967249 ] ] ] } },
{ "type": "Feature", "properties": { "idx": "47,50" }, "geometry": { "type": "Polygon", "coordinates": [ [ [ 132.91279501064983, -18.843571685034114 ], [ 132.919363468455145, -19.708165360831305 ], [ 133.838623166238563, -19.698842081374462 ], [ 133.825488264847593, -18.834296296296344 ], [ 132.91279501064983, -18.843571685034114 ] ] ] } },
{ "type": "Feature", "properties": { "idx": "48,50" }, "geometry": { "type": "Polygon", "coordinates": [ [ [ 133.825488264847593, -18.834296296296344 ], [ 133.838623166238563, -19.698842081374462 ], [ 134.757692507517817, -19.683304452856781 ], [ 134.737995212450727, -18.81883841824326 ], [ 133.825488264847593, -18.834296296296344 ] ] ] } },
{ "type": "Feature", "properties": { "idx": "49,50" }, "geometry": { "type": "Polygon", "coordinates": [ [ [ 134.737995212450727, -18.81883841824326 ], [ 134.757692507517817, -19.683304452856781 ], [ 135.676476461694023, -19.661554239881731 ], [ 135.650222842616785, -18.797199714324609 ], [ 134.737995212450727, -18.81883841824326 ] ] ] } },
{ "type": "Feature", "properties": { "idx": "50,50" }, "geometry": { "type": "Polygon", "coordinates": [ [ [ 135.650222842616785, -18.797199714324609 ], [ 135.676476461694023, -19.661554239881731 ], [ 136.594880175235176, -19.633593907714129 ], [ 136.562078315340841, -18.769382508401737 ], [ 135.650222842616785, -18.797199714324609 ] ] ] } },
{ "type": "Feature", "properties": { "idx": "51,50" }, "geometry": { "type": "Polygon", "coordinates": [ [ [ 136.562078315340841, -18.769382508401737 ], [ 136.594880175235176, -19.633593907714129 ], [ 137.51280903027174, -19.599426617111792 ], [ 137.473469017994915, -18.735389779788456 ], [ 136.562078315340841, -18.769382508401737 ] ] ] } },
{ "type": "Feature", "properties": { "idx": "52,50" }, "geometry": { "type": "Polygon", "coordinates": [ [ [ 137.473469017994915, -18.735389779788456 ], [ 137.51280903027174, -19.599426617111792 ], [ 138.430168702827075, -19.559056217698291 ], [ 138.384302621521101, -18.695225156893265 ], [ 137.473469017994915, -18.735389779788456 ] ] ] } },
{ "type": "Feature", "properties": { "idx": "53,50" }, "geometry": { "type": "Polygon", "coordinates": [ [ [ 138.384302621521101, -18.695225156893265 ], [ 138.430168702827075, -19.559056217698291 ], [ 139.346865220594054, -19.512487239892479 ], [ 139.294487136192203, -18.648892909474423 ], [ 138.384302621521101, -18.695225156893265 ] ] ] } },
{ "type": "Feature", "properties": { "idx": "54,50" }, "geometry": { "type": "Polygon", "coordinates": [ [ [ 139.294487136192203, -18.648892909474423 ], [ 139.346865220594054, -19.512487239892479 ], [ 140.262805020170276, -19.459724885410665 ], [ 140.203930966857683, -18.596397939524458 ], [ 139.294487136192203, -18.648892909474423 ] ] ] } },
{ "type": "Feature", "properties": { "idx": "55,50" }, "geometry": { "type": "Polygon", "coordinates": [ [ [ 140.203930966857683, -18.596397939524458 ], [ 140.262805020170276, -19.459724885410665 ], [ 141.177895003664872, -19.400775016361816 ], [ 141.112542967591764, -18.537745770801294 ], [ 140.203930966857683, -18.596397939524458 ] ] ] } },
{ "type": "Feature", "properties": { "idx": "56,50" }, "geometry": { "type": "Polygon", "coordinates": [ [ [ 141.112542967591764, -18.537745770801294 ], [ 141.177895003664872, -19.400775016361816 ], [ 142.092042594593067, -19.335644142957896 ], [ 142.020232495663805, -18.472942537027823 ], [ 141.112542967591764, -18.537745770801294 ] ] ] } },
{ "type": "Feature", "properties": { "idx": "57,50" }, "geometry": { "type": "Polygon", "coordinates": [ [ [ 142.020232495663805, -18.472942537027823 ], [ 142.092042594593067, -19.335644142957896 ], [ 143.005155792975501, -19.264339409865119 ], [ 142.926909464751787, -18.401994968781977 ], [ 142.020232495663805, -18.472942537027823 ] ] ] } },
{ "type": "Feature", "properties": { "idx": "58,50" }, "geometry": { "type": "Polygon", "coordinates": [ [ [ 142.926909464751787, -18.401994968781977 ], [ 143.005155792975501, -19.264339409865119 ], [ 143.917143229562328, -19.186868581223269 ], [ 143.832484397323299, -18.324910379103564 ], [ 142.926909464751787, -18.401994968781977 ] ] ] } },
{ "type": "Feature", "properties": { "idx": "59,50" }, "geometry": { "type": "Polygon", "coordinates": [ [ [ 143.832484397323299, -18.324910379103564 ], [ 143.917143229562328, -19.186868581223269 ], [ 144.827914219104059, -19.103240024363249 ], [ 144.736868476108441, -18.241696647845149 ], [ 143.832484397323299, -18.324910379103564 ] ] ] } },
{ "type": "Feature", "properties": { "idx": "60,50" }, "geometry": { "type": "Polygon", "coordinates": [ [ [ 144.736868476108441, -18.241696647845149 ], [ 144.827914219104059, -19.103240024363249 ], [ 145.737378812594443, -19.013462692255558 ], [ 145.639973594594778, -18.152362204796191 ], [ 144.736868476108441, -18.241696647845149 ] ] ] } },
{ "type": "Feature", "properties": { "idx": "61,50" }, "geometry": { "type": "Polygon", "coordinates": [ [ [ 145.639973594594778, -18.152362204796191 ], [ 145.737378812594443, -19.013462692255558 ], [ 146.645447848412516, -18.917546104723087 ], [ 146.541712406473835, -18.056916011612497 ], [ 145.639973594594778, -18.152362204796191 ] ] ] } },
{ "type": "Feature", "properties": { "idx": "62,50" }, "geometry": { "type": "Polygon", "coordinates": [ [ [ 146.541712406473835, -18.056916011612497 ], [ 146.645447848412516, -18.917546104723087 ], [ 147.552033002295019, -18.815500328454952 ], [ 147.441998373973689, -17.955367542583751 ], [ 146.541712406473835, -18.056916011612497 ] ] ] } },
{ "type": "Feature", "properties": { "idx": "63,50" }, "geometry": { "type": "Polygon", "coordinates": [ [ [ 147.441998373973689, -17.955367542583751 ], [ 147.552033002295019, -18.815500328454952 ], [ 148.457046836073175, -18.7073359558586 ], [ 148.340745815014657, -17.847726764273549 ], [ 147.441998373973689, -17.955367542583751 ] ] ] } },
{ "type": "Feature", "properties": { "idx": "33,51" }, "geometry": { "type": "Polygon", "coordinates": [ [ [ 120.251000671597851, -17.460986830666339 ], [ 120.167532789814587, -18.324910092820488 ], [ 121.073107716891244, -18.401994703965986 ], [ 121.150251920525065, -17.53770523308566 ], [ 120.251000671597851, -17.460986830666339 ] ] ] } },
{ "type": "Feature", "properties": { "idx": "34,51" }, "geometry": { "type": "Polygon", "coordinates": [ [ [ 121.150251920525065, -17.53770523308566 ], [ 121.073107716891244, -18.401994703965986 ], [ 121.979784680900735, -18.472942293810835 ], [ 122.050582141519897, -17.608314144865762 ], [ 121.150251920525065, -17.53770523308566 ] ] ] } },
{ "type": "Feature", "properties": { "idx": "35,51" }, "geometry": { "type": "Polygon", "coordinates": [ [ [ 122.050582141519897, -17.608314144865762 ], [ 121.979784680900735, -18.472942293810835 ], [ 122.887474204316192, -18.53774554930472 ], [ 122.951903697287207, -17.672806689698618 ], [ 122.050582141519897, -17.608314144865762 ] ] ] } },
{ "type": "Feature", "properties": { "idx": "36,51" }, "geometry": { "type": "Polygon", "coordinates": [ [ [ 122.951903697287207, -17.672806689698618 ], [ 122.887474204316192, -18.53774554930472 ], [ 123.796086200820966, -18.596397739859103 ], [ 123.854128362774546, -17.731176537807453 ], [ 122.951903697287207, -17.672806689698618 ] ] ] } },
{ "type": "Feature", "properties": { "idx": "37,51" }, "geometry": { "type": "Polygon", "coordinates": [ [ [ 123.854128362774546, -17.731176537807453 ], [ 123.796086200820966, -18.596397739859103 ], [ 124.705530027689235, -18.648892731740311 ], [ 124.757167375783553, -17.783417919796737 ], [ 123.854128362774546, -17.731176537807453 ] ] ] } },
{ "type": "Feature", "properties": { "idx": "38,51" }, "geometry": { "type": "Polygon", "coordinates": [ [ [ 124.757167375783553, -17.783417919796737 ], [ 124.705530027689235, -18.648892731740311 ], [ 125.615714538999512, -18.695225001179605 ], [ 125.660931488374359, -17.829525639263696 ], [ 124.757167375783553, -17.783417919796737 ] ] ] } },
{ "type": "Feature", "properties": { "idx": "39,51" }, "geometry": { "type": "Polygon", "coordinates": [ [ [ 125.660931488374359, -17.829525639263696 ], [ 125.615714538999512, -18.695225001179605 ], [ 126.52654813960514, -18.735389646173605 ], [ 126.565331018990378, -17.869495084147161 ], [ 125.660931488374359, -17.829525639263696 ] ] ] } },
{ "type": "Feature", "properties": { "idx": "40,51" }, "geometry": { "type": "Polygon", "coordinates": [ [ [ 126.565331018990378, -17.869495084147161 ], [ 126.52654813960514, -18.735389646173605 ], [ 127.437938839782291, -18.769382396952899 ], [ 127.470275905228206, -17.903322236792715 ], [ 126.565331018990378, -17.869495084147161 ] ] ] } },
{ "type": "Feature", "properties": { "idx": "41,51" }, "geometry": { "type": "Polygon", "coordinates": [ [ [ 127.470275905228206, -17.903322236792715 ], [ 127.437938839782291, -18.769382396952899 ], [ 128.349794310475801, -18.797199625097985 ], [ 128.375675757176225, -17.93100368271557 ], [ 127.470275905228206, -17.903322236792715 ] ] ] } },
{ "type": "Feature", "properties": { "idx": "42,51" }, "geometry": { "type": "Polygon", "coordinates": [ [ [ 128.375675757176225, -17.93100368271557 ], [ 128.349794310475801, -18.797199625097985 ], [ 129.262021939060133, -18.818838351283841 ], [ 129.281439911243666, -17.952536618043755 ], [ 128.375675757176225, -17.93100368271557 ] ] ] } },
{ "type": "Feature", "properties": { "idx": "43,51" }, "geometry": { "type": "Polygon", "coordinates": [ [ [ 129.281439911243666, -17.952536618043755 ], [ 129.262021939060133, -18.818838351283841 ], [ 130.174528885532169, -18.834296251637934 ], [ 130.187477484400404, -17.967918855627833 ], [ 129.281439911243666, -17.952536618043755 ] ] ] } },
{ "type": "Feature", "properties": { "idx": "44,51" }, "geometry": { "type": "Polygon", "coordinates": [ [ [ 130.187477484400404, -17.967918855627833 ], [ 130.174528885532169, -18.834296251637934 ], [ 131.087222139050709, -18.84357166269929 ], [ 131.093697428746623, -17.977148829805706 ], [ 130.187477484400404, -17.967918855627833 ] ] ] } },
{ "type": "Feature", "properties": { "idx": "45,51" }, "geometry": { "type": "Polygon", "coordinates": [ [ [ 131.093697428746623, -17.977148829805706 ], [ 131.087222139050709, -18.84357166269929 ], [ 132.000008574737024, -18.846663584967249 ], [ 132.000008586331234, -17.980225599812094 ], [ 131.093697428746623, -17.977148829805706 ] ] ] } },
{ "type": "Feature", "properties": { "idx": "46,51" }, "geometry": { "type": "Polygon", "coordinates": [ [ [ 132.000008586331234, -17.980225599812094 ], [ 132.000008574737024, -18.846663584967249 ], [ 132.91279501064983, -18.843571685034114 ], [ 132.906319744135544, -17.977148851826986 ], [ 132.000008586331234, -17.980225599812094 ] ] ] } },
{ "type": "Feature", "properties": { "idx": "47,51" }, "geometry": { "type": "Polygon", "coordinates": [ [ [ 132.906319744135544, -17.977148851826986 ], [ 132.91279501064983, -18.843571685034114 ], [ 133.825488264847593, -18.834296296296344 ], [ 133.812539689140749, -17.967918899659299 ], [ 132.906319744135544, -17.977148851826986 ] ] ] } },
{ "type": "Feature", "properties": { "idx": "48,51" }, "geometry": { "type": "Polygon", "coordinates": [ [ [ 133.812539689140749, -17.967918899659299 ], [ 133.825488264847593, -18.834296296296344 ], [ 134.737995212450727, -18.81883841824326 ], [ 134.718577263394877, -17.9525366840633 ], [ 133.812539689140749, -17.967918899659299 ] ] ] } },
{ "type": "Feature", "properties": { "idx": "49,51" }, "geometry": { "type": "Polygon", "coordinates": [ [ [ 134.718577263394877, -17.9525366840633 ], [ 134.737995212450727, -18.81883841824326 ], [ 135.650222842616785, -18.797199714324609 ], [ 135.624341418996949, -17.931003770690243 ], [ 134.718577263394877, -17.9525366840633 ] ] ] } },
{ "type": "Feature", "properties": { "idx": "50,51" }, "geometry": { "type": "Polygon", "coordinates": [ [ [ 135.624341418996949, -17.931003770690243 ], [ 135.650222842616785, -18.797199714324609 ], [ 136.562078315340841, -18.769382508401737 ], [ 136.529741272915089, -17.903322346678369 ], [ 135.624341418996949, -17.931003770690243 ] ] ] } },
{ "type": "Feature", "properties": { "idx": "51,51" }, "geometry": { "type": "Polygon", "coordinates": [ [ [ 136.529741272915089, -17.903322346678369 ], [ 136.562078315340841, -18.769382508401737 ], [ 137.473469017994915, -18.735389779788456 ], [ 137.434686161556243, -17.869495215888893 ], [ 136.529741272915089, -17.903322346678369 ] ] ] } },
{ "type": "Feature", "properties": { "idx": "52,51" }, "geometry": { "type": "Polygon", "coordinates": [ [ [ 137.434686161556243, -17.869495215888893 ], [ 137.473469017994915, -18.735389779788456 ], [ 138.384302621521101, -18.695225156893265 ], [ 138.339085695006133, -17.829525792795671 ], [ 137.434686161556243, -17.869495215888893 ] ] ] } },
{ "type": "Feature", "properties": { "idx": "53,51" }, "geometry": { "type": "Polygon", "coordinates": [ [ [ 138.339085695006133, -17.829525792795671 ], [ 138.384302621521101, -18.695225156893265 ], [ 139.294487136192203, -18.648892909474423 ], [ 139.242849810858104, -17.783418095042343 ], [ 138.339085695006133, -17.829525792795671 ] ] ] } },
{ "type": "Feature", "properties": { "idx": "54,51" }, "geometry": { "type": "Polygon", "coordinates": [ [ [ 139.242849810858104, -17.783418095042343 ], [ 139.294487136192203, -18.648892909474423 ], [ 140.203930966857683, -18.596397939524458 ], [ 140.145888827551886, -17.731176734679373 ], [ 139.242849810858104, -17.783418095042343 ] ] ] } },
{ "type": "Feature", "properties": { "idx": "55,51" }, "geometry": { "type": "Polygon", "coordinates": [ [ [ 140.145888827551886, -17.731176734679373 ], [ 140.203930966857683, -18.596397939524458 ], [ 141.112542967591764, -18.537745770801294 ], [ 141.048113497143476, -17.672806908098956 ], [ 140.145888827551886, -17.731176734679373 ] ] ] } },
{ "type": "Feature", "properties": { "idx": "56,51" }, "geometry": { "type": "Polygon", "coordinates": [ [ [ 141.048113497143476, -17.672806908098956 ], [ 141.112542967591764, -18.537745770801294 ], [ 142.020232495663805, -18.472942537027823 ], [ 141.949435057429895, -17.608314384685961 ], [ 141.048113497143476, -17.672806908098956 ] ] ] } },
{ "type": "Feature", "properties": { "idx": "57,51" }, "geometry": { "type": "Polygon", "coordinates": [ [ [ 141.949435057429895, -17.608314384685961 ], [ 142.020232495663805, -18.472942537027823 ], [ 142.926909464751787, -18.401994968781977 ], [ 142.849765283353662, -17.537705494206918 ], [ 141.949435057429895, -17.608314384685961 ] ] ] } },
{ "type": "Feature", "properties": { "idx": "58,51" }, "geometry": { "type": "Polygon", "coordinates": [ [ [ 142.849765283353662, -17.537705494206918 ], [ 142.926909464751787, -18.401994968781977 ], [ 143.832484397323299, -18.324910379103564 ], [ 143.749016537614153, -17.460987112959621 ], [ 142.849765283353662, -17.537705494206918 ] ] ] } },
{ "type": "Feature", "properties": { "idx": "59,51" }, "geometry": { "type": "Polygon", "coordinates": [ [ [ 143.749016537614153, -17.460987112959621 ], [ 143.832484397323299, -18.324910379103564 ], [ 144.736868476108441, -18.241696647845149 ], [ 144.647101820415259, -17.378166648709037 ], [ 143.749016537614153, -17.460987112959621 ] ] ] } },
{ "type": "Feature", "properties": { "idx": "60,51" }, "geometry": { "type": "Polygon", "coordinates": [ [ [ 144.647101820415259, -17.378166648709037 ], [ 144.736868476108441, -18.241696647845149 ], [ 145.639973594594778, -18.152362204796191 ], [ 145.543934818280633, -17.289252024436692 ], [ 144.647101820415259, -17.378166648709037 ] ] ] } },
{ "type": "Feature", "properties": { "idx": "61,51" }, "geometry": { "type": "Polygon", "coordinates": [ [ [ 145.543934818280633, -17.289252024436692 ], [ 145.639973594594778, -18.152362204796191 ], [ 146.541712406473835, -18.056916011612497 ], [ 146.439429951871148, -17.194251660932334 ], [ 145.543934818280633, -17.289252024436692 ] ] ] } },
{ "type": "Feature", "properties": { "idx": "62,51" }, "geometry": { "type": "Polygon", "coordinates": [ [ [ 146.439429951871148, -17.194251660932334 ], [ 146.541712406473835, -18.056916011612497 ], [ 147.441998373973689, -17.955367542583751 ], [ 147.333502422740736, -17.093174458258076 ], [ 146.439429951871148, -17.194251660932334 ] ] ] } },
{ "type": "Feature", "properties": { "idx": "4,52" }, "geometry": { "type": "Polygon", "coordinates": [ [ [ 95.250747248181284, -11.776647648363445 ], [ 95.004326513046877, -12.624335301908198 ], [ 95.838359027639143, -12.873532275981193 ], [ 96.079833056478762, -12.025060529745321 ], [ 95.250747248181284, -11.776647648363445 ] ] ] } },
{ "type": "Feature", "properties": { "idx": "5,52" }, "geometry": { "type": "Polygon", "coordinates": [ [ [ 96.079833056478762, -12.025060529745321 ], [ 95.838359027639143, -12.873532275981193 ], [ 96.675570972358273, -13.116957433262694 ], [ 96.912038406839031, -12.267703241841305 ], [ 96.079833056478762, -12.025060529745321 ] ] ] } },
{ "type": "Feature", "properties": { "idx": "6,52" }, "geometry": { "type": "Polygon", "coordinates": [ [ [ 96.912038406839031, -12.267703241841305 ], [ 96.675570972358273, -13.116957433262694 ], [ 97.515908248072265, -13.354598513930361 ], [ 97.747309919382971, -12.504564654965915 ], [ 96.912038406839031, -12.267703241841305 ] ] ] } },
{ "type": "Feature", "properties": { "idx": "33,52" }, "geometry": { "type": "Polygon", "coordinates": [ [ [ 120.333302466939642, -16.594934512919391 ], [ 120.251000671597851, -17.460986830666339 ], [ 121.150251920525065, -17.53770523308566 ], [ 121.226317045663151, -16.671306337943502 ], [ 120.333302466939642, -16.594934512919391 ] ] ] } },
{ "type": "Feature", "properties": { "idx": "34,52" }, "geometry": { "type": "Polygon", "coordinates": [ [ [ 121.226317045663151, -16.671306337943502 ], [ 121.150251920525065, -17.53770523308566 ], [ 122.050582141519897, -17.608314144865762 ], [ 122.120388169249168, -16.74159468698824 ], [ 121.226317045663151, -16.671306337943502 ] ] ] } },
{ "type": "Feature", "properties": { "idx": "35,52" }, "geometry": { "type": "Polygon", "coordinates": [ [ [ 122.120388169249168, -16.74159468698824 ], [ 122.050582141519897, -17.608314144865762 ], [ 122.951903697287207, -17.672806689698618 ], [ 123.01542999087529, -16.805793107225018 ], [ 122.120388169249168, -16.74159468698824 ] ] ] } },
{ "type": "Feature", "properties": { "idx": "36,52" }, "geometry": { "type": "Polygon", "coordinates": [ [ [ 123.01542999087529, -16.805793107225018 ], [ 122.951903697287207, -17.672806689698618 ], [ 123.854128362774546, -17.731176537807453 ], [ 123.91135609613022, -16.86389565742299 ], [ 123.01542999087529, -16.805793107225018 ] ] ] } },
{ "type": "Feature", "properties": { "idx": "37,52" }, "geometry": { "type": "Polygon", "coordinates": [ [ [ 123.91135609613022, -16.86389565742299 ], [ 123.854128362774546, -17.731176537807453 ], [ 124.757167375783553, -17.783417919796737 ], [ 124.808079551926369, -16.915896921297666 ], [ 123.91135609613022, -16.86389565742299 ] ] ] } },
{ "type": "Feature", "properties": { "idx": "38,52" }, "geometry": { "type": "Polygon", "coordinates": [ [ [ 124.808079551926369, -16.915896921297666 ], [ 124.757167375783553, -17.783417919796737 ], [ 125.660931488374359, -17.829525639263696 ], [ 125.705512956168377, -16.961792019661747 ], [ 124.808079551926369, -16.915896921297666 ] ] ] } },
{ "type": "Feature", "properties": { "idx": "39,52" }, "geometry": { "type": "Polygon", "coordinates": [ [ [ 125.705512956168377, -16.961792019661747 ], [ 125.660931488374359, -17.829525639263696 ], [ 126.565331018990378, -17.869495084147161 ], [ 126.603568488106959, -17.001576621356875 ], [ 125.705512956168377, -16.961792019661747 ] ] ] } },
{ "type": "Feature", "properties": { "idx": "40,52" }, "geometry": { "type": "Polygon", "coordinates": [ [ [ 126.603568488106959, -17.001576621356875 ], [ 126.565331018990378, -17.869495084147161 ], [ 127.470275905228206, -17.903322236792715 ], [ 127.502157959307397, -17.035246952945958 ], [ 126.603568488106959, -17.001576621356875 ] ] ] } },
{ "type": "Feature", "properties": { "idx": "41,52" }, "geometry": { "type": "Polygon", "coordinates": [ [ [ 127.502157959307397, -17.035246952945958 ], [ 127.470275905228206, -17.903322236792715 ], [ 128.375675757176225, -17.93100368271557 ], [ 128.401192865159459, -17.062799807150103 ], [ 127.502157959307397, -17.035246952945958 ] ] ] } },
{ "type": "Feature", "properties": { "idx": "42,52" }, "geometry": { "type": "Polygon", "coordinates": [ [ [ 128.401192865159459, -17.062799807150103 ], [ 128.375675757176225, -17.93100368271557 ], [ 129.281439911243666, -17.952536618043755 ], [ 129.300584436853882, -17.084232550013287 ], [ 128.401192865159459, -17.062799807150103 ] ] ] } },
{ "type": "Feature", "properties": { "idx": "43,52" }, "geometry": { "type": "Polygon", "coordinates": [ [ [ 129.300584436853882, -17.084232550013287 ], [ 129.281439911243666, -17.952536618043755 ], [ 130.187477484400404, -17.967918855627833 ], [ 130.20024369375011, -17.099543126782873 ], [ 129.300584436853882, -17.084232550013287 ] ] ] } },
{ "type": "Feature", "properties": { "idx": "44,52" }, "geometry": { "type": "Polygon", "coordinates": [ [ [ 130.20024369375011, -17.099543126782873 ], [ 130.187477484400404, -17.967918855627833 ], [ 131.093697428746623, -17.977148829805706 ], [ 131.100081496057925, -17.108730066494545 ], [ 130.20024369375011, -17.099543126782873 ] ] ] } },
{ "type": "Feature", "properties": { "idx": "45,52" }, "geometry": { "type": "Polygon", "coordinates": [ [ [ 131.100081496057925, -17.108730066494545 ], [ 131.093697428746623, -17.977148829805706 ], [ 132.000008586331234, -17.980225599812094 ], [ 132.000008597755965, -17.111792485253524 ], [ 131.100081496057925, -17.108730066494545 ] ] ] } },
{ "type": "Feature", "properties": { "idx": "46,52" }, "geometry": { "type": "Polygon", "coordinates": [ [ [ 132.000008597755965, -17.111792485253524 ], [ 132.000008586331234, -17.980225599812094 ], [ 132.906319744135544, -17.977148851826986 ], [ 132.899935699667225, -17.10873008820537 ], [ 132.000008597755965, -17.111792485253524 ] ] ] } },
{ "type": "Feature", "properties": { "idx": "47,52" }, "geometry": { "type": "Polygon", "coordinates": [ [ [ 132.899935699667225, -17.10873008820537 ], [ 132.906319744135544, -17.977148851826986 ], [ 133.812539689140749, -17.967918899659299 ], [ 133.799773502614585, -17.099543170193673 ], [ 132.899935699667225, -17.10873008820537 ] ] ] } },
{ "type": "Feature", "properties": { "idx": "48,52" }, "geometry": { "type": "Polygon", "coordinates": [ [ [ 133.799773502614585, -17.099543170193673 ], [ 133.812539689140749, -17.967918899659299 ], [ 134.718577263394877, -17.9525366840633 ], [ 134.699432760575775, -17.084232615102511 ], [ 133.799773502614585, -17.099543170193673 ] ] ] } },
{ "type": "Feature", "properties": { "idx": "49,52" }, "geometry": { "type": "Polygon", "coordinates": [ [ [ 134.699432760575775, -17.084232615102511 ], [ 134.718577263394877, -17.9525366840633 ], [ 135.624341418996949, -17.931003770690243 ], [ 135.598824333759552, -17.062799893885394 ], [ 134.699432760575775, -17.084232615102511 ] ] ] } },
{ "type": "Feature", "properties": { "idx": "50,52" }, "geometry": { "type": "Polygon", "coordinates": [ [ [ 135.598824333759552, -17.062799893885394 ], [ 135.624341418996949, -17.931003770690243 ], [ 136.529741272915089, -17.903322346678369 ], [ 136.497859241523599, -17.035247061284174 ], [ 135.598824333759552, -17.062799893885394 ] ] ] } },
{ "type": "Feature", "properties": { "idx": "51,52" }, "geometry": { "type": "Polygon", "coordinates": [ [ [ 136.497859241523599, -17.035247061284174 ], [ 136.529741272915089, -17.903322346678369 ], [ 137.434686161556243, -17.869495215888893 ], [ 137.396448715056522, -17.001576751244222 ], [ 136.497859241523599, -17.035247061284174 ] ] ] } },
{ "type": "Feature", "properties": { "idx": "52,52" }, "geometry": { "type": "Polygon", "coordinates": [ [ [ 137.396448715056522, -17.001576751244222 ], [ 137.434686161556243, -17.869495215888893 ], [ 138.339085695006133, -17.829525792795671 ], [ 138.294504249745529, -16.961792171033867 ], [ 137.396448715056522, -17.001576751244222 ] ] ] } },
{ "type": "Feature", "properties": { "idx": "53,52" }, "geometry": { "type": "Polygon", "coordinates": [ [ [ 138.294504249745529, -16.961792171033867 ], [ 138.339085695006133, -17.829525792795671 ], [ 139.242849810858104, -17.783418095042343 ], [ 139.191937657152749, -16.915897094079426 ], [ 138.294504249745529, -16.961792171033867 ] ] ] } },
{ "type": "Feature", "properties": { "idx": "54,52" }, "geometry": { "type": "Polygon", "coordinates": [ [ [ 139.191937657152749, -16.915897094079426 ], [ 139.242849810858104, -17.783418095042343 ], [ 140.145888827551886, -17.731176734679373 ], [ 140.088661116525429, -16.863895851529069 ], [ 139.191937657152749, -16.915897094079426 ] ] ] } },
{ "type": "Feature", "properties": { "idx": "55,52" }, "geometry": { "type": "Polygon", "coordinates": [ [ [ 140.088661116525429, -16.863895851529069 ], [ 140.145888827551886, -17.731176734679373 ], [ 141.048113497143476, -17.672806908098956 ], [ 140.984587225764244, -16.805793322559467 ], [ 140.088661116525429, -16.863895851529069 ] ] ] } },
{ "type": "Feature", "properties": { "idx": "56,52" }, "geometry": { "type": "Polygon", "coordinates": [ [ [ 140.984587225764244, -16.805793322559467 ], [ 141.048113497143476, -17.672806908098956 ], [ 141.949435057429895, -17.608314384685961 ], [ 141.879629051777215, -16.7415949234449 ], [ 140.984587225764244, -16.805793322559467 ] ] ] } },
{ "type": "Feature", "properties": { "idx": "57,52" }, "geometry": { "type": "Polygon", "coordinates": [ [ [ 141.879629051777215, -16.7415949234449 ], [ 141.949435057429895, -17.608314384685961 ], [ 142.849765283353662, -17.537705494206918 ], [ 142.773700180148154, -16.671306595406108 ], [ 141.879629051777215, -16.7415949234449 ] ] ] } },
{ "type": "Feature", "properties": { "idx": "58,52" }, "geometry": { "type": "Polygon", "coordinates": [ [ [ 142.773700180148154, -16.671306595406108 ], [ 142.849765283353662, -17.537705494206918 ], [ 143.749016537614153, -17.460987112959621 ], [ 143.666714764049374, -16.594934791261494 ], [ 142.773700180148154, -16.671306595406108 ] ] ] } },
{ "type": "Feature", "properties": { "idx": "59,52" }, "geometry": { "type": "Polygon", "coordinates": [ [ [ 143.666714764049374, -16.594934791261494 ], [ 143.749016537614153, -17.460987112959621 ], [ 144.647101820415259, -17.378166648709037 ], [ 144.558587572332129, -16.512486460903848 ], [ 143.666714764049374, -16.594934791261494 ] ] ] } },
{ "type": "Feature", "properties": { "idx": "60,52" }, "geometry": { "type": "Polygon", "coordinates": [ [ [ 144.558587572332129, -16.512486460903848 ], [ 144.647101820415259, -17.378166648709037 ], [ 145.543934818280633, -17.289252024436692 ], [ 145.449234036728456, -16.423969035626769 ], [ 144.558587572332129, -16.512486460903848 ] ] ] } },
{ "type": "Feature", "properties": { "idx": "61,52" }, "geometry": { "type": "Polygon", "coordinates": [ [ [ 145.449234036728456, -16.423969035626769 ], [ 145.543934818280633, -17.289252024436692 ], [ 146.439429951871148, -17.194251660932334 ], [ 146.338570298102411, -16.329390411327747 ], [ 145.449234036728456, -16.423969035626769 ] ] ] } },
{ "type": "Feature", "properties": { "idx": "62,52" }, "geometry": { "type": "Polygon", "coordinates": [ [ [ 146.338570298102411, -16.329390411327747 ], [ 146.439429951871148, -17.194251660932334 ], [ 147.333502422740736, -17.093174458258076 ], [ 147.226513251689852, -16.228758930615907 ], [ 146.338570298102411, -16.329390411327747 ] ] ] } },
{ "type": "Feature", "properties": { "idx": "4,53" }, "geometry": { "type": "Polygon", "coordinates": [ [ [ 95.493996267993552, -10.925534310145874 ], [ 95.250747248181284, -11.776647648363445 ], [ 96.079833056478762, -12.025060529745321 ], [ 96.318187300640659, -11.173218113185399 ], [ 95.493996267993552, -10.925534310145874 ] ] ] } },
{ "type": "Feature", "properties": { "idx": "5,53" }, "geometry": { "type": "Polygon", "coordinates": [ [ [ 96.318187300640659, -11.173218113185399 ], [ 96.079833056478762, -12.025060529745321 ], [ 96.912038406839031, -12.267703241841305 ], [ 97.145439437865988, -11.415132407067176 ], [ 96.318187300640659, -11.173218113185399 ] ] ] } },
{ "type": "Feature", "properties": { "idx": "6,53" }, "geometry": { "type": "Polygon", "coordinates": [ [ [ 97.145439437865988, -11.415132407067176 ], [ 96.912038406839031, -12.267703241841305 ], [ 97.747309919382971, -12.504564654965915 ], [ 97.975700011158949, -11.651267178607926 ], [ 97.145439437865988, -11.415132407067176 ] ] ] } },
{ "type": "Feature", "properties": { "idx": "33,53" }, "geometry": { "type": "Polygon", "coordinates": [ [ [ 120.414462375589082, -15.726588685224609 ], [ 120.333302466939642, -16.594934512919391 ], [ 121.226317045663151, -16.671306337943502 ], [ 121.301325523139553, -15.802633205648904 ], [ 120.414462375589082, -15.726588685224609 ] ] ] } },
{ "type": "Feature", "properties": { "idx": "34,53" }, "geometry": { "type": "Polygon", "coordinates": [ [ [ 121.301325523139553, -15.802633205648904 ], [ 121.226317045663151, -16.671306337943502 ], [ 122.120388169249168, -16.74159468698824 ], [ 122.18922340417447, -15.872618773202271 ], [ 121.301325523139553, -15.802633205648904 ] ] ] } },
{ "type": "Feature", "properties": { "idx": "35,53" }, "geometry": { "type": "Polygon", "coordinates": [ [ [ 122.18922340417447, -15.872618773202271 ], [ 122.120388169249168, -16.74159468698824 ], [ 123.01542999087529, -16.805793107225018 ], [ 123.078071914243282, -15.936539346307088 ], [ 122.18922340417447, -15.872618773202271 ] ] ] } },
{ "type": "Feature", "properties": { "idx": "36,53" }, "geometry": { "type": "Polygon", "coordinates": [ [ [ 123.078071914243282, -15.936539346307088 ], [ 123.01542999087529, -16.805793107225018 ], [ 123.91135609613022, -16.86389565742299 ], [ 123.967786400651448, -15.99438936096726 ], [ 123.078071914243282, -15.936539346307088 ] ] ] } },
{ "type": "Feature", "properties": { "idx": "37,53" }, "geometry": { "type": "Polygon", "coordinates": [ [ [ 123.967786400651448, -15.99438936096726 ], [ 123.91135609613022, -16.86389565742299 ], [ 124.808079551926369, -16.915896921297666 ], [ 124.858281709742556, -16.046163743654219 ], [ 123.967786400651448, -15.99438936096726 ] ] ] } },
{ "type": "Feature", "properties": { "idx": "38,53" }, "geometry": { "type": "Polygon", "coordinates": [ [ [ 124.858281709742556, -16.046163743654219 ], [ 124.808079551926369, -16.915896921297666 ], [ 125.705512956168377, -16.961792019661747 ], [ 125.749472234899656, -16.091857923033086 ], [ 124.858281709742556, -16.046163743654219 ] ] ] } },
{ "type": "Feature", "properties": { "idx": "39,53" }, "geometry": { "type": "Polygon", "coordinates": [ [ [ 125.749472234899656, -16.091857923033086 ], [ 125.705512956168377, -16.961792019661747 ], [ 126.603568488106959, -17.001576621356875 ], [ 126.641271965200261, -16.131467840508762 ], [ 125.749472234899656, -16.091857923033086 ] ] ] } },
{ "type": "Feature", "properties": { "idx": "40,53" }, "geometry": { "type": "Polygon", "coordinates": [ [ [ 126.641271965200261, -16.131467840508762 ], [ 126.603568488106959, -17.001576621356875 ], [ 127.502157959307397, -17.035246952945958 ], [ 127.533594534656203, -16.164989959575031 ], [ 126.641271965200261, -16.131467840508762 ] ] ] } },
{ "type": "Feature", "properties": { "idx": "41,53" }, "geometry": { "type": "Polygon", "coordinates": [ [ [ 127.533594534656203, -16.164989959575031 ], [ 127.502157959307397, -17.035246952945958 ], [ 128.401192865159459, -17.062799807150103 ], [ 128.426353271969248, -16.192421273949964 ], [ 127.533594534656203, -16.164989959575031 ] ] ] } },
{ "type": "Feature", "properties": { "idx": "42,53" }, "geometry": { "type": "Polygon", "coordinates": [ [ [ 128.426353271969248, -16.192421273949964 ], [ 128.401192865159459, -17.062799807150103 ], [ 129.300584436853882, -17.084232550013287 ], [ 129.319461250731138, -16.213759314484086 ], [ 128.426353271969248, -16.192421273949964 ] ] ] } },
{ "type": "Feature", "properties": { "idx": "43,53" }, "geometry": { "type": "Polygon", "coordinates": [ [ [ 129.319461250731138, -16.213759314484086 ], [ 129.300584436853882, -17.084232550013287 ], [ 130.20024369375011, -17.099543126782873 ], [ 130.212831339996285, -16.229002154828926 ], [ 129.319461250731138, -16.213759314484086 ] ] ] } },
{ "type": "Feature", "properties": { "idx": "44,53" }, "geometry": { "type": "Polygon", "coordinates": [ [ [ 130.212831339996285, -16.229002154828926 ], [ 130.20024369375011, -17.099543126782873 ], [ 131.100081496057925, -17.108730066494545 ], [ 131.106376255152924, -16.238148415856372 ], [ 130.212831339996285, -16.229002154828926 ] ] ] } },
{ "type": "Feature", "properties": { "idx": "45,53" }, "geometry": { "type": "Polygon", "coordinates": [ [ [ 131.106376255152924, -16.238148415856372 ], [ 131.100081496057925, -17.108730066494545 ], [ 132.000008597755965, -17.111792485253524 ], [ 132.000008609020114, -16.241197268821107 ], [ 131.106376255152924, -16.238148415856372 ] ] ] } },
{ "type": "Feature", "properties": { "idx": "46,53" }, "geometry": { "type": "Polygon", "coordinates": [ [ [ 132.000008609020114, -16.241197268821107 ], [ 132.000008597755965, -17.111792485253524 ], [ 132.899935699667225, -17.10873008820537 ], [ 132.893640963094299, -16.238148437259841 ], [ 132.000008609020114, -16.241197268821107 ] ] ] } },
{ "type": "Feature", "properties": { "idx": "47,53" }, "geometry": { "type": "Polygon", "coordinates": [ [ [ 132.893640963094299, -16.238148437259841 ], [ 132.899935699667225, -17.10873008820537 ], [ 133.799773502614585, -17.099543170193673 ], [ 133.787185878871696, -16.229002197625274 ], [ 132.893640963094299, -16.238148437259841 ] ] ] } },
{ "type": "Feature", "properties": { "idx": "48,53" }, "geometry": { "type": "Polygon", "coordinates": [ [ [ 133.787185878871696, -16.229002197625274 ], [ 133.799773502614585, -17.099543170193673 ], [ 134.699432760575775, -17.084232615102511 ], [ 134.680555969170598, -16.213759378652171 ], [ 133.787185878871696, -16.229002197625274 ] ] ] } },
{ "type": "Feature", "properties": { "idx": "49,53" }, "geometry": { "type": "Polygon", "coordinates": [ [ [ 134.680555969170598, -16.213759378652171 ], [ 134.699432760575775, -17.084232615102511 ], [ 135.598824333759552, -17.062799893885394 ], [ 135.573663949378272, -16.192421359458091 ], [ 134.680555969170598, -16.213759378652171 ] ] ] } },
{ "type": "Feature", "properties": { "idx": "50,53" }, "geometry": { "type": "Polygon", "coordinates": [ [ [ 135.573663949378272, -16.192421359458091 ], [ 135.598824333759552, -17.062799893885394 ], [ 136.497859241523599, -17.035247061284174 ], [ 136.46642268854734, -16.164990066381058 ], [ 135.573663949378272, -16.192421359458091 ] ] ] } },
{ "type": "Feature", "properties": { "idx": "51,53" }, "geometry": { "type": "Polygon", "coordinates": [ [ [ 136.46642268854734, -16.164990066381058 ], [ 136.497859241523599, -17.035247061284174 ], [ 137.396448715056522, -17.001576751244222 ], [ 137.358745260267597, -16.131467968559985 ], [ 136.46642268854734, -16.164990066381058 ] ] ] } },
{ "type": "Feature", "properties": { "idx": "52,53" }, "geometry": { "type": "Polygon", "coordinates": [ [ [ 137.358745260267597, -16.131467968559985 ], [ 137.396448715056522, -17.001576751244222 ], [ 138.294504249745529, -16.961792171033867 ], [ 138.250544993238208, -16.091858072266508 ], [ 137.358745260267597, -16.131467968559985 ] ] ] } },
{ "type": "Feature", "properties": { "idx": "53,53" }, "geometry": { "type": "Polygon", "coordinates": [ [ [ 138.250544993238208, -16.091858072266508 ], [ 138.294504249745529, -16.961792171033867 ], [ 139.191937657152749, -16.915897094079426 ], [ 139.141735521468206, -16.046163913996356 ], [ 138.250544993238208, -16.091858072266508 ] ] ] } },
{ "type": "Feature", "properties": { "idx": "54,53" }, "geometry": { "type": "Polygon", "coordinates": [ [ [ 139.141735521468206, -16.046163913996356 ], [ 139.191937657152749, -16.915897094079426 ], [ 140.088661116525429, -16.863895851529069 ], [ 140.032230834031679, -15.994389552334454 ], [ 139.141735521468206, -16.046163913996356 ] ] ] } },
{ "type": "Feature", "properties": { "idx": "55,53" }, "geometry": { "type": "Polygon", "coordinates": [ [ [ 140.032230834031679, -15.994389552334454 ], [ 140.088661116525429, -16.863895851529069 ], [ 140.984587225764244, -16.805793322559467 ], [ 140.921945324307785, -15.936539558605496 ], [ 140.032230834031679, -15.994389552334454 ] ] ] } },
{ "type": "Feature", "properties": { "idx": "56,53" }, "geometry": { "type": "Polygon", "coordinates": [ [ [ 140.921945324307785, -15.936539558605496 ], [ 140.984587225764244, -16.805793322559467 ], [ 141.879629051777215, -16.7415949234449 ], [ 141.810793838635988, -15.872619006327998 ], [ 140.921945324307785, -15.936539558605496 ] ] ] } },
{ "type": "Feature", "properties": { "idx": "57,53" }, "geometry": { "type": "Polygon", "coordinates": [ [ [ 141.810793838635988, -15.872619006327998 ], [ 141.879629051777215, -16.7415949234449 ], [ 142.773700180148154, -16.671306595406108 ], [ 142.698691724317086, -15.802633459488057 ], [ 141.810793838635988, -15.872619006327998 ] ] ] } },
{ "type": "Feature", "properties": { "idx": "58,53" }, "geometry": { "type": "Polygon", "coordinates": [ [ [ 142.698691724317086, -15.802633459488057 ], [ 142.773700180148154, -16.671306595406108 ], [ 143.666714764049374, -16.594934791261494 ], [ 143.585554876895486, -15.726588959653398 ], [ 142.698691724317086, -15.802633459488057 ] ] ] } },
{ "type": "Feature", "properties": { "idx": "59,53" }, "geometry": { "type": "Polygon", "coordinates": [ [ [ 143.585554876895486, -15.726588959653398 ], [ 143.666714764049374, -16.594934791261494 ], [ 144.558587572332129, -16.512486460903848 ], [ 144.471299786657141, -15.644492011948607 ], [ 143.585554876895486, -15.726588959653398 ] ] ] } },
{ "type": "Feature", "properties": { "idx": "60,53" }, "geometry": { "type": "Polygon", "coordinates": [ [ [ 144.471299786657141, -15.644492011948607 ], [ 144.558587572332129, -16.512486460903848 ], [ 145.449234036728456, -16.423969035626769 ], [ 145.35584358428116, -15.556349569914074 ], [ 144.471299786657141, -15.644492011948607 ] ] ] } },
{ "type": "Feature", "properties": { "idx": "61,53" }, "geometry": { "type": "Polygon", "coordinates": [ [ [ 145.35584358428116, -15.556349569914074 ], [ 145.449234036728456, -16.423969035626769 ], [ 146.338570298102411, -16.329390411327747 ], [ 146.239104085585581, -15.462169019273208 ], [ 145.35584358428116, -15.556349569914074 ] ] ] } },
{ "type": "Feature", "properties": { "idx": "62,53" }, "geometry": { "type": "Polygon", "coordinates": [ [ [ 146.239104085585581, -15.462169019273208 ], [ 146.338570298102411, -16.329390411327747 ], [ 147.226513251689852, -16.228758930615907 ], [ 147.120999835308282, -15.361958160633304 ], [ 146.239104085585581, -15.462169019273208 ] ] ] } },
{ "type": "Feature", "properties": { "idx": "4,54" }, "geometry": { "type": "Polygon", "coordinates": [ [ [ 95.734132686096686, -10.070842223224378 ], [ 95.493996267993552, -10.925534310145874 ], [ 96.318187300640659, -11.173218113185399 ], [ 96.553480204607524, -10.317851680641626 ], [ 95.734132686096686, -10.070842223224378 ] ] ] } },
{ "type": "Feature", "properties": { "idx": "5,54" }, "geometry": { "type": "Polygon", "coordinates": [ [ [ 96.553480204607524, -10.317851680641626 ], [ 96.318187300640659, -11.173218113185399 ], [ 97.145439437865988, -11.415132407067176 ], [ 97.375831798576243, -10.559091274813902 ], [ 96.553480204607524, -10.317851680641626 ] ] ] } },
{ "type": "Feature", "properties": { "idx": "6,54" }, "geometry": { "type": "Polygon", "coordinates": [ [ [ 97.375831798576243, -10.559091274813902 ], [ 97.145439437865988, -11.415132407067176 ], [ 97.975700011158949, -11.651267178607926 ], [ 98.201135502844508, -10.794552097384983 ], [ 97.375831798576243, -10.559091274813902 ] ] ] } },
{ "type": "Feature", "properties": { "idx": "34,54" }, "geometry": { "type": "Polygon", "coordinates": [ [ [ 121.375299167813182, -14.931520263799476 ], [ 121.301325523139553, -15.802633205648904 ], [ 122.18922340417447, -15.872618773202271 ], [ 122.257107918518614, -15.001220533262785 ], [ 121.375299167813182, -14.931520263799476 ] ] ] } },
{ "type": "Feature", "properties": { "idx": "35,54" }, "geometry": { "type": "Polygon", "coordinates": [ [ [ 122.257107918518614, -15.001220533262785 ], [ 122.18922340417447, -15.872618773202271 ], [ 123.078071914243282, -15.936539346307088 ], [ 123.139847777626059, -15.064879261381963 ], [ 122.257107918518614, -15.001220533262785 ] ] ] } },
{ "type": "Feature", "properties": { "idx": "36,54" }, "geometry": { "type": "Polygon", "coordinates": [ [ [ 123.139847777626059, -15.064879261381963 ], [ 123.078071914243282, -15.936539346307088 ], [ 123.967786400651448, -15.99438936096726 ], [ 124.023435806865237, -15.122491250988556 ], [ 123.139847777626059, -15.064879261381963 ] ] ] } },
{ "type": "Feature", "properties": { "idx": "37,54" }, "geometry": { "type": "Polygon", "coordinates": [ [ [ 124.023435806865237, -15.122491250988556 ], [ 123.967786400651448, -15.99438936096726 ], [ 124.858281709742556, -16.046163743654219 ], [ 124.907788583998212, -15.174051761780555 ], [ 124.023435806865237, -15.122491250988556 ] ] ] } },
{ "type": "Feature", "properties": { "idx": "38,54" }, "geometry": { "type": "Polygon", "coordinates": [ [ [ 124.907788583998212, -15.174051761780555 ], [ 124.858281709742556, -16.046163743654219 ], [ 125.749472234899656, -16.091857923033086 ], [ 125.79282224922045, -15.219556521656909 ], [ 124.907788583998212, -15.174051761780555 ] ] ] } },
{ "type": "Feature", "properties": { "idx": "39,54" }, "geometry": { "type": "Polygon", "coordinates": [ [ [ 125.79282224922045, -15.219556521656909 ], [ 125.749472234899656, -16.091857923033086 ], [ 126.641271965200261, -16.131467840508762 ], [ 126.678452552184609, -15.259001736908836 ], [ 125.79282224922045, -15.219556521656909 ] ] ] } },
{ "type": "Feature", "properties": { "idx": "40,54" }, "geometry": { "type": "Polygon", "coordinates": [ [ [ 126.678452552184609, -15.259001736908836 ], [ 126.641271965200261, -16.131467840508762 ], [ 127.533594534656203, -16.164989959575031 ], [ 127.56459489958165, -15.292384101251905 ], [ 126.678452552184609, -15.259001736908836 ] ] ] } },
{ "type": "Feature", "properties": { "idx": "41,54" }, "geometry": { "type": "Polygon", "coordinates": [ [ [ 127.56459489958165, -15.292384101251905 ], [ 127.533594534656203, -16.164989959575031 ], [ 128.426353271969248, -16.192421273949964 ], [ 128.451164403213227, -15.319700803684063 ], [ 127.56459489958165, -15.292384101251905 ] ] ] } },
{ "type": "Feature", "properties": { "idx": "42,54" }, "geometry": { "type": "Polygon", "coordinates": [ [ [ 128.451164403213227, -15.319700803684063 ], [ 128.426353271969248, -16.192421273949964 ], [ 129.319461250731138, -16.213759314484086 ], [ 129.338075928487513, -15.340949535156915 ], [ 128.451164403213227, -15.319700803684063 ] ] ] } },
{ "type": "Feature", "properties": { "idx": "43,54" }, "geometry": { "type": "Polygon", "coordinates": [ [ [ 129.338075928487513, -15.340949535156915 ], [ 129.319461250731138, -16.213759314484086 ], [ 130.212831339996285, -16.229002154828926 ], [ 130.225244143269919, -15.35612849404918 ], [ 129.338075928487513, -15.340949535156915 ] ] ] } },
{ "type": "Feature", "properties": { "idx": "44,54" }, "geometry": { "type": "Polygon", "coordinates": [ [ [ 130.225244143269919, -15.35612849404918 ], [ 130.212831339996285, -16.229002154828926 ], [ 131.106376255152924, -16.238148415856372 ], [ 131.112583567018106, -15.365236390433214 ], [ 130.225244143269919, -15.35612849404918 ] ] ] } },
{ "type": "Feature", "properties": { "idx": "45,54" }, "geometry": { "type": "Polygon", "coordinates": [ [ [ 131.112583567018106, -15.365236390433214 ], [ 131.106376255152924, -16.238148415856372 ], [ 132.000008609020114, -16.241197268821107 ], [ 132.000008620132149, -15.368272449127987 ], [ 131.112583567018106, -15.365236390433214 ] ] ] } },
{ "type": "Feature", "properties": { "idx": "46,54" }, "geometry": { "type": "Polygon", "coordinates": [ [ [ 132.000008620132149, -15.368272449127987 ], [ 132.000008609020114, -16.241197268821107 ], [ 132.893640963094299, -16.238148437259841 ], [ 132.887433673447191, -15.365236411532377 ], [ 132.000008620132149, -15.368272449127987 ] ] ] } },
{ "type": "Feature", "properties": { "idx": "47,54" }, "geometry": { "type": "Polygon", "coordinates": [ [ [ 132.887433673447191, -15.365236411532377 ], [ 132.893640963094299, -16.238148437259841 ], [ 133.787185878871696, -16.229002197625274 ], [ 133.774773097798089, -15.356128536237104 ], [ 132.887433673447191, -15.365236411532377 ] ] ] } },
{ "type": "Feature", "properties": { "idx": "48,54" }, "geometry": { "type": "Polygon", "coordinates": [ [ [ 133.774773097798089, -15.356128536237104 ], [ 133.787185878871696, -16.229002197625274 ], [ 134.680555969170598, -16.213759378652171 ], [ 134.661941313584208, -15.340949598412937 ], [ 133.774773097798089, -15.356128536237104 ] ] ] } },
{ "type": "Feature", "properties": { "idx": "49,54" }, "geometry": { "type": "Polygon", "coordinates": [ [ [ 134.661941313584208, -15.340949598412937 ], [ 134.680555969170598, -16.213759378652171 ], [ 135.573663949378272, -16.192421359458091 ], [ 135.548852840262242, -15.319700887977161 ], [ 134.661941313584208, -15.340949598412937 ] ] ] } },
{ "type": "Feature", "properties": { "idx": "50,54" }, "geometry": { "type": "Polygon", "coordinates": [ [ [ 135.548852840262242, -15.319700887977161 ], [ 135.573663949378272, -16.192421359458091 ], [ 136.46642268854734, -16.164990066381058 ], [ 136.43542234569594, -15.292384206540742 ], [ 135.548852840262242, -15.319700887977161 ] ] ] } },
{ "type": "Feature", "properties": { "idx": "51,54" }, "geometry": { "type": "Polygon", "coordinates": [ [ [ 136.43542234569594, -15.292384206540742 ], [ 136.46642268854734, -16.164990066381058 ], [ 137.358745260267597, -16.131467968559985 ], [ 137.321564695291585, -15.259001863141911 ], [ 136.43542234569594, -15.292384206540742 ] ] ] } },
{ "type": "Feature", "properties": { "idx": "52,54" }, "geometry": { "type": "Polygon", "coordinates": [ [ [ 137.321564695291585, -15.259001863141911 ], [ 137.358745260267597, -16.131467968559985 ], [ 138.250544993238208, -16.091858072266508 ], [ 138.207195000848429, -15.219556668772473 ], [ 137.321564695291585, -15.259001863141911 ] ] ] } },
{ "type": "Feature", "properties": { "idx": "53,54" }, "geometry": { "type": "Polygon", "coordinates": [ [ [ 138.207195000848429, -15.219556668772473 ], [ 138.250544993238208, -16.091858072266508 ], [ 139.141735521468206, -16.046163913996356 ], [ 139.092228669054606, -15.174051929706735 ], [ 138.207195000848429, -15.219556668772473 ] ] ] } },
{ "type": "Feature", "properties": { "idx": "54,54" }, "geometry": { "type": "Polygon", "coordinates": [ [ [ 139.092228669054606, -15.174051929706735 ], [ 139.141735521468206, -16.046163913996356 ], [ 140.032230834031679, -15.994389552334454 ], [ 139.976581449559546, -15.122491439643436 ], [ 139.092228669054606, -15.174051929706735 ] ] ] } },
{ "type": "Feature", "properties": { "idx": "55,54" }, "geometry": { "type": "Polygon", "coordinates": [ [ [ 139.976581449559546, -15.122491439643436 ], [ 140.032230834031679, -15.994389552334454 ], [ 140.921945324307785, -15.936539558605496 ], [ 140.860169482555051, -15.064879470673604 ], [ 139.976581449559546, -15.122491439643436 ] ] ] } },
{ "type": "Feature", "properties": { "idx": "56,54" }, "geometry": { "type": "Polygon", "coordinates": [ [ [ 140.860169482555051, -15.064879470673604 ], [ 140.921945324307785, -15.936539558605496 ], [ 141.810793838635988, -15.872619006327998 ], [ 141.742909345799148, -15.001220763089478 ], [ 140.860169482555051, -15.064879470673604 ] ] ] } },
{ "type": "Feature", "properties": { "idx": "57,54" }, "geometry": { "type": "Polygon", "coordinates": [ [ [ 141.742909345799148, -15.001220763089478 ], [ 141.810793838635988, -15.872619006327998 ], [ 142.698691724317086, -15.802633459488057 ], [ 142.624718101017095, -14.931520514049716 ], [ 141.742909345799148, -15.001220763089478 ] ] ] } },
{ "type": "Feature", "properties": { "idx": "58,54" }, "geometry": { "type": "Polygon", "coordinates": [ [ [ 142.624718101017095, -14.931520514049716 ], [ 142.698691724317086, -15.802633459488057 ], [ 143.585554876895486, -15.726588959653398 ], [ 143.505513339616783, -14.855784365119749 ], [ 142.624718101017095, -14.931520514049716 ] ] ] } },
{ "type": "Feature", "properties": { "idx": "59,54" }, "geometry": { "type": "Polygon", "coordinates": [ [ [ 143.505513339616783, -14.855784365119749 ], [ 143.585554876895486, -15.726588959653398 ], [ 144.471299786657141, -15.644492011948607 ], [ 144.385213227657204, -14.774018388706406 ], [ 143.505513339616783, -14.855784365119749 ] ] ] } },
{ "type": "Feature", "properties": { "idx": "60,54" }, "geometry": { "type": "Polygon", "coordinates": [ [ [ 144.385213227657204, -14.774018388706406 ], [ 144.471299786657141, -15.644492011948607 ], [ 145.35584358428116, -15.556349569914074 ], [ 145.263736550009781, -14.686229073407354 ], [ 144.385213227657204, -14.774018388706406 ] ] ] } },
{ "type": "Feature", "properties": { "idx": "61,54" }, "geometry": { "type": "Polygon", "coordinates": [ [ [ 145.263736550009781, -14.686229073407354 ], [ 145.35584358428116, -15.556349569914074 ], [ 146.239104085585581, -15.462169019273208 ], [ 146.14100275365567, -14.59242330829759 ], [ 145.263736550009781, -14.686229073407354 ] ] ] } },
{ "type": "Feature", "properties": { "idx": "62,54" }, "geometry": { "type": "Polygon", "coordinates": [ [ [ 146.14100275365567, -14.59242330829759 ], [ 146.239104085585581, -15.462169019273208 ], [ 147.120999835308282, -15.361958160633304 ], [ 147.016931990064194, -14.492608366176563 ], [ 146.14100275365567, -14.59242330829759 ] ] ] } },
{ "type": "Feature", "properties": { "idx": "35,55" }, "geometry": { "type": "Polygon", "coordinates": [ [ [ 122.324061235998968, -14.127233035492713 ], [ 122.257107918518614, -15.001220533262785 ], [ 123.139847777626059, -15.064879261381963 ], [ 123.200775390056648, -14.190645677607396 ], [ 122.324061235998968, -14.127233035492713 ] ] ] } },
{ "type": "Feature", "properties": { "idx": "36,55" }, "geometry": { "type": "Polygon", "coordinates": [ [ [ 123.200775390056648, -14.190645677607396 ], [ 123.139847777626059, -15.064879261381963 ], [ 124.023435806865237, -15.122491250988556 ], [ 124.078320392120304, -14.248033929988644 ], [ 123.200775390056648, -14.190645677607396 ] ] ] } },
{ "type": "Feature", "properties": { "idx": "37,55" }, "geometry": { "type": "Polygon", "coordinates": [ [ [ 124.078320392120304, -14.248033929988644 ], [ 124.023435806865237, -15.122491250988556 ], [ 124.907788583998212, -15.174051761780555 ], [ 124.956614504958793, -14.299393376815535 ], [ 124.078320392120304, -14.248033929988644 ] ] ] } },
{ "type": "Feature", "properties": { "idx": "38,55" }, "geometry": { "type": "Polygon", "coordinates": [ [ [ 124.956614504958793, -14.299393376815535 ], [ 124.907788583998212, -15.174051761780555 ], [ 125.79282224922045, -15.219556521656909 ], [ 125.835575568545522, -14.344720037309672 ], [ 124.956614504958793, -14.299393376815535 ] ] ] } },
{ "type": "Feature", "properties": { "idx": "39,55" }, "geometry": { "type": "Polygon", "coordinates": [ [ [ 125.835575568545522, -14.344720037309672 ], [ 125.79282224922045, -15.219556521656909 ], [ 126.678452552184609, -15.259001736908836 ], [ 126.715121045516, -14.384010375599761 ], [ 125.835575568545522, -14.344720037309672 ] ] ] } },
{ "type": "Feature", "properties": { "idx": "40,55" }, "geometry": { "type": "Polygon", "coordinates": [ [ [ 126.715121045516, -14.384010375599761 ], [ 126.678452552184609, -15.259001736908836 ], [ 127.56459489958165, -15.292384101251905 ], [ 127.595168067156678, -14.417261309462287 ], [ 126.715121045516, -14.384010375599761 ] ] ] } },
{ "type": "Feature", "properties": { "idx": "41,55" }, "geometry": { "type": "Polygon", "coordinates": [ [ [ 127.595168067156678, -14.417261309462287 ], [ 127.56459489958165, -15.292384101251905 ], [ 128.451164403213227, -15.319700803684063 ], [ 128.475633479861841, -14.444470217924019 ], [ 127.595168067156678, -14.417261309462287 ] ] ] } },
{ "type": "Feature", "properties": { "idx": "42,55" }, "geometry": { "type": "Polygon", "coordinates": [ [ [ 128.475633479861841, -14.444470217924019 ], [ 128.451164403213227, -15.319700803684063 ], [ 129.338075928487513, -15.340949535156915 ], [ 129.356433891993959, -14.465634947715445 ], [ 128.475633479861841, -14.444470217924019 ] ] ] } },
{ "type": "Feature", "properties": { "idx": "43,55" }, "geometry": { "type": "Polygon", "coordinates": [ [ [ 129.356433891993959, -14.465634947715445 ], [ 129.338075928487513, -15.340949535156915 ], [ 130.225244143269919, -15.35612849404918 ], [ 130.237485721082209, -14.480753818564404 ], [ 129.356433891993959, -14.465634947715445 ] ] ] } },
{ "type": "Feature", "properties": { "idx": "44,55" }, "geometry": { "type": "Polygon", "coordinates": [ [ [ 130.237485721082209, -14.480753818564404 ], [ 130.225244143269919, -15.35612849404918 ], [ 131.112583567018106, -15.365236390433214 ], [ 131.11870524129219, -14.489825627322288 ], [ 130.237485721082209, -14.480753818564404 ] ] ] } },
{ "type": "Feature", "properties": { "idx": "45,55" }, "geometry": { "type": "Polygon", "coordinates": [ [ [ 131.11870524129219, -14.489825627322288 ], [ 131.112583567018106, -15.365236390433214 ], [ 132.000008620132149, -15.368272449127987 ], [ 132.000008631100201, -14.49284965091581 ], [ 131.11870524129219, -14.489825627322288 ] ] ] } },
{ "type": "Feature", "properties": { "idx": "46,55" }, "geometry": { "type": "Polygon", "coordinates": [ [ [ 132.000008631100201, -14.49284965091581 ], [ 132.000008620132149, -15.368272449127987 ], [ 132.887433673447191, -15.365236411532377 ], [ 132.881312021103383, -14.489825648120043 ], [ 132.000008631100201, -14.49284965091581 ] ] ] } },
{ "type": "Feature", "properties": { "idx": "47,55" }, "geometry": { "type": "Polygon", "coordinates": [ [ [ 132.881312021103383, -14.489825648120043 ], [ 132.887433673447191, -15.365236411532377 ], [ 133.774773097798089, -15.356128536237104 ], [ 133.762531541898738, -14.480753860149822 ], [ 132.881312021103383, -14.489825648120043 ] ] ] } },
{ "type": "Feature", "properties": { "idx": "48,55" }, "geometry": { "type": "Polygon", "coordinates": [ [ [ 133.762531541898738, -14.480753860149822 ], [ 133.774773097798089, -15.356128536237104 ], [ 134.661941313584208, -15.340949598412937 ], [ 134.643583371961739, -14.465635010068246 ], [ 133.762531541898738, -14.480753860149822 ] ] ] } },
{ "type": "Feature", "properties": { "idx": "49,55" }, "geometry": { "type": "Polygon", "coordinates": [ [ [ 134.643583371961739, -14.465635010068246 ], [ 134.661941313584208, -15.340949598412937 ], [ 135.548852840262242, -15.319700887977161 ], [ 135.524383785457132, -14.444470301013867 ], [ 134.643583371961739, -14.465635010068246 ] ] ] } },
{ "type": "Feature", "properties": { "idx": "50,55" }, "geometry": { "type": "Polygon", "coordinates": [ [ [ 135.524383785457132, -14.444470301013867 ], [ 135.548852840262242, -15.319700887977161 ], [ 136.43542234569594, -15.292384206540742 ], [ 136.404849199912519, -14.417261413248639 ], [ 135.524383785457132, -14.444470301013867 ] ] ] } },
{ "type": "Feature", "properties": { "idx": "51,55" }, "geometry": { "type": "Polygon", "coordinates": [ [ [ 136.404849199912519, -14.417261413248639 ], [ 136.43542234569594, -15.292384206540742 ], [ 137.321564695291585, -15.259001863141911 ], [ 137.284896223688548, -14.384010500032234 ], [ 136.404849199912519, -14.417261413248639 ] ] ] } },
{ "type": "Feature", "properties": { "idx": "52,55" }, "geometry": { "type": "Polygon", "coordinates": [ [ [ 137.284896223688548, -14.384010500032234 ], [ 137.321564695291585, -15.259001863141911 ], [ 138.207195000848429, -15.219556668772473 ], [ 138.164441703177175, -14.344720182327793 ], [ 137.284896223688548, -14.384010500032234 ] ] ] } },
{ "type": "Feature", "properties": { "idx": "55,55" }, "geometry": { "type": "Polygon", "coordinates": [ [ [ 139.921696885775845, -14.24803411595706 ], [ 139.976581449559546, -15.122491439643436 ], [ 140.860169482555051, -15.064879470673604 ], [ 140.799241891488208, -14.190645883920881 ], [ 139.921696885775845, -14.24803411595706 ] ] ] } },
{ "type": "Feature", "properties": { "idx": "56,55" }, "geometry": { "type": "Polygon", "coordinates": [ [ [ 140.799241891488208, -14.190645883920881 ], [ 140.860169482555051, -15.064879470673604 ], [ 141.742909345799148, -15.001220763089478 ], [ 141.675956049564263, -14.127233262051629 ], [ 140.799241891488208, -14.190645883920881 ] ] ] } },
{ "type": "Feature", "properties": { "idx": "57,55" }, "geometry": { "type": "Polygon", "coordinates": [ [ [ 141.675956049564263, -14.127233262051629 ], [ 141.742909345799148, -15.001220763089478 ], [ 142.624718101017095, -14.931520514049716 ], [ 142.551758090427882, -14.057801090228635 ], [ 141.675956049564263, -14.127233262051629 ] ] ] } },
{ "type": "Feature", "properties": { "idx": "58,55" }, "geometry": { "type": "Polygon", "coordinates": [ [ [ 142.551758090427882, -14.057801090228635 ], [ 142.624718101017095, -14.931520514049716 ], [ 143.505513339616783, -14.855784365119749 ], [ 143.426567256372635, -13.982354620331675 ], [ 142.551758090427882, -14.057801090228635 ] ] ] } },
{ "type": "Feature", "properties": { "idx": "59,55" }, "geometry": { "type": "Polygon", "coordinates": [ [ [ 143.426567256372635, -13.982354620331675 ], [ 143.505513339616783, -14.855784365119749 ], [ 144.385213227657204, -14.774018388706406 ], [ 144.300303345059177, -13.900899503098104 ], [ 143.426567256372635, -13.982354620331675 ] ] ] } },
{ "type": "Feature", "properties": { "idx": "60,55" }, "geometry": { "type": "Polygon", "coordinates": [ [ [ 144.300303345059177, -13.900899503098104 ], [ 144.385213227657204, -14.774018388706406 ], [ 145.263736550009781, -14.686229073407354 ], [ 145.172886752244636, -13.813441773922806 ], [ 144.300303345059177, -13.900899503098104 ] ] ] } },
{ "type": "Feature", "properties": { "idx": "61,55" }, "geometry": { "type": "Polygon", "coordinates": [ [ [ 145.172886752244636, -13.813441773922806 ], [ 145.263736550009781, -14.686229073407354 ], [ 146.14100275365567, -14.59242330829759 ], [ 146.044238513686707, -13.719987837622378 ], [ 145.172886752244636, -13.813441773922806 ] ] ] } },
{ "type": "Feature", "properties": { "idx": "62,55" }, "geometry": { "type": "Polygon", "coordinates": [ [ [ 146.044238513686707, -13.719987837622378 ], [ 146.14100275365567, -14.59242330829759 ], [ 147.016931990064194, -14.492608366176563 ], [ 146.914280346171552, -13.620544452183514 ], [ 146.044238513686707, -13.719987837622378 ] ] ] } },
{ "type": "Feature", "properties": { "idx": "14,56" }, "geometry": { "type": "Polygon", "coordinates": [ [ [ 104.427310697088444, -10.547649802586511 ], [ 104.243012026210366, -11.415609658402287 ], [ 105.084587606346901, -11.603904317601138 ], [ 105.263635463515087, -10.735401103145897 ], [ 104.427310697088444, -10.547649802586511 ] ] ] } },
{ "type": "Feature", "properties": { "idx": "15,56" }, "geometry": { "type": "Polygon", "coordinates": [ [ [ 105.263635463515087, -10.735401103145897 ], [ 105.084587606346901, -11.603904317601138 ], [ 105.928540945780668, -11.786339391895602 ], [ 106.102292237472241, -10.91730036395796 ], [ 105.263635463515087, -10.735401103145897 ] ] ] } },
{ "type": "Feature", "properties": { "idx": "16,56" }, "geometry": { "type": "Polygon", "coordinates": [ [ [ 106.102292237472241, -10.91730036395796 ], [ 105.928540945780668, -11.786339391895602 ], [ 106.774808170427633, -11.962905394460673 ], [ 106.943218208860543, -11.093338988027222 ], [ 106.102292237472241, -10.91730036395796 ] ] ] } },
{ "type": "Feature", "properties": { "idx": "35,56" }, "geometry": { "type": "Polygon", "coordinates": [ [ [ 122.390102350400809, -13.25048794733743 ], [ 122.324061235998968, -14.127233035492713 ], [ 123.200775390056648, -14.190645677607396 ], [ 123.260872076371896, -13.313670050468623 ], [ 122.390102350400809, -13.25048794733743 ] ] ] } },
{ "type": "Feature", "properties": { "idx": "36,56" }, "geometry": { "type": "Polygon", "coordinates": [ [ [ 123.260872076371896, -13.313670050468623 ], [ 123.200775390056648, -14.190645677607396 ], [ 124.078320392120304, -14.248033929988644 ], [ 124.132455795991447, -13.370848659156156 ], [ 123.260872076371896, -13.313670050468623 ] ] ] } },
{ "type": "Feature", "properties": { "idx": "37,56" }, "geometry": { "type": "Polygon", "coordinates": [ [ [ 124.132455795991447, -13.370848659156156 ], [ 124.078320392120304, -14.248033929988644 ], [ 124.956614504958793, -14.299393376815535 ], [ 125.004773412160915, -13.42201967406211 ], [ 124.132455795991447, -13.370848659156156 ] ] ] } },
{ "type": "Feature", "properties": { "idx": "38,56" }, "geometry": { "type": "Polygon", "coordinates": [ [ [ 125.004773412160915, -13.42201967406211 ], [ 124.956614504958793, -14.299393376815535 ], [ 125.835575568545522, -14.344720037309672 ], [ 125.877744419164003, -13.467179398493142 ], [ 125.004773412160915, -13.42201967406211 ] ] ] } },
{ "type": "Feature", "properties": { "idx": "39,56" }, "geometry": { "type": "Polygon", "coordinates": [ [ [ 125.877744419164003, -13.467179398493142 ], [ 125.835575568545522, -14.344720037309672 ], [ 126.715121045516, -14.384010375599761 ], [ 126.751287946619797, -13.506324547965075 ], [ 125.877744419164003, -13.467179398493142 ] ] ] } },
{ "type": "Feature", "properties": { "idx": "40,56" }, "geometry": { "type": "Polygon", "coordinates": [ [ [ 126.751287946619797, -13.506324547965075 ], [ 126.715121045516, -14.384010375599761 ], [ 127.595168067156678, -14.417261309462287 ], [ 127.625322803942524, -13.539452258675921 ], [ 126.751287946619797, -13.506324547965075 ] ] ] } },
{ "type": "Feature", "properties": { "idx": "41,56" }, "geometry": { "type": "Polygon", "coordinates": [ [ [ 127.625322803942524, -13.539452258675921 ], [ 127.595168067156678, -14.417261309462287 ], [ 128.475633479861841, -14.444470217924019 ], [ 128.49976752524762, -13.566560094874022 ], [ 127.625322803942524, -13.539452258675921 ] ] ] } },
{ "type": "Feature", "properties": { "idx": "42,56" }, "geometry": { "type": "Polygon", "coordinates": [ [ [ 128.49976752524762, -13.566560094874022 ], [ 128.475633479861841, -14.444470217924019 ], [ 129.356433891993959, -14.465634947715445 ], [ 129.374540414642411, -13.587646055110762 ], [ 128.49976752524762, -13.566560094874022 ] ] ] } },
{ "type": "Feature", "properties": { "idx": "43,56" }, "geometry": { "type": "Polygon", "coordinates": [ [ [ 129.374540414642411, -13.587646055110762 ], [ 129.356433891993959, -14.465634947715445 ], [ 130.237485721082209, -14.480753818564404 ], [ 130.249559591838874, -13.602708577369727 ], [ 129.374540414642411, -13.587646055110762 ] ] ] } },
{ "type": "Feature", "properties": { "idx": "44,56" }, "geometry": { "type": "Polygon", "coordinates": [ [ [ 130.249559591838874, -13.602708577369727 ], [ 130.237485721082209, -14.480753818564404 ], [ 131.11870524129219, -14.489825627322288 ], [ 131.124743038025258, -13.611746543063388 ], [ 130.249559591838874, -13.602708577369727 ] ] ] } },
{ "type": "Feature", "properties": { "idx": "45,56" }, "geometry": { "type": "Polygon", "coordinates": [ [ [ 131.124743038025258, -13.611746543063388 ], [ 131.11870524129219, -14.489825627322288 ], [ 132.000008631100201, -14.49284965091581 ], [ 132.000008641932141, -13.61475927989242 ], [ 131.124743038025258, -13.611746543063388 ] ] ] } },
{ "type": "Feature", "properties": { "idx": "46,56" }, "geometry": { "type": "Polygon", "coordinates": [ [ [ 132.000008641932141, -13.61475927989242 ], [ 132.000008631100201, -14.49284965091581 ], [ 132.881312021103383, -14.489825648120043 ], [ 132.875274246028596, -13.61174656356272 ], [ 132.000008641932141, -13.61475927989242 ] ] ] } },
{ "type": "Feature", "properties": { "idx": "47,56" }, "geometry": { "type": "Polygon", "coordinates": [ [ [ 132.875274246028596, -13.61174656356272 ], [ 132.881312021103383, -14.489825648120043 ], [ 133.762531541898738, -14.480753860149822 ], [ 133.750457692783527, -13.602708618358413 ], [ 132.875274246028596, -13.61174656356272 ] ] ] } },
{ "type": "Feature", "properties": { "idx": "48,56" }, "geometry": { "type": "Polygon", "coordinates": [ [ [ 133.750457692783527, -13.602708618358413 ], [ 133.762531541898738, -14.480753860149822 ], [ 134.643583371961739, -14.465635010068246 ], [ 134.625476870926917, -13.587646116568992 ], [ 133.750457692783527, -13.602708618358413 ] ] ] } },
{ "type": "Feature", "properties": { "idx": "49,56" }, "geometry": { "type": "Polygon", "coordinates": [ [ [ 134.625476870926917, -13.587646116568992 ], [ 134.643583371961739, -14.465635010068246 ], [ 135.524383785457132, -14.444470301013867 ], [ 135.500249761645932, -13.566560176772064 ], [ 134.625476870926917, -13.587646116568992 ] ] ] } },
{ "type": "Feature", "properties": { "idx": "50,56" }, "geometry": { "type": "Polygon", "coordinates": [ [ [ 135.500249761645932, -13.566560176772064 ], [ 135.524383785457132, -14.444470301013867 ], [ 136.404849199912519, -14.417261413248639 ], [ 136.374694484651258, -13.539452360974195 ], [ 135.500249761645932, -13.566560176772064 ] ] ] } },
{ "type": "Feature", "properties": { "idx": "51,56" }, "geometry": { "type": "Polygon", "coordinates": [ [ [ 136.374694484651258, -13.539452360974195 ], [ 136.404849199912519, -14.417261413248639 ], [ 137.284896223688548, -14.384010500032234 ], [ 137.248729344048343, -13.506324670614136 ], [ 136.374694484651258, -13.539452360974195 ] ] ] } },
{ "type": "Feature", "properties": { "idx": "52,56" }, "geometry": { "type": "Polygon", "coordinates": [ [ [ 137.248729344048343, -13.506324670614136 ], [ 137.284896223688548, -14.384010500032234 ], [ 138.164441703177175, -14.344720182327793 ], [ 138.122272873950408, -13.467179541433747 ], [ 137.248729344048343, -13.506324670614136 ] ] ] } },
{ "type": "Feature", "properties": { "idx": "55,56" }, "geometry": { "type": "Polygon", "coordinates": [ [ [ 139.867561503120612, -13.370848842463529 ], [ 139.921696885775845, -14.24803411595706 ], [ 140.799241891488208, -14.190645883920881 ], [ 140.739145226285132, -13.313670253831997 ], [ 139.867561503120612, -13.370848842463529 ] ] ] } },
{ "type": "Feature", "properties": { "idx": "56,56" }, "geometry": { "type": "Polygon", "coordinates": [ [ [ 140.739145226285132, -13.313670253831997 ], [ 140.799241891488208, -14.190645883920881 ], [ 141.675956049564263, -14.127233262051629 ], [ 141.609914956160509, -13.250488170659203 ], [ 140.739145226285132, -13.313670253831997 ] ] ] } },
{ "type": "Feature", "properties": { "idx": "57,56" }, "geometry": { "type": "Polygon", "coordinates": [ [ [ 141.609914956160509, -13.250488170659203 ], [ 141.675956049564263, -14.127233262051629 ], [ 142.551758090427882, -14.057801090228635 ], [ 142.479791047649258, -13.181307084274179 ], [ 141.609914956160509, -13.250488170659203 ] ] ] } },
{ "type": "Feature", "properties": { "idx": "58,56" }, "geometry": { "type": "Polygon", "coordinates": [ [ [ 142.479791047649258, -13.181307084274179 ], [ 142.551758090427882, -14.057801090228635 ], [ 143.426567256372635, -13.982354620331675 ], [ 143.34869435042279, -13.106131866298734 ], [ 142.479791047649258, -13.181307084274179 ] ] ] } },
{ "type": "Feature", "properties": { "idx": "59,56" }, "geometry": { "type": "Polygon", "coordinates": [ [ [ 143.34869435042279, -13.106131866298734 ], [ 143.426567256372635, -13.982354620331675 ], [ 144.300303345059177, -13.900899503098104 ], [ 144.216546251006008, -13.024967755891922 ], [ 143.34869435042279, -13.106131866298734 ] ] ] } },
{ "type": "Feature", "properties": { "idx": "60,56" }, "geometry": { "type": "Polygon", "coordinates": [ [ [ 144.216546251006008, -13.024967755891922 ], [ 144.300303345059177, -13.900899503098104 ], [ 145.172886752244636, -13.813441773922806 ], [ 145.083268714128138, -12.937820345963454 ], [ 144.216546251006008, -13.024967755891922 ] ] ] } },
{ "type": "Feature", "properties": { "idx": "61,56" }, "geometry": { "type": "Polygon", "coordinates": [ [ [ 145.083268714128138, -12.937820345963454 ], [ 145.172886752244636, -13.813441773922806 ], [ 146.044238513686707, -13.719987837622378 ], [ 145.948784323287271, -12.844695568375396 ], [ 145.083268714128138, -12.937820345963454 ] ] ] } },
{ "type": "Feature", "properties": { "idx": "14,57" }, "geometry": { "type": "Polygon", "coordinates": [ [ [ 104.609215503051232, -9.67612561721714 ], [ 104.427310697088444, -10.547649802586511 ], [ 105.263635463515087, -10.735401103145897 ], [ 105.440351121067621, -9.863376624965298 ], [ 104.609215503051232, -9.67612561721714 ] ] ] } },
{ "type": "Feature", "properties": { "idx": "15,57" }, "geometry": { "type": "Polygon", "coordinates": [ [ [ 105.440351121067621, -9.863376624965298 ], [ 105.263635463515087, -10.735401103145897 ], [ 106.102292237472241, -10.91730036395796 ], [ 106.273774143245447, -10.044781942849747 ], [ 105.440351121067621, -9.863376624965298 ] ] ] } },
{ "type": "Feature", "properties": { "idx": "16,57" }, "geometry": { "type": "Polygon", "coordinates": [ [ [ 106.273774143245447, -10.044781942849747 ], [ 106.102292237472241, -10.91730036395796 ], [ 106.943218208860543, -11.093338988027222 ], [ 107.109422802057111, -10.220333851604259 ], [ 106.273774143245447, -10.044781942849747 ] ] ] } },
{ "type": "Feature", "properties": { "idx": "35,57" }, "geometry": { "type": "Polygon", "coordinates": [ [ [ 122.455249743402092, -12.37081519274469 ], [ 122.390102350400809, -13.25048794733743 ], [ 123.260872076371896, -13.313670050468623 ], [ 123.320154693531137, -12.433782122384994 ], [ 122.455249743402092, -12.37081519274469 ] ] ] } },
{ "type": "Feature", "properties": { "idx": "36,57" }, "geometry": { "type": "Polygon", "coordinates": [ [ [ 123.320154693531137, -12.433782122384994 ], [ 123.260872076371896, -13.313670050468623 ], [ 124.132455795991447, -13.370848659156156 ], [ 124.185857235060084, -12.490765014258988 ], [ 123.320154693531137, -12.433782122384994 ] ] ] } },
{ "type": "Feature", "properties": { "idx": "38,57" }, "geometry": { "type": "Polygon", "coordinates": [ [ [ 125.052278867626057, -12.541760078228521 ], [ 125.004773412160915, -13.42201967406211 ], [ 125.877744419164003, -13.467179398493142 ], [ 125.919340695860043, -12.586763895091554 ], [ 125.052278867626057, -12.541760078228521 ] ] ] } },
{ "type": "Feature", "properties": { "idx": "39,57" }, "geometry": { "type": "Polygon", "coordinates": [ [ [ 125.919340695860043, -12.586763895091554 ], [ 125.877744419164003, -13.467179398493142 ], [ 126.751287946619797, -13.506324547965075 ], [ 126.786963471894722, -12.625773425872643 ], [ 125.919340695860043, -12.586763895091554 ] ] ] } },
{ "type": "Feature", "properties": { "idx": "40,57" }, "geometry": { "type": "Polygon", "coordinates": [ [ [ 126.786963471894722, -12.625773425872643 ], [ 126.751287946619797, -13.506324547965075 ], [ 127.625322803942524, -13.539452258675921 ], [ 127.655067638355931, -12.658786020050368 ], [ 126.786963471894722, -12.625773425872643 ] ] ] } },
{ "type": "Feature", "properties": { "idx": "41,57" }, "geometry": { "type": "Polygon", "coordinates": [ [ [ 127.655067638355931, -12.658786020050368 ], [ 127.625322803942524, -13.539452258675921 ], [ 128.49976752524762, -13.566560094874022 ], [ 128.523573371779122, -12.685799422710751 ], [ 127.655067638355931, -12.658786020050368 ] ] ] } },
{ "type": "Feature", "properties": { "idx": "42,57" }, "geometry": { "type": "Polygon", "coordinates": [ [ [ 128.523573371779122, -12.685799422710751 ], [ 128.49976752524762, -13.566560094874022 ], [ 129.374540414642411, -13.587646055110762 ], [ 129.39240062639314, -12.706811780616466 ], [ 128.523573371779122, -12.685799422710751 ] ] ] } },
{ "type": "Feature", "properties": { "idx": "43,57" }, "geometry": { "type": "Polygon", "coordinates": [ [ [ 129.39240062639314, -12.706811780616466 ], [ 129.374540414642411, -13.587646055110762 ], [ 130.249559591838874, -13.602708577369727 ], [ 130.261469178210575, -12.721821647184937 ], [ 129.39240062639314, -12.706811780616466 ] ] ] } },
{ "type": "Feature", "properties": { "idx": "44,57" }, "geometry": { "type": "Polygon", "coordinates": [ [ [ 130.261469178210575, -12.721821647184937 ], [ 130.249559591838874, -13.602708577369727 ], [ 131.124743038025258, -13.611746543063388 ], [ 131.130698669365358, -12.730827986366236 ], [ 130.261469178210575, -12.721821647184937 ] ] ] } },
{ "type": "Feature", "properties": { "idx": "45,57" }, "geometry": { "type": "Polygon", "coordinates": [ [ [ 131.130698669365358, -12.730827986366236 ], [ 131.124743038025258, -13.611746543063388 ], [ 132.000008641932141, -13.61475927989242 ], [ 132.000008652635472, -12.733830175417653 ], [ 131.130698669365358, -12.730827986366236 ] ] ] } },
{ "type": "Feature", "properties": { "idx": "46,57" }, "geometry": { "type": "Polygon", "coordinates": [ [ [ 132.000008652635472, -12.733830175417653 ], [ 132.000008641932141, -13.61475927989242 ], [ 132.875274246028596, -13.61174656356272 ], [ 132.869318636089758, -12.730828006569908 ], [ 132.000008652635472, -12.733830175417653 ] ] ] } },
{ "type": "Feature", "properties": { "idx": "47,57" }, "geometry": { "type": "Polygon", "coordinates": [ [ [ 132.869318636089758, -12.730828006569908 ], [ 132.875274246028596, -13.61174656356272 ], [ 133.750457692783527, -13.602708618358413 ], [ 133.738548127796975, -12.721821687582628 ], [ 132.869318636089758, -12.730828006569908 ] ] ] } },
{ "type": "Feature", "properties": { "idx": "48,57" }, "geometry": { "type": "Polygon", "coordinates": [ [ [ 133.738548127796975, -12.721821687582628 ], [ 133.750457692783527, -13.602708618358413 ], [ 134.625476870926917, -13.587646116568992 ], [ 134.60761668053442, -12.706811841188674 ], [ 133.738548127796975, -12.721821687582628 ] ] ] } },
{ "type": "Feature", "properties": { "idx": "49,57" }, "geometry": { "type": "Polygon", "coordinates": [ [ [ 134.60761668053442, -12.706811841188674 ], [ 134.625476870926917, -13.587646116568992 ], [ 135.500249761645932, -13.566560176772064 ], [ 135.476443936435061, -12.685799503428376 ], [ 134.60761668053442, -12.706811841188674 ] ] ] } },
{ "type": "Feature", "properties": { "idx": "50,57" }, "geometry": { "type": "Polygon", "coordinates": [ [ [ 135.476443936435061, -12.685799503428376 ], [ 135.500249761645932, -13.566560176772064 ], [ 136.374694484651258, -13.539452360974195 ], [ 136.344949671510307, -12.658786120874611 ], [ 135.476443936435061, -12.685799503428376 ] ] ] } },
{ "type": "Feature", "properties": { "idx": "51,57" }, "geometry": { "type": "Polygon", "coordinates": [ [ [ 136.344949671510307, -12.658786120874611 ], [ 136.374694484651258, -13.539452360974195 ], [ 137.248729344048343, -13.506324670614136 ], [ 137.213053839987026, -12.62577354675509 ], [ 136.344949671510307, -12.658786120874611 ] ] ] } },
{ "type": "Feature", "properties": { "idx": "52,57" }, "geometry": { "type": "Polygon", "coordinates": [ [ [ 137.213053839987026, -12.62577354675509 ], [ 137.248729344048343, -13.506324670614136 ], [ 138.122272873950408, -13.467179541433747 ], [ 138.080676618398741, -12.586764035974259 ], [ 137.213053839987026, -12.62577354675509 ] ] ] } },
{ "type": "Feature", "properties": { "idx": "55,57" }, "geometry": { "type": "Polygon", "coordinates": [ [ [ 139.814160085026742, -12.490765194930288 ], [ 139.867561503120612, -13.370848842463529 ], [ 140.739145226285132, -13.313670253831997 ], [ 140.679862630000684, -12.433782322825762 ], [ 139.814160085026742, -12.490765194930288 ] ] ] } },
{ "type": "Feature", "properties": { "idx": "56,57" }, "geometry": { "type": "Polygon", "coordinates": [ [ [ 140.679862630000684, -12.433782322825762 ], [ 140.739145226285132, -13.313670253831997 ], [ 141.609914956160509, -13.250488170659203 ], [ 141.544767583924028, -12.370815412859278 ], [ 140.679862630000684, -12.433782322825762 ] ] ] } },
{ "type": "Feature", "properties": { "idx": "57,57" }, "geometry": { "type": "Polygon", "coordinates": [ [ [ 141.544767583924028, -12.370815412859278 ], [ 141.609914956160509, -13.250488170659203 ], [ 142.479791047649258, -13.181307084274179 ], [ 142.408796883404534, -12.301868615754621 ], [ 141.544767583924028, -12.370815412859278 ] ] ] } },
{ "type": "Feature", "properties": { "idx": "58,57" }, "geometry": { "type": "Polygon", "coordinates": [ [ [ 142.408796883404534, -12.301868615754621 ], [ 142.479791047649258, -13.181307084274179 ], [ 143.34869435042279, -13.106131866298734 ], [ 143.271872943397995, -12.226946431451891 ], [ 142.408796883404534, -12.301868615754621 ] ] ] } },
{ "type": "Feature", "properties": { "idx": "59,57" }, "geometry": { "type": "Polygon", "coordinates": [ [ [ 143.271872943397995, -12.226946431451891 ], [ 143.34869435042279, -13.106131866298734 ], [ 144.216546251006008, -13.024967755891922 ], [ 144.13391869793378, -12.146053696706053 ], [ 143.271872943397995, -12.226946431451891 ] ] ] } },
{ "type": "Feature", "properties": { "idx": "60,57" }, "geometry": { "type": "Polygon", "coordinates": [ [ [ 144.13391869793378, -12.146053696706053 ], [ 144.216546251006008, -13.024967755891922 ], [ 145.083268714128138, -12.937820345963454 ], [ 144.994857640140225, -12.059195571678734 ], [ 144.13391869793378, -12.146053696706053 ] ] ] } },
{ "type": "Feature", "properties": { "idx": "14,58" }, "geometry": { "type": "Polygon", "coordinates": [ [ [ 104.78877206072714, -8.800869072909149 ], [ 104.609215503051232, -9.67612561721714 ], [ 105.440351121067621, -9.863376624965298 ], [ 105.614779188214797, -8.987662708238501 ], [ 104.78877206072714, -8.800869072909149 ] ] ] } },
{ "type": "Feature", "properties": { "idx": "15,58" }, "geometry": { "type": "Polygon", "coordinates": [ [ [ 105.614779188214797, -8.987662708238501 ], [ 105.440351121067621, -9.863376624965298 ], [ 106.273774143245447, -10.044781942849747 ], [ 106.443030229664217, -9.168615793390686 ], [ 105.614779188214797, -8.987662708238501 ] ] ] } },
{ "type": "Feature", "properties": { "idx": "16,58" }, "geometry": { "type": "Polygon", "coordinates": [ [ [ 106.443030229664217, -9.168615793390686 ], [ 106.273774143245447, -10.044781942849747 ], [ 107.109422802057111, -10.220333851604259 ], [ 107.273464439161202, -9.343721476433521 ], [ 106.443030229664217, -9.168615793390686 ] ] ] } },
{ "type": "Feature", "properties": { "idx": "42,58" }, "geometry": { "type": "Polygon", "coordinates": [ [ [ 128.54705766738337, -11.802015248693193 ], [ 128.523573371779122, -12.685799422710751 ], [ 129.39240062639314, -12.706811780616466 ], [ 129.410019518617702, -11.822959116711438 ], [ 128.54705766738337, -11.802015248693193 ] ] ] } },
{ "type": "Feature", "properties": { "idx": "43,58" }, "geometry": { "type": "Polygon", "coordinates": [ [ [ 129.410019518617702, -11.822959116711438 ], [ 129.39240062639314, -12.706811780616466 ], [ 130.261469178210575, -12.721821647184937 ], [ 130.273217810366901, -11.837919981173641 ], [ 129.410019518617702, -11.822959116711438 ] ] ] } },
{ "type": "Feature", "properties": { "idx": "44,58" }, "geometry": { "type": "Polygon", "coordinates": [ [ [ 130.273217810366901, -11.837919981173641 ], [ 130.261469178210575, -12.721821647184937 ], [ 131.130698669365358, -12.730827986366236 ], [ 131.136573801177434, -11.846896886730544 ], [ 130.273217810366901, -11.837919981173641 ] ] ] } },
{ "type": "Feature", "properties": { "idx": "45,58" }, "geometry": { "type": "Polygon", "coordinates": [ [ [ 131.136573801177434, -11.846896886730544 ], [ 131.130698669365358, -12.730827986366236 ], [ 132.000008652635472, -12.733830175417653 ], [ 132.000008663217528, -11.849889259090951 ], [ 131.136573801177434, -11.846896886730544 ] ] ] } },
{ "type": "Feature", "properties": { "idx": "46,58" }, "geometry": { "type": "Polygon", "coordinates": [ [ [ 132.000008663217528, -11.849889259090951 ], [ 132.000008652635472, -12.733830175417653 ], [ 132.869318636089758, -12.730828006569908 ], [ 132.863443525436622, -11.846896906641382 ], [ 132.000008663217528, -11.849889259090951 ] ] ] } },
{ "type": "Feature", "properties": { "idx": "47,58" }, "geometry": { "type": "Polygon", "coordinates": [ [ [ 132.863443525436622, -11.846896906641382 ], [ 132.869318636089758, -12.730828006569908 ], [ 133.738548127796975, -12.721821687582628 ], [ 133.726799516783984, -11.837920020985852 ], [ 132.863443525436622, -11.846896906641382 ] ] ] } },
{ "type": "Feature", "properties": { "idx": "48,58" }, "geometry": { "type": "Polygon", "coordinates": [ [ [ 133.726799516783984, -11.837920020985852 ], [ 133.738548127796975, -12.721821687582628 ], [ 134.60761668053442, -12.706811841188674 ], [ 134.589997809427274, -11.822959176405904 ], [ 133.726799516783984, -11.837920020985852 ] ] ] } },
{ "type": "Feature", "properties": { "idx": "49,58" }, "geometry": { "type": "Polygon", "coordinates": [ [ [ 134.589997809427274, -11.822959176405904 ], [ 134.60761668053442, -12.706811841188674 ], [ 135.476443936435061, -12.685799503428376 ], [ 135.452959661912047, -11.802015328241447 ], [ 134.589997809427274, -11.822959176405904 ] ] ] } },
{ "type": "Feature", "properties": { "idx": "50,58" }, "geometry": { "type": "Polygon", "coordinates": [ [ [ 135.452959661912047, -11.802015328241447 ], [ 135.476443936435061, -12.685799503428376 ], [ 136.344949671510307, -12.658786120874611 ], [ 136.315606462202794, -11.775089810193869 ], [ 135.452959661912047, -11.802015328241447 ] ] ] } },
{ "type": "Feature", "properties": { "idx": "51,58" }, "geometry": { "type": "Polygon", "coordinates": [ [ [ 136.315606462202794, -11.775089810193869 ], [ 136.344949671510307, -12.658786120874611 ], [ 137.213053839987026, -12.62577354675509 ], [ 137.1778597705474, -11.742184330555759 ], [ 136.315606462202794, -11.775089810193869 ] ] ] } },
{ "type": "Feature", "properties": { "idx": "52,58" }, "geometry": { "type": "Polygon", "coordinates": [ [ [ 137.1778597705474, -11.742184330555759 ], [ 137.213053839987026, -12.62577354675509 ], [ 138.080676618398741, -12.586764035974259 ], [ 138.039641362105954, -11.703300967371595 ], [ 137.1778597705474, -11.742184330555759 ] ] ] } },
{ "type": "Feature", "properties": { "idx": "56,58" }, "geometry": { "type": "Polygon", "coordinates": [ [ [ 140.62137769790229, -11.550809771948652 ], [ 140.679862630000684, -12.433782322825762 ], [ 141.544767583924028, -12.370815412859278 ], [ 141.480495946186323, -11.488042821400128 ], [ 140.62137769790229, -11.550809771948652 ] ] ] } },
{ "type": "Feature", "properties": { "idx": "57,58" }, "geometry": { "type": "Polygon", "coordinates": [ [ [ 141.480495946186323, -11.488042821400128 ], [ 141.544767583924028, -12.370815412859278 ], [ 142.408796883404534, -12.301868615754621 ], [ 142.338756045515368, -11.419313680500618 ], [ 141.480495946186323, -11.488042821400128 ] ] ] } },
{ "type": "Feature", "properties": { "idx": "58,58" }, "geometry": { "type": "Polygon", "coordinates": [ [ [ 142.338756045515368, -11.419313680500618 ], [ 142.408796883404534, -12.301868615754621 ], [ 143.271872943397995, -12.226946431451891 ], [ 143.196081935395426, -11.344626485266147 ], [ 142.338756045515368, -11.419313680500618 ] ] ] } },
{ "type": "Feature", "properties": { "idx": "59,58" }, "geometry": { "type": "Polygon", "coordinates": [ [ [ 143.196081935395426, -11.344626485266147 ], [ 143.271872943397995, -12.226946431451891 ], [ 144.13391869793378, -12.146053696706053 ], [ 144.052398057326513, -11.263985678339846 ], [ 143.196081935395426, -11.344626485266147 ] ] ] } },
{ "type": "Feature", "properties": { "idx": "60,58" }, "geometry": { "type": "Polygon", "coordinates": [ [ [ 144.052398057326513, -11.263985678339846 ], [ 144.13391869793378, -12.146053696706053 ], [ 144.994857640140225, -12.059195571678734 ], [ 144.907629393552895, -11.177395995927895 ], [ 144.052398057326513, -11.263985678339846 ] ] ] } },
{ "type": "Feature", "properties": { "idx": "42,59" }, "geometry": { "type": "Polygon", "coordinates": [ [ [ 128.570226881688995, -10.915032322076256 ], [ 128.54705766738337, -11.802015248693193 ], [ 129.410019518617702, -11.822959116711438 ], [ 129.427401948746962, -10.935912767821357 ], [ 128.570226881688995, -10.915032322076256 ] ] ] } },
{ "type": "Feature", "properties": { "idx": "43,59" }, "geometry": { "type": "Polygon", "coordinates": [ [ [ 129.427401948746962, -10.935912767821357 ], [ 129.410019518617702, -11.822959116711438 ], [ 130.273217810366901, -11.837919981173641 ], [ 130.284808729080169, -10.950828251561626 ], [ 129.427401948746962, -10.935912767821357 ] ] ] } },
{ "type": "Feature", "properties": { "idx": "44,59" }, "geometry": { "type": "Polygon", "coordinates": [ [ [ 130.284808729080169, -10.950828251561626 ], [ 130.273217810366901, -11.837919981173641 ], [ 131.136573801177434, -11.846896886730544 ], [ 131.14237005459654, -10.959777896990381 ], [ 130.284808729080169, -10.950828251561626 ] ] ] } },
{ "type": "Feature", "properties": { "idx": "45,59" }, "geometry": { "type": "Polygon", "coordinates": [ [ [ 131.14237005459654, -10.959777896990381 ], [ 131.136573801177434, -11.846896886730544 ], [ 132.000008663217528, -11.849889259090951 ], [ 132.000008673685358, -10.962761177270529 ], [ 131.14237005459654, -10.959777896990381 ] ] ] } },
{ "type": "Feature", "properties": { "idx": "46,59" }, "geometry": { "type": "Polygon", "coordinates": [ [ [ 132.000008673685358, -10.962761177270529 ], [ 132.000008663217528, -11.849889259090951 ], [ 132.863443525436622, -11.846896906641382 ], [ 132.857647292948229, -10.959777916611147 ], [ 132.000008673685358, -10.962761177270529 ] ] ] } },
{ "type": "Feature", "properties": { "idx": "47,59" }, "geometry": { "type": "Polygon", "coordinates": [ [ [ 132.857647292948229, -10.959777916611147 ], [ 132.863443525436622, -11.846896906641382 ], [ 133.726799516783984, -11.837920020985852 ], [ 133.715208618986395, -10.950828290793805 ], [ 132.857647292948229, -10.959777916611147 ] ] ] } },
{ "type": "Feature", "properties": { "idx": "48,59" }, "geometry": { "type": "Polygon", "coordinates": [ [ [ 133.715208618986395, -10.950828290793805 ], [ 133.726799516783984, -11.837920020985852 ], [ 134.589997809427274, -11.822959176405904 ], [ 134.57261540018871, -10.935912826646277 ], [ 133.715208618986395, -10.950828290793805 ] ] ] } },
{ "type": "Feature", "properties": { "idx": "49,59" }, "geometry": { "type": "Polygon", "coordinates": [ [ [ 134.57261540018871, -10.935912826646277 ], [ 134.589997809427274, -11.822959176405904 ], [ 135.452959661912047, -11.802015328241447 ], [ 135.429790468462159, -10.915032400466007 ], [ 134.57261540018871, -10.935912826646277 ] ] ] } },
{ "type": "Feature", "properties": { "idx": "50,59" }, "geometry": { "type": "Polygon", "coordinates": [ [ [ 135.429790468462159, -10.915032400466007 ], [ 135.452959661912047, -11.802015328241447 ], [ 136.315606462202794, -11.775089810193869 ], [ 136.286656780850734, -10.888188235394173 ], [ 135.429790468462159, -10.915032400466007 ] ] ] } },
{ "type": "Feature", "properties": { "idx": "51,59" }, "geometry": { "type": "Polygon", "coordinates": [ [ [ 136.286656780850734, -10.888188235394173 ], [ 136.315606462202794, -11.775089810193869 ], [ 137.1778597705474, -11.742184330555759 ], [ 137.143137460984377, -10.85538189774341 ], [ 136.286656780850734, -10.888188235394173 ] ] ] } },
{ "type": "Feature", "properties": { "idx": "52,59" }, "geometry": { "type": "Polygon", "coordinates": [ [ [ 137.143137460984377, -10.85538189774341 ], [ 137.1778597705474, -11.742184330555759 ], [ 138.039641362105954, -11.703300967371595 ], [ 137.999155840304411, -10.816615292284759 ], [ 137.143137460984377, -10.85538189774341 ] ] ] } },
{ "type": "Feature", "properties": { "idx": "56,59" }, "geometry": { "type": "Polygon", "coordinates": [ [ [ 140.563674462430043, -10.664577865711578 ], [ 140.62137769790229, -11.550809771948652 ], [ 141.480495946186323, -11.488042821400128 ], [ 141.41708253484299, -10.601995783110301 ], [ 140.563674462430043, -10.664577865711578 ] ] ] } },
{ "type": "Feature", "properties": { "idx": "57,59" }, "geometry": { "type": "Polygon", "coordinates": [ [ [ 141.41708253484299, -10.601995783110301 ], [ 141.480495946186323, -11.488042821400128 ], [ 142.338756045515368, -11.419313680500618 ], [ 142.269649501110308, -10.533467796351664 ], [ 141.41708253484299, -10.601995783110301 ] ] ] } },
{ "type": "Feature", "properties": { "idx": "58,59" }, "geometry": { "type": "Polygon", "coordinates": [ [ [ 142.269649501110308, -10.533467796351664 ], [ 142.338756045515368, -11.419313680500618 ], [ 143.196081935395426, -11.344626485266147 ], [ 143.121300785861393, -10.458997684494744 ], [ 142.269649501110308, -10.533467796351664 ] ] ] } },
{ "type": "Feature", "properties": { "idx": "59,59" }, "geometry": { "type": "Polygon", "coordinates": [ [ [ 143.121300785861393, -10.458997684494744 ], [ 143.196081935395426, -11.344626485266147 ], [ 144.052398057326513, -11.263985678339846 ], [ 143.971962299308672, -10.378589503510803 ], [ 143.121300785861393, -10.458997684494744 ] ] ] } },
{ "type": "Feature", "properties": { "idx": "60,59" }, "geometry": { "type": "Polygon", "coordinates": [ [ [ 143.971962299308672, -10.378589503510803 ], [ 144.052398057326513, -11.263985678339846 ], [ 144.907629393552895, -11.177395995927895 ], [ 144.821560474770649, -10.292247573530327 ], [ 143.971962299308672, -10.378589503510803 ] ] ] } },
{ "type": "Feature", "properties": { "idx": "42,60" }, "geometry": { "type": "Polygon", "coordinates": [ [ [ 128.593087311962336, -10.024672728816441 ], [ 128.570226881688995, -10.915032322076256 ], [ 129.427401948746962, -10.935912767821357 ], [ 129.444552644733335, -10.045494784908151 ], [ 128.593087311962336, -10.024672728816441 ] ] ] } },
{ "type": "Feature", "properties": { "idx": "43,60" }, "geometry": { "type": "Polygon", "coordinates": [ [ [ 129.444552644733335, -10.045494784908151 ], [ 129.427401948746962, -10.935912767821357 ], [ 130.284808729080169, -10.950828251561626 ], [ 130.296245088704921, -10.060368484141438 ], [ 129.444552644733335, -10.045494784908151 ] ] ] } },
{ "type": "Feature", "properties": { "idx": "44,60" }, "geometry": { "type": "Polygon", "coordinates": [ [ [ 130.296245088704921, -10.060368484141438 ], [ 130.284808729080169, -10.950828251561626 ], [ 131.14237005459654, -10.959777896990381 ], [ 131.148089007519161, -10.069293027767413 ], [ 130.296245088704921, -10.060368484141438 ] ] ] } },
{ "type": "Feature", "properties": { "idx": "45,60" }, "geometry": { "type": "Polygon", "coordinates": [ [ [ 131.148089007519161, -10.069293027767413 ], [ 131.14237005459654, -10.959777896990381 ], [ 132.000008673685358, -10.962761177270529 ], [ 132.000008684045895, -10.072267935509251 ], [ 131.148089007519161, -10.069293027767413 ] ] ] } },
{ "type": "Feature", "properties": { "idx": "46,60" }, "geometry": { "type": "Polygon", "coordinates": [ [ [ 132.000008684045895, -10.072267935509251 ], [ 132.000008673685358, -10.962761177270529 ], [ 132.857647292948229, -10.959777916611147 ], [ 132.851928360741795, -10.0692930471007 ], [ 132.000008684045895, -10.072267935509251 ] ] ] } },
{ "type": "Feature", "properties": { "idx": "47,60" }, "geometry": { "type": "Polygon", "coordinates": [ [ [ 132.851928360741795, -10.0692930471007 ], [ 132.857647292948229, -10.959777916611147 ], [ 133.715208618986395, -10.950828290793805 ], [ 133.703772280063333, -10.060368522798928 ], [ 132.851928360741795, -10.0692930471007 ] ] ] } },
{ "type": "Feature", "properties": { "idx": "48,60" }, "geometry": { "type": "Polygon", "coordinates": [ [ [ 133.703772280063333, -10.060368522798928 ], [ 133.715208618986395, -10.950828290793805 ], [ 134.57261540018871, -10.935912826646277 ], [ 134.555464724879926, -10.045494842871546 ], [ 133.703772280063333, -10.060368522798928 ] ] ] } },
{ "type": "Feature", "properties": { "idx": "50,60" }, "geometry": { "type": "Polygon", "coordinates": [ [ [ 135.406930058832643, -10.024672806058332 ], [ 135.429790468462159, -10.915032400466007 ], [ 136.286656780850734, -10.888188235394173 ], [ 136.258092766585918, -9.997903527009482 ], [ 135.406930058832643, -10.024672806058332 ] ] ] } },
{ "type": "Feature", "properties": { "idx": "51,60" }, "geometry": { "type": "Polygon", "coordinates": [ [ [ 136.258092766585918, -9.997903527009482 ], [ 136.286656780850734, -10.888188235394173 ], [ 137.143137460984377, -10.85538189774341 ], [ 137.108877493917873, -9.965188432702904 ], [ 136.258092766585918, -9.997903527009482 ] ] ] } },
{ "type": "Feature", "properties": { "idx": "52,60" }, "geometry": { "type": "Polygon", "coordinates": [ [ [ 137.108877493917873, -9.965188432702904 ], [ 137.143137460984377, -10.85538189774341 ], [ 137.999155840304411, -10.816615292284759 ], [ 137.959209087596321, -9.926529257844592 ], [ 137.108877493917873, -9.965188432702904 ] ] ] } },
{ "type": "Feature", "properties": { "idx": "56,60" }, "geometry": { "type": "Polygon", "coordinates": [ [ [ 140.506737378751723, -9.774909088070727 ], [ 140.563674462430043, -10.664577865711578 ], [ 141.41708253484299, -10.601995783110301 ], [ 141.354510304571647, -9.712496875162401 ], [ 140.506737378751723, -9.774909088070727 ] ] ] } },
{ "type": "Feature", "properties": { "idx": "57,60" }, "geometry": { "type": "Polygon", "coordinates": [ [ [ 141.354510304571647, -9.712496875162401 ], [ 141.41708253484299, -10.601995783110301 ], [ 142.269649501110308, -10.533467796351664 ], [ 142.201458719534941, -9.644153639712613 ], [ 141.354510304571647, -9.712496875162401 ] ] ] } },
{ "type": "Feature", "properties": { "idx": "58,60" }, "geometry": { "type": "Polygon", "coordinates": [ [ [ 142.201458719534941, -9.644153639712613 ], [ 142.269649501110308, -10.533467796351664 ], [ 143.121300785861393, -10.458997684494744 ], [ 143.047509495225597, -9.56988281002481 ], [ 142.201458719534941, -9.644153639712613 ] ] ] } },
{ "type": "Feature", "properties": { "idx": "59,60" }, "geometry": { "type": "Polygon", "coordinates": [ [ [ 143.047509495225597, -9.56988281002481 ], [ 143.121300785861393, -10.458997684494744 ], [ 143.971962299308672, -10.378589503510803 ], [ 143.892589973037531, -9.489688062010847 ], [ 143.047509495225597, -9.56988281002481 ] ] ] } },
{ "type": "Feature", "properties": { "idx": "60,60" }, "geometry": { "type": "Polygon", "coordinates": [ [ [ 143.892589973037531, -9.489688062010847 ], [ 143.971962299308672, -10.378589503510803 ], [ 144.821560474770649, -10.292247573530327 ], [ 144.736628000517157, -9.403573306718881 ], [ 143.892589973037531, -9.489688062010847 ] ] ] } },
{ "type": "Feature", "properties": { "idx": "46,61" }, "geometry": { "type": "Polygon", "coordinates": [ [ [ 132.000008694305791, -9.178228522826716 ], [ 132.000008684045895, -10.072267935509251 ], [ 132.851928360741795, -10.0692930471007 ], [ 132.846285192740737, -9.175261290800121 ], [ 132.000008694305791, -9.178228522826716 ] ] ] } },
{ "type": "Feature", "properties": { "idx": "56,61" }, "geometry": { "type": "Polygon", "coordinates": [ [ [ 140.450551310886397, -8.881622767480952 ], [ 140.506737378751723, -9.774909088070727 ], [ 141.354510304571647, -9.712496875162401 ], [ 141.292762657669016, -8.819365490249893 ], [ 140.450551310886397, -8.881622767480952 ] ] ] } },
{ "type": "Feature", "properties": { "idx": "57,61" }, "geometry": { "type": "Polygon", "coordinates": [ [ [ 141.292762657669016, -8.819365490249893 ], [ 141.354510304571647, -9.712496875162401 ], [ 142.201458719534941, -9.644153639712613 ], [ 142.134165655930985, -8.751190670851152 ], [ 141.292762657669016, -8.819365490249893 ] ] ] } },
{ "type": "Feature", "properties": { "idx": "58,61" }, "geometry": { "type": "Polygon", "coordinates": [ [ [ 142.134165655930985, -8.751190670851152 ], [ 142.201458719534941, -9.644153639712613 ], [ 143.047509495225597, -9.56988281002481 ], [ 142.974688587251961, -8.677101392286744 ], [ 142.134165655930985, -8.751190670851152 ] ] ] } },
{ "type": "Feature", "properties": { "idx": "59,61" }, "geometry": { "type": "Polygon", "coordinates": [ [ [ 142.974688587251961, -8.677101392286744 ], [ 143.047509495225597, -9.56988281002481 ], [ 143.892589973037531, -9.489688062010847 ], [ 143.814260187858736, -8.597100956214964 ], [ 142.974688587251961, -8.677101392286744 ] ] ] } },
{ "type": "Feature", "properties": { "idx": "56,62" }, "geometry": { "type": "Polygon", "coordinates": [ [ [ 140.395101518370126, -7.9845346888487 ], [ 140.450551310886397, -8.881622767480952 ], [ 141.292762657669016, -8.819365490249893 ], [ 141.231823429479306, -7.922417448505779 ], [ 140.395101518370126, -7.9845346888487 ] ] ] } },
{ "type": "Feature", "properties": { "idx": "57,62" }, "geometry": { "type": "Polygon", "coordinates": [ [ [ 141.231823429479306, -7.922417448505779 ], [ 141.292762657669016, -8.819365490249893 ], [ 142.134165655930985, -8.751190670851152 ], [ 142.067752735453695, -7.854394745762404 ], [ 141.231823429479306, -7.922417448505779 ] ] ] } },
{ "type": "Feature", "properties": { "idx": "58,62" }, "geometry": { "type": "Polygon", "coordinates": [ [ [ 142.067752735453695, -7.854394745762404 ], [ 142.134165655930985, -8.751190670851152 ], [ 142.974688587251961, -8.677101392286744 ], [ 142.902819092074878, -7.780469323042435 ], [ 142.067752735453695, -7.854394745762404 ] ] ] } },
{ "type": "Feature", "properties": { "idx": "59,62" }, "geometry": { "type": "Polygon", "coordinates": [ [ [ 142.902819092074878, -7.780469323042435 ], [ 142.974688587251961, -8.677101392286744 ], [ 143.814260187858736, -8.597100956214964 ], [ 143.736952595190871, -7.700644112766744 ], [ 142.902819092074878, -7.780469323042435 ] ] ] } }
]
}
